ISO-10303-21;
HEADER;
FILE_DESCRIPTION(('STEP AP242'),
    '1');
FILE_NAME('fly adxl345 nozzle bracket v1',
    '',
    ('UNSPECIFIED'),
    ('UNSPECIFIED'),
    'C3D Converter',
    'C3D Toolkit',
    '');
FILE_SCHEMA(('AP242_MANAGED_MODEL_BASED_3D_ENGINEERING_MIM_LF { 1 0 10303 442 1 1 4 }'));
ENDSEC;

DATA;
#1=PRODUCT_DEFINITION('','UNSPECIFIED',#48,#51);
#2=SHAPE_DEFINITION_REPRESENTATION(#46,#3);
#3=SHAPE_REPRESENTATION('NONE',(#4),#8);
#4=AXIS2_PLACEMENT_3D('',#5,#6,#7);
#5=CARTESIAN_POINT('',(0.,0.,0.));
#6=DIRECTION('',(0.,0.,1.));
#7=DIRECTION('',(1.,0.,0.));
#8=(GEOMETRIC_REPRESENTATION_CONTEXT(3)GLOBAL_UNCERTAINTY_ASSIGNED_CONTEXT((#10))
GLOBAL_UNIT_ASSIGNED_CONTEXT((#9,#11,#12))REPRESENTATION_CONTEXT('NONE','NONE'));
#9=(LENGTH_UNIT()NAMED_UNIT(*)SI_UNIT(.MILLI.,.METRE.));
#10=UNCERTAINTY_MEASURE_WITH_UNIT(LENGTH_MEASURE(1.E-5),#9,'NONE','NONE');
#11=(NAMED_UNIT(*)PLANE_ANGLE_UNIT()SI_UNIT($,.RADIAN.));
#12=(NAMED_UNIT(*)SI_UNIT($,.STERADIAN.)SOLID_ANGLE_UNIT());
#13=MANIFOLD_SOLID_BREP('',#14);
#14=CLOSED_SHELL('',(#73,#74,#75,#76,#77,#78,#79,#80,#81,#82,#83,#84,#85,#86,#87,
#88,#89,#90,#91,#92,#93,#94,#95,#96,#97,#98,#99,#100,#101,#102,#103,#104,#105,#106,
#107,#108,#109,#110,#111,#112,#113,#114,#115,#116,#117,#118,#119,#120,#121,#122,
#123,#124,#125,#126,#127,#128,#129,#130,#131,#132,#133,#134,#135,#136,#137,#138,
#139,#140,#141,#142,#143,#144,#145,#146,#147,#148,#149,#150,#151,#152,#153,#154,
#155,#156,#157,#158,#159,#160,#161,#162,#163,#164,#165,#166,#167,#168,#169,#170,
#171,#172,#173,#174,#175,#176,#177,#178,#179,#180,#181,#182,#183,#184,#185,#186,
#187,#188,#189,#190,#191,#192,#193,#194,#195,#196,#197,#198));
#15=COLOUR_RGB('',0.564705882352941,0.564705882352941,0.564705882352941);
#16=FILL_AREA_STYLE_COLOUR('',#15);
#17=FILL_AREA_STYLE($,(#16));
#18=SURFACE_STYLE_FILL_AREA(#17);
#19=SURFACE_SIDE_STYLE('',(#18));
#20=SURFACE_STYLE_USAGE(.BOTH.,#19);
#21=PRESENTATION_STYLE_ASSIGNMENT((#20));
#22=MECHANICAL_DESIGN_GEOMETRIC_PRESENTATION_REPRESENTATION('NONE',(#23,#33,#43),
#8);
#23=STYLED_ITEM('',(#21),#13);
#24=MANIFOLD_SOLID_BREP('',#25);
#25=CLOSED_SHELL('',(#199,#200,#201,#202,#203,#204));
#26=COLOUR_RGB('',0.564705882352941,0.564705882352941,0.564705882352941);
#27=FILL_AREA_STYLE_COLOUR('',#26);
#28=FILL_AREA_STYLE($,(#27));
#29=SURFACE_STYLE_FILL_AREA(#28);
#30=SURFACE_SIDE_STYLE('',(#29));
#31=SURFACE_STYLE_USAGE(.BOTH.,#30);
#32=PRESENTATION_STYLE_ASSIGNMENT((#31));
#33=STYLED_ITEM('',(#32),#24);
#34=MANIFOLD_SOLID_BREP('',#35);
#35=CLOSED_SHELL('',(#205,#206,#207,#208,#209,#210));
#36=COLOUR_RGB('',0.564705882352941,0.564705882352941,0.564705882352941);
#37=FILL_AREA_STYLE_COLOUR('',#36);
#38=FILL_AREA_STYLE($,(#37));
#39=SURFACE_STYLE_FILL_AREA(#38);
#40=SURFACE_SIDE_STYLE('',(#39));
#41=SURFACE_STYLE_USAGE(.BOTH.,#40);
#42=PRESENTATION_STYLE_ASSIGNMENT((#41));
#43=STYLED_ITEM('',(#42),#34);
#44=ADVANCED_BREP_SHAPE_REPRESENTATION('NONE',(#13,#24,#34),#8);
#45=SHAPE_REPRESENTATION_RELATIONSHIP('','',#3,#44);
#46=PRODUCT_DEFINITION_SHAPE('NONE','NONE',#1);
#47=MECHANICAL_CONTEXT('NONE',#52,'mechanical');
#48=PRODUCT_DEFINITION_FORMATION_WITH_SPECIFIED_SOURCE('ANY','UNSPECIFIED',#49,.NOT_KNOWN.);
#49=PRODUCT('','\X2\0414043504420430043B044C\X0\','NONE',(#47));
#50=PRODUCT_RELATED_PRODUCT_CATEGORY('detail','',(#49));
#51=DESIGN_CONTEXT('detailed design',#52,'design');
#52=APPLICATION_CONTEXT('configuration controlled 3d designs of mechanical parts and assemblies');
#53=APPLICATION_PROTOCOL_DEFINITION('international standard','config_control_design',
1994,#52);
#54=CC_DESIGN_DATE_AND_TIME_ASSIGNMENT(#55,#59,(#1));
#55=DATE_AND_TIME(#56,#57);
#56=CALENDAR_DATE(0,1,1);
#57=LOCAL_TIME(0,0,0.,#58);
#58=COORDINATED_UNIVERSAL_TIME_OFFSET(0,0,.AHEAD.);
#59=DATE_TIME_ROLE('creation_date');
#60=CC_DESIGN_APPROVAL(#61,(#1));
#61=APPROVAL(#62,'UNSPECIFIED');
#62=APPROVAL_STATUS('not_yet_approved');
#63=APPROVAL_DATE_TIME(#64,#61);
#64=DATE_AND_TIME(#65,#66);
#65=CALENDAR_DATE(0,1,1);
#66=LOCAL_TIME(0,0,0.,#67);
#67=COORDINATED_UNIVERSAL_TIME_OFFSET(0,0,.AHEAD.);
#68=PERSON('UNSPECIFIED','UNSPECIFIED','UNSPECIFIED',('UNSPECIFIED'),('UNSPECIFIED'),
('UNSPECIFIED'));
#69=ORGANIZATION('UNSPECIFIED','UNSPECIFIED','UNSPECIFIED');
#70=PERSON_AND_ORGANIZATION(#68,#69);
#71=PERSON_AND_ORGANIZATION_ROLE('creator');
#72=CC_DESIGN_PERSON_AND_ORGANIZATION_ASSIGNMENT(#70,#71,(#48,#1));
#73=ADVANCED_FACE('',(#211),#213,.T.);
#74=ADVANCED_FACE('',(#218),#220,.T.);
#75=ADVANCED_FACE('',(#225),#227,.T.);
#76=ADVANCED_FACE('',(#232),#234,.T.);
#77=ADVANCED_FACE('',(#239),#241,.T.);
#78=ADVANCED_FACE('',(#246),#248,.T.);
#79=ADVANCED_FACE('',(#253),#255,.T.);
#80=ADVANCED_FACE('',(#260),#262,.T.);
#81=ADVANCED_FACE('',(#267),#269,.F.);
#82=ADVANCED_FACE('',(#274),#276,.T.);
#83=ADVANCED_FACE('',(#281,#283),#285,.T.);
#84=ADVANCED_FACE('',(#290),#292,.T.);
#85=ADVANCED_FACE('',(#297),#299,.T.);
#86=ADVANCED_FACE('',(#304),#306,.T.);
#87=ADVANCED_FACE('',(#311),#313,.T.);
#88=ADVANCED_FACE('',(#318),#320,.T.);
#89=ADVANCED_FACE('',(#325),#327,.T.);
#90=ADVANCED_FACE('',(#332,#334),#336,.T.);
#91=ADVANCED_FACE('',(#341),#343,.F.);
#92=ADVANCED_FACE('',(#348,#350),#352,.T.);
#93=ADVANCED_FACE('',(#357),#359,.T.);
#94=ADVANCED_FACE('',(#364),#366,.T.);
#95=ADVANCED_FACE('',(#371),#373,.T.);
#96=ADVANCED_FACE('',(#378,#380),#382,.T.);
#97=ADVANCED_FACE('',(#387),#389,.T.);
#98=ADVANCED_FACE('',(#394),#396,.F.);
#99=ADVANCED_FACE('',(#401),#403,.T.);
#100=ADVANCED_FACE('',(#408),#410,.F.);
#101=ADVANCED_FACE('',(#415),#417,.T.);
#102=ADVANCED_FACE('',(#422),#424,.T.);
#103=ADVANCED_FACE('',(#429),#431,.T.);
#104=ADVANCED_FACE('',(#436,#438),#440,.F.);
#105=ADVANCED_FACE('',(#445),#447,.T.);
#106=ADVANCED_FACE('',(#452),#454,.T.);
#107=ADVANCED_FACE('',(#459),#461,.T.);
#108=ADVANCED_FACE('',(#466),#468,.T.);
#109=ADVANCED_FACE('',(#473,#475),#477,.F.);
#110=ADVANCED_FACE('',(#482),#484,.T.);
#111=ADVANCED_FACE('',(#489),#491,.T.);
#112=ADVANCED_FACE('',(#496),#498,.T.);
#113=ADVANCED_FACE('',(#503),#505,.T.);
#114=ADVANCED_FACE('',(#510),#512,.T.);
#115=ADVANCED_FACE('',(#517),#519,.F.);
#116=ADVANCED_FACE('',(#524),#526,.F.);
#117=ADVANCED_FACE('',(#531),#533,.F.);
#118=ADVANCED_FACE('',(#538),#540,.T.);
#119=ADVANCED_FACE('',(#545),#547,.F.);
#120=ADVANCED_FACE('',(#552),#554,.F.);
#121=ADVANCED_FACE('',(#559),#561,.F.);
#122=ADVANCED_FACE('',(#566),#568,.F.);
#123=ADVANCED_FACE('',(#573,#575),#577,.T.);
#124=ADVANCED_FACE('',(#582),#584,.F.);
#125=ADVANCED_FACE('',(#589),#591,.T.);
#126=ADVANCED_FACE('',(#596),#598,.F.);
#127=ADVANCED_FACE('',(#603,#605),#607,.T.);
#128=ADVANCED_FACE('',(#612),#614,.F.);
#129=ADVANCED_FACE('',(#619),#621,.T.);
#130=ADVANCED_FACE('',(#626),#628,.T.);
#131=ADVANCED_FACE('',(#633),#635,.T.);
#132=ADVANCED_FACE('',(#640),#642,.T.);
#133=ADVANCED_FACE('',(#647),#649,.T.);
#134=ADVANCED_FACE('',(#654),#656,.T.);
#135=ADVANCED_FACE('',(#661),#663,.F.);
#136=ADVANCED_FACE('',(#668),#670,.F.);
#137=ADVANCED_FACE('',(#675),#677,.F.);
#138=ADVANCED_FACE('',(#682),#684,.F.);
#139=ADVANCED_FACE('',(#689),#691,.F.);
#140=ADVANCED_FACE('',(#696),#698,.F.);
#141=ADVANCED_FACE('',(#703),#705,.F.);
#142=ADVANCED_FACE('',(#710),#712,.F.);
#143=ADVANCED_FACE('',(#717),#719,.F.);
#144=ADVANCED_FACE('',(#724),#726,.F.);
#145=ADVANCED_FACE('',(#731),#733,.T.);
#146=ADVANCED_FACE('',(#738),#740,.T.);
#147=ADVANCED_FACE('',(#745),#747,.T.);
#148=ADVANCED_FACE('',(#752),#754,.T.);
#149=ADVANCED_FACE('',(#759),#761,.T.);
#150=ADVANCED_FACE('',(#766),#768,.T.);
#151=ADVANCED_FACE('',(#773),#775,.F.);
#152=ADVANCED_FACE('',(#780),#782,.T.);
#153=ADVANCED_FACE('',(#787),#789,.F.);
#154=ADVANCED_FACE('',(#794),#796,.T.);
#155=ADVANCED_FACE('',(#801),#803,.F.);
#156=ADVANCED_FACE('',(#808),#810,.T.);
#157=ADVANCED_FACE('',(#815),#817,.T.);
#158=ADVANCED_FACE('',(#822),#824,.F.);
#159=ADVANCED_FACE('',(#829),#831,.T.);
#160=ADVANCED_FACE('',(#836),#838,.T.);
#161=ADVANCED_FACE('',(#843),#845,.T.);
#162=ADVANCED_FACE('',(#850),#852,.T.);
#163=ADVANCED_FACE('',(#857),#859,.F.);
#164=ADVANCED_FACE('',(#864),#866,.F.);
#165=ADVANCED_FACE('',(#871),#873,.T.);
#166=ADVANCED_FACE('',(#878),#880,.T.);
#167=ADVANCED_FACE('',(#885),#887,.T.);
#168=ADVANCED_FACE('',(#892),#894,.T.);
#169=ADVANCED_FACE('',(#899),#901,.T.);
#170=ADVANCED_FACE('',(#906),#908,.F.);
#171=ADVANCED_FACE('',(#913),#915,.F.);
#172=ADVANCED_FACE('',(#920),#922,.F.);
#173=ADVANCED_FACE('',(#927),#929,.F.);
#174=ADVANCED_FACE('',(#934),#936,.F.);
#175=ADVANCED_FACE('',(#941),#943,.T.);
#176=ADVANCED_FACE('',(#948),#950,.F.);
#177=ADVANCED_FACE('',(#955),#957,.T.);
#178=ADVANCED_FACE('',(#962),#964,.F.);
#179=ADVANCED_FACE('',(#969),#971,.F.);
#180=ADVANCED_FACE('',(#976),#978,.T.);
#181=ADVANCED_FACE('',(#983),#985,.F.);
#182=ADVANCED_FACE('',(#990),#992,.T.);
#183=ADVANCED_FACE('',(#997),#999,.T.);
#184=ADVANCED_FACE('',(#1004),#1006,.T.);
#185=ADVANCED_FACE('',(#1011),#1013,.T.);
#186=ADVANCED_FACE('',(#1018),#1020,.T.);
#187=ADVANCED_FACE('',(#1025),#1027,.F.);
#188=ADVANCED_FACE('',(#1032),#1034,.T.);
#189=ADVANCED_FACE('',(#1039),#1041,.F.);
#190=ADVANCED_FACE('',(#1046),#1048,.T.);
#191=ADVANCED_FACE('',(#1053),#1055,.T.);
#192=ADVANCED_FACE('',(#1060),#1062,.T.);
#193=ADVANCED_FACE('',(#1067),#1069,.T.);
#194=ADVANCED_FACE('',(#1074),#1076,.T.);
#195=ADVANCED_FACE('',(#1081),#1083,.T.);
#196=ADVANCED_FACE('',(#1088),#1090,.T.);
#197=ADVANCED_FACE('',(#1095),#1097,.T.);
#198=ADVANCED_FACE('',(#1102),#1104,.T.);
#199=ADVANCED_FACE('',(#1109),#1111,.T.);
#200=ADVANCED_FACE('',(#1116),#1118,.T.);
#201=ADVANCED_FACE('',(#1123),#1125,.T.);
#202=ADVANCED_FACE('',(#1130),#1132,.T.);
#203=ADVANCED_FACE('',(#1137),#1139,.T.);
#204=ADVANCED_FACE('',(#1144),#1146,.F.);
#205=ADVANCED_FACE('',(#1151),#1153,.T.);
#206=ADVANCED_FACE('',(#1158),#1160,.F.);
#207=ADVANCED_FACE('',(#1165),#1167,.T.);
#208=ADVANCED_FACE('',(#1172),#1174,.T.);
#209=ADVANCED_FACE('',(#1179),#1181,.T.);
#210=ADVANCED_FACE('',(#1186),#1188,.T.);
#211=FACE_BOUND('',#212,.T.);
#212=EDGE_LOOP('',(#1193,#1194,#1195,#1196,#1197,#1198));
#213=PLANE('',#214);
#214=AXIS2_PLACEMENT_3D('',#215,#216,#217);
#215=CARTESIAN_POINT('',(-5.79524755825663,-11.7341730406446,-1.51797079299178E-15));
#216=DIRECTION('',(-0.694658370458997,-0.719339800338652,-1.22446027950813E-16));
#217=DIRECTION('',(-0.719339800338652,0.694658370458997,-2.13730336808386E-18));
#218=FACE_BOUND('',#219,.T.);
#219=EDGE_LOOP('',(#1199,#1200,#1201,#1202,#1203,#1204,#1205,#1206,#1207,#1208,#1209,
#1210,#1211,#1212,#1213,#1214,#1215,#1216));
#220=PLANE('',#221);
#221=AXIS2_PLACEMENT_3D('',#222,#223,#224);
#222=CARTESIAN_POINT('',(-5.83126048479365,4.29941050854975,-9.4));
#223=DIRECTION('',(8.65956056235493E-17,8.65956056235493E-17,-1.));
#224=DIRECTION('',(0.593439855738257,0.804878337154974,1.21088210768016E-16));
#225=FACE_BOUND('',#226,.T.);
#226=EDGE_LOOP('',(#1217,#1218,#1219,#1220,#1221,#1222));
#227=PLANE('',#228);
#228=AXIS2_PLACEMENT_3D('',#229,#230,#231);
#229=CARTESIAN_POINT('',(6.53798789822457,-3.85722609306914,-1.33224452423011));
#230=DIRECTION('',(0.328034437894272,-0.316779174424646,0.889968742263586));
#231=DIRECTION('',(-0.640189937367528,0.618224236260265,0.456021532160239));
#232=FACE_BOUND('',#233,.T.);
#233=EDGE_LOOP('',(#1223,#1224,#1225,#1226));
#234=PLANE('',#235);
#235=AXIS2_PLACEMENT_3D('',#236,#237,#238);
#236=CARTESIAN_POINT('',(-0.749915205470367,-6.22166713826101,-9.46762752423011));
#237=DIRECTION('',(0.694658370458997,0.719339800338652,-5.95739553584328E-17));
#238=DIRECTION('',(-2.72936879462259E-17,1.09174751784904E-16,1.));
#239=FACE_BOUND('',#240,.T.);
#240=EDGE_LOOP('',(#1227,#1228,#1229,#1230,#1231,#1232));
#241=PLANE('',#242);
#242=AXIS2_PLACEMENT_3D('',#243,#244,#245);
#243=CARTESIAN_POINT('',(-1.30564190183756,-6.79713897853193,-2.13224452423011));
#244=DIRECTION('',(-0.694658370458997,-0.719339800338652,5.05573736442561E-17));
#245=DIRECTION('',(6.79515201863552E-17,-1.3590304037271E-16,-1.));
#246=FACE_BOUND('',#247,.T.);
#247=EDGE_LOOP('',(#1233,#1234,#1235,#1236));
#248=PLANE('',#249);
#249=AXIS2_PLACEMENT_3D('',#250,#251,#252);
#250=CARTESIAN_POINT('',(-1.30564190183756,-6.79713897853193,-8.66762752423011));
#251=DIRECTION('',(2.12751921967495E-16,2.20311064514547E-16,1.));
#252=DIRECTION('',(-0.694658370458997,-0.719339800338651,3.0626842058625E-16));
#253=FACE_BOUND('',#254,.T.);
#254=EDGE_LOOP('',(#1237,#1238,#1239,#1240,#1241,#1242));
#255=PLANE('',#256);
#256=AXIS2_PLACEMENT_3D('',#257,#258,#259);
#257=CARTESIAN_POINT('',(2.1775670043574,-8.37257410955437,-1.33224452423011));
#258=DIRECTION('',(0.328034437894273,-0.316779174424647,0.889968742263585));
#259=DIRECTION('',(-0.640189937367528,0.618224236260265,0.45602153216024));
#260=FACE_BOUND('',#261,.T.);
#261=EDGE_LOOP('',(#1243,#1244,#1245,#1246));
#262=PLANE('',#263);
#263=AXIS2_PLACEMENT_3D('',#264,#265,#266);
#264=CARTESIAN_POINT('',(-5.33466045049975,-10.9693098204961,-8.66762752423011));
#265=DIRECTION('',(0.694658370458997,0.719339800338651,-9.44061845657303E-17));
#266=DIRECTION('',(1.3590304037271E-16,0.,1.));
#267=FACE_BOUND('',#268,.T.);
#268=EDGE_LOOP('',(#1247,#1248,#1249,#1250,#1251,#1252,#1253,#1254,#1255,#1256,#1257,
#1258,#1259,#1260,#1261,#1262,#1263,#1264,#1265,#1266,#1267,#1268,#1269,#1270));
#269=PLANE('',#270);
#270=AXIS2_PLACEMENT_3D('',#271,#272,#273);
#271=CARTESIAN_POINT('',(0.,0.,0.));
#272=DIRECTION('',(8.65956056235493E-17,8.65956056235493E-17,-1.));
#273=DIRECTION('',(0.707106781186547,0.707106781186548,1.22464679914735E-16));
#274=FACE_BOUND('',#275,.T.);
#275=EDGE_LOOP('',(#1271,#1272,#1273,#1274));
#276=CYLINDRICAL_SURFACE('',#277,0.800000000000001);
#277=AXIS2_PLACEMENT_3D('',#278,#279,#280);
#278=CARTESIAN_POINT('',(-5.23952086188943,-11.1587012003737,-1.42001397063112E-15));
#279=DIRECTION('',(8.65956056235493E-17,8.65956056235493E-17,-1.));
#280=DIRECTION('',(0.719339800338652,-0.694658370458997,2.13730336808384E-18));
#281=FACE_BOUND('',#282,.T.);
#282=EDGE_LOOP('',(#1275,#1276,#1277,#1278,#1279,#1280,#1281,#1282));
#283=FACE_BOUND('',#284,.T.);
#284=EDGE_LOOP('',(#1283,#1284,#1285));
#285=PLANE('',#286);
#286=AXIS2_PLACEMENT_3D('',#287,#288,#289);
#287=CARTESIAN_POINT('',(0.0181529663256632,-6.86586580293425,-5.92981840222273E-16));
#288=DIRECTION('',(0.719339800338651,-0.694658370458997,2.13730336808384E-18));
#289=DIRECTION('',(-0.694658370458997,-0.719339800338651,-1.22446027950813E-16));
#290=FACE_BOUND('',#291,.T.);
#291=EDGE_LOOP('',(#1286,#1287,#1288,#1289,#1290));
#292=CYLINDRICAL_SURFACE('',#293,7.24489679447154);
#293=AXIS2_PLACEMENT_3D('',#294,#295,#296);
#294=CARTESIAN_POINT('',(-8.65956056235497E-17,-8.65956056235497E-17,1.));
#295=DIRECTION('',(8.65956056235493E-17,8.65956056235493E-17,-1.));
#296=DIRECTION('',(0.593439857356164,-0.804878335962085,-1.83096431070017E-17));
#297=FACE_BOUND('',#298,.T.);
#298=EDGE_LOOP('',(#1291,#1292,#1293,#1294));
#299=CYLINDRICAL_SURFACE('',#300,0.8);
#300=AXIS2_PLACEMENT_3D('',#301,#302,#303);
#301=CARTESIAN_POINT('',(-3.36923738100894,-12.9648129635671,-12.6));
#302=DIRECTION('',(6.1390201209E-17,1.22780402418E-16,-1.));
#303=DIRECTION('',(0.71933980033865,-0.694658370458998,-4.11300191875563E-17));
#304=FACE_BOUND('',#305,.T.);
#305=EDGE_LOOP('',(#1295,#1296,#1297,#1298,#1299,#1300));
#306=PLANE('',#307);
#307=AXIS2_PLACEMENT_3D('',#308,#309,#310);
#308=CARTESIAN_POINT('',(-8.65956056235493E-17,-8.65956056235493E-17,1.));
#309=DIRECTION('',(-8.65956056235493E-17,-8.65956056235493E-17,1.));
#310=DIRECTION('',(0.707106781186548,-0.707106781186548,7.49879891330929E-33));
#311=FACE_BOUND('',#312,.T.);
#312=EDGE_LOOP('',(#1301,#1302,#1303,#1304));
#313=CYLINDRICAL_SURFACE('',#314,0.800000000000001);
#314=AXIS2_PLACEMENT_3D('',#315,#316,#317);
#315=CARTESIAN_POINT('',(-7.10980434276992,-9.35258943718032,-1.42557095938814E-15));
#316=DIRECTION('',(8.65956056235493E-17,8.65956056235493E-17,-1.));
#317=DIRECTION('',(-0.694658370458997,-0.719339800338652,-1.22446027950813E-16));
#318=FACE_BOUND('',#319,.T.);
#319=EDGE_LOOP('',(#1305,#1306,#1307,#1308,#1309));
#320=CYLINDRICAL_SURFACE('',#321,0.8);
#321=AXIS2_PLACEMENT_3D('',#322,#323,#324);
#322=CARTESIAN_POINT('',(0.70850953911066,-8.74218241581712,-12.6));
#323=DIRECTION('',(9.20853018135E-17,0.,1.));
#324=DIRECTION('',(0.719339800338651,-0.694658370458998,-6.62406226206481E-17));
#325=FACE_BOUND('',#326,.T.);
#326=EDGE_LOOP('',(#1310,#1311,#1312,#1313,#1314,#1315));
#327=PLANE('',#328);
#328=AXIS2_PLACEMENT_3D('',#329,#330,#331);
#329=CARTESIAN_POINT('',(5.31051838023583,-5.12830798820038,1.57786192492138E-17));
#330=DIRECTION('',(0.719339800338651,-0.694658370458997,2.13730336808384E-18));
#331=DIRECTION('',(-0.694658370458997,-0.719339800338651,1.24677922342153E-16));
#332=FACE_BOUND('',#333,.T.);
#333=EDGE_LOOP('',(#1316,#1317,#1318,#1319,#1320,#1321));
#334=FACE_BOUND('',#335,.T.);
#335=EDGE_LOOP('',(#1322,#1323,#1324));
#336=PLANE('',#337);
#337=AXIS2_PLACEMENT_3D('',#338,#339,#340);
#338=CARTESIAN_POINT('',(-7.68527618304084,-8.79686274081312,-1.42728080208261E-15));
#339=DIRECTION('',(-0.719339800338651,0.694658370458997,-2.13730336808381E-18));
#340=DIRECTION('',(0.694658370458997,0.719339800338651,1.22446027950813E-16));
#341=FACE_BOUND('',#342,.T.);
#342=EDGE_LOOP('',(#1325,#1326,#1327,#1328));
#343=CYLINDRICAL_SURFACE('',#344,4.04145188432738);
#344=AXIS2_PLACEMENT_3D('',#345,#346,#347);
#345=CARTESIAN_POINT('',(0.,0.,0.));
#346=DIRECTION('',(-8.65956056235493E-17,-8.65956056235493E-17,1.));
#347=DIRECTION('',(-0.58372787883597,-0.811949360163341,-1.20859515766149E-16));
#348=FACE_BOUND('',#349,.T.);
#349=EDGE_LOOP('',(#1329,#1330,#1331,#1332,#1333,#1334));
#350=FACE_BOUND('',#351,.T.);
#351=EDGE_LOOP('',(#1335,#1336,#1337));
#352=PLANE('',#353);
#353=AXIS2_PLACEMENT_3D('',#354,#355,#356);
#354=CARTESIAN_POINT('',(-3.28145442634664,-2.3591079206224,-4.88447912493173E-16));
#355=DIRECTION('',(0.694658370458997,-0.719339800338651,-2.13730336808378E-18));
#356=DIRECTION('',(-0.719339800338651,-0.694658370458997,-1.22446027950813E-16));
#357=FACE_BOUND('',#358,.T.);
#358=EDGE_LOOP('',(#1338,#1339,#1340,#1341));
#359=CYLINDRICAL_SURFACE('',#360,0.8);
#360=AXIS2_PLACEMENT_3D('',#361,#362,#363);
#361=CARTESIAN_POINT('',(-9.35258961939951,-7.10980415407639,-1.42557095882749E-15));
#362=DIRECTION('',(8.65956056235493E-17,8.65956056235493E-17,-1.));
#363=DIRECTION('',(0.694658370458996,-0.719339800338653,-2.13730336808409E-18));
#364=FACE_BOUND('',#365,.T.);
#365=EDGE_LOOP('',(#1342,#1343,#1344,#1345));
#366=PLANE('',#367);
#367=AXIS2_PLACEMENT_3D('',#368,#369,#370);
#368=CARTESIAN_POINT('',(-9.92806145967043,-7.66553085044359,-1.52352778118814E-15));
#369=DIRECTION('',(-0.719339800338651,-0.694658370458998,-1.22446027950813E-16));
#370=DIRECTION('',(-0.694658370458998,0.719339800338651,2.13730336808369E-18));
#371=FACE_BOUND('',#372,.T.);
#372=EDGE_LOOP('',(#1346,#1347,#1348,#1349));
#373=CYLINDRICAL_SURFACE('',#374,0.800000000000001);
#374=AXIS2_PLACEMENT_3D('',#375,#376,#377);
#375=CARTESIAN_POINT('',(-11.1587013825929,-5.2395206731959,-1.42001397007048E-15));
#376=DIRECTION('',(8.65956056235493E-17,8.65956056235493E-17,-1.));
#377=DIRECTION('',(-0.719339800338651,-0.694658370458998,-1.22446027950813E-16));
#378=FACE_BOUND('',#379,.T.);
#379=EDGE_LOOP('',(#1350,#1351,#1352,#1353,#1354,#1355));
#380=FACE_BOUND('',#381,.T.);
#381=EDGE_LOOP('',(#1356,#1357,#1358));
#382=PLANE('',#383);
#383=AXIS2_PLACEMENT_3D('',#384,#385,#386);
#384=CARTESIAN_POINT('',(-11.7144280789601,-4.66404883292498,-1.41830412737601E-15));
#385=DIRECTION('',(-0.694658370458997,0.719339800338651,2.13730336808375E-18));
#386=DIRECTION('',(0.719339800338651,0.694658370458997,1.22446027950813E-16));
#387=FACE_BOUND('',#388,.T.);
#388=EDGE_LOOP('',(#1359,#1360,#1361,#1362));
#389=CYLINDRICAL_SURFACE('',#390,7.24489679447154);
#390=AXIS2_PLACEMENT_3D('',#391,#392,#393);
#391=CARTESIAN_POINT('',(-8.65956056235497E-17,-8.65956056235497E-17,1.));
#392=DIRECTION('',(8.65956056235493E-17,8.65956056235493E-17,-1.));
#393=DIRECTION('',(-0.998897181838421,-0.0469512525419794,-9.05658785656117E-17));
#394=FACE_BOUND('',#395,.T.);
#395=EDGE_LOOP('',(#1363,#1364,#1365,#1366));
#396=PLANE('',#397);
#397=AXIS2_PLACEMENT_3D('',#398,#399,#400);
#398=CARTESIAN_POINT('',(1.9268196717162,6.98397423877248,-1.4));
#399=DIRECTION('',(0.197422634008877,-0.980318470488543,-1.32491067983883E-16));
#400=DIRECTION('',(-0.980318470488543,-0.197422634008877,-2.03914485937816E-16));
#401=FACE_BOUND('',#402,.T.);
#402=EDGE_LOOP('',(#1367,#1368,#1369,#1370));
#403=CYLINDRICAL_SURFACE('',#404,7.24489679447154);
#404=AXIS2_PLACEMENT_3D('',#405,#406,#407);
#405=CARTESIAN_POINT('',(-8.65956056235497E-17,-8.65956056235497E-17,1.));
#406=DIRECTION('',(8.65956056235493E-17,8.65956056235493E-17,-1.));
#407=DIRECTION('',(0.512431759432888,0.8587279498913,1.18736405435538E-16));
#408=FACE_BOUND('',#409,.T.);
#409=EDGE_LOOP('',(#1371,#1372,#1373,#1374));
#410=PLANE('',#411);
#411=AXIS2_PLACEMENT_3D('',#412,#413,#414);
#412=CARTESIAN_POINT('',(5.69374178944253,-4.47993690249159,-1.4));
#413=DIRECTION('',(-0.980318473934217,0.197422616899094,-1.32491071462525E-16));
#414=DIRECTION('',(0.197422616899094,0.980318473934218,2.03914484754564E-16));
#415=FACE_BOUND('',#416,.T.);
#416=EDGE_LOOP('',(#1375,#1376,#1377,#1378));
#417=PLANE('',#418);
#418=AXIS2_PLACEMENT_3D('',#419,#420,#421);
#419=CARTESIAN_POINT('',(11.06371267436,-7.19349766900635,3.35143612281944E-16));
#420=DIRECTION('',(-0.197422624468704,-0.980318472409803,-1.01987203551938E-16));
#421=DIRECTION('',(-0.980318472409803,0.197422624468704,-6.77953400926217E-17));
#422=FACE_BOUND('',#423,.T.);
#423=EDGE_LOOP('',(#1379,#1380,#1381,#1382,#1383,#1384,#1385));
#424=CYLINDRICAL_SURFACE('',#425,1.6);
#425=AXIS2_PLACEMENT_3D('',#426,#427,#428);
#426=CARTESIAN_POINT('',(11.3795888735099,-5.62498811315067,4.98323137965044E-16));
#427=DIRECTION('',(8.65956056235493E-17,8.65956056235493E-17,-1.));
#428=DIRECTION('',(0.980318470488544,-0.197422634008877,6.7795339100112E-17));
#429=FACE_BOUND('',#430,.T.);
#430=EDGE_LOOP('',(#1386,#1387,#1388,#1389,#1390,#1391));
#431=PLANE('',#432);
#432=AXIS2_PLACEMENT_3D('',#433,#434,#435);
#433=CARTESIAN_POINT('',(8.05041070380885,-2.9804550827013,4.39035877494326E-16));
#434=DIRECTION('',(-0.707106781186548,-0.707106781186547,-1.22464679914735E-16));
#435=DIRECTION('',(0.707106781186547,-0.707106781186548,-8.51387422485639E-32));
#436=FACE_BOUND('',#437,.T.);
#437=EDGE_LOOP('',(#1392,#1393,#1394,#1395));
#438=FACE_OUTER_BOUND('',#439,.T.);
#439=EDGE_LOOP('',(#1396));
#440=CYLINDRICAL_SURFACE('',#441,1.6);
#441=AXIS2_PLACEMENT_3D('',#442,#443,#444);
#442=CARTESIAN_POINT('',(9.18178155370732,-1.84908423280283,1.));
#443=DIRECTION('',(8.65956056235493E-17,8.65956056235493E-17,-1.));
#444=DIRECTION('',(-0.707106781186548,0.707106781186548,-7.49879891330929E-33));
#445=FACE_BOUND('',#446,.T.);
#446=EDGE_LOOP('',(#1397,#1398,#1399,#1400,#1401,#1402));
#447=PLANE('',#448);
#448=AXIS2_PLACEMENT_3D('',#449,#450,#451);
#449=CARTESIAN_POINT('',(11.4314134731512,2.66328938643802,1.2205393302101E-15));
#450=DIRECTION('',(-0.707106781186548,0.707106781186547,-4.54967673218792E-32));
#451=DIRECTION('',(-0.707106781186547,-0.707106781186548,-1.22464679914735E-16));
#452=FACE_BOUND('',#453,.T.);
#453=EDGE_LOOP('',(#1403,#1404,#1405,#1406,#1407,#1408));
#454=PLANE('',#455);
#455=AXIS2_PLACEMENT_3D('',#456,#457,#458);
#456=CARTESIAN_POINT('',(5.70780176714699,3.81594589318617,8.24714696452411E-16));
#457=DIRECTION('',(0.197422624468704,0.980318472409803,1.01987203551938E-16));
#458=DIRECTION('',(0.980318472409803,-0.197422624468704,6.77953400926216E-17));
#459=FACE_BOUND('',#460,.T.);
#460=EDGE_LOOP('',(#1409,#1410,#1411,#1412,#1413,#1414));
#461=PLANE('',#462);
#462=AXIS2_PLACEMENT_3D('',#463,#464,#465);
#463=CARTESIAN_POINT('',(2.35027799358918,12.9856975787505,1.32802809251471E-15));
#464=DIRECTION('',(0.980318472012959,0.197422626439267,1.01987203688215E-16));
#465=DIRECTION('',(0.197422626439267,-0.980318472012959,-6.77953398876146E-17));
#466=FACE_BOUND('',#467,.T.);
#467=EDGE_LOOP('',(#1415,#1416,#1417,#1418,#1419,#1420));
#468=PLANE('',#469);
#469=AXIS2_PLACEMENT_3D('',#470,#471,#472);
#470=CARTESIAN_POINT('',(-0.717713382904348,8.05041070380884,6.34979365357902E-16));
#471=DIRECTION('',(0.707106781186548,-0.707106781186548,0.));
#472=DIRECTION('',(0.707106781186548,0.707106781186548,1.22464679914735E-16));
#473=FACE_BOUND('',#474,.T.);
#474=EDGE_LOOP('',(#1421,#1422,#1423,#1424,#1425));
#475=FACE_OUTER_BOUND('',#476,.T.);
#476=EDGE_LOOP('',(#1426));
#477=CYLINDRICAL_SURFACE('',#478,1.6);
#478=AXIS2_PLACEMENT_3D('',#479,#480,#481);
#479=CARTESIAN_POINT('',(-1.84908423280282,9.18178155370732,1.));
#480=DIRECTION('',(8.65956056235493E-17,8.65956056235493E-17,-1.));
#481=DIRECTION('',(-0.707106781186548,0.707106781186548,-7.49879891330929E-33));
#482=FACE_BOUND('',#483,.T.);
#483=EDGE_LOOP('',(#1427,#1428,#1429,#1430,#1431,#1432));
#484=PLANE('',#485);
#485=AXIS2_PLACEMENT_3D('',#486,#487,#488);
#486=CARTESIAN_POINT('',(-7.04564981731679,12.1156054384243,4.39035877494326E-16));
#487=DIRECTION('',(-0.707106781186547,-0.707106781186548,-1.22464679914735E-16));
#488=DIRECTION('',(0.707106781186548,-0.707106781186547,8.51387422485639E-32));
#489=FACE_BOUND('',#490,.T.);
#490=EDGE_LOOP('',(#1433,#1434,#1435,#1436,#1437,#1438,#1439));
#491=CYLINDRICAL_SURFACE('',#492,1.6);
#492=AXIS2_PLACEMENT_3D('',#493,#494,#495);
#493=CARTESIAN_POINT('',(-5.62498813732184,11.3795888686422,4.98323135450402E-16));
#494=DIRECTION('',(8.65956056235493E-17,8.65956056235493E-17,-1.));
#495=DIRECTION('',(-0.980318472012958,-0.197422626439267,-1.01987203688215E-16));
#496=FACE_BOUND('',#497,.T.);
#497=EDGE_LOOP('',(#1440,#1441,#1442,#1443));
#498=PLANE('',#499);
#499=AXIS2_PLACEMENT_3D('',#500,#501,#502);
#500=CARTESIAN_POINT('',(-5.72782981438164,3.78581691187669,-1.68169783421163E-16));
#501=DIRECTION('',(-0.980318472012959,-0.197422626439267,-1.01987203688215E-16));
#502=DIRECTION('',(-0.197422626439267,0.980318472012959,6.77953398876146E-17));
#503=FACE_BOUND('',#504,.T.);
#504=EDGE_LOOP('',(#1444,#1445,#1446,#1447));
#505=PLANE('',#506);
#506=AXIS2_PLACEMENT_3D('',#507,#508,#509);
#507=CARTESIAN_POINT('',(-5.41808973163625,-4.42243265079706,-8.52145995358905E-16));
#508=DIRECTION('',(0.71933980033865,0.694658370458998,1.22446027950813E-16));
#509=DIRECTION('',(-0.694658370458998,0.71933980033865,2.13730336808366E-18));
#510=FACE_BOUND('',#511,.T.);
#511=EDGE_LOOP('',(#1448,#1449,#1450,#1451));
#512=PLANE('',#513);
#513=AXIS2_PLACEMENT_3D('',#514,#515,#516);
#514=CARTESIAN_POINT('',(-1.4012056748876,-8.33565470205117,-8.43169321212953E-16));
#515=DIRECTION('',(0.694658370458997,0.719339800338652,1.22446027950813E-16));
#516=DIRECTION('',(-0.719339800338652,0.694658370458997,-2.13730336808382E-18));
#517=FACE_BOUND('',#518,.T.);
#518=EDGE_LOOP('',(#1452,#1453,#1454,#1455));
#519=CYLINDRICAL_SURFACE('',#520,1.55);
#520=AXIS2_PLACEMENT_3D('',#521,#522,#523);
#521=CARTESIAN_POINT('',(-7.15171453040234,-5.18312667836841,-5.39993602423011));
#522=DIRECTION('',(0.719339800338652,-0.694658370458997,2.13730336808384E-18));
#523=DIRECTION('',(-0.293575313027008,-0.304006136020023,0.90630778703665));
#524=FACE_BOUND('',#525,.T.);
#525=EDGE_LOOP('',(#1456,#1457,#1458,#1459));
#526=PLANE('',#527);
#527=AXIS2_PLACEMENT_3D('',#528,#529,#530);
#528=CARTESIAN_POINT('',(-7.15171453040234,-5.18312667836842,-3.68970024983825));
#529=DIRECTION('',(-0.293575313027008,-0.304006136020022,0.90630778703665));
#530=DIRECTION('',(-0.629574290477179,-0.651943262572309,-0.422618261740699));
#531=FACE_BOUND('',#532,.T.);
#532=EDGE_LOOP('',(#1460,#1461,#1462,#1463));
#533=PLANE('',#534);
#534=AXIS2_PLACEMENT_3D('',#535,#536,#537);
#535=CARTESIAN_POINT('',(-6.69667279521048,-4.71191716753738,-3.9951589543233));
#536=DIRECTION('',(0.293575313027008,0.304006136020022,0.90630778703665));
#537=DIRECTION('',(-0.629574290477179,-0.651943262572309,0.422618261740699));
#538=FACE_BOUND('',#539,.T.);
#539=EDGE_LOOP('',(#1464,#1465,#1466,#1467,#1468,#1469));
#540=PLANE('',#541);
#541=AXIS2_PLACEMENT_3D('',#542,#543,#544);
#542=CARTESIAN_POINT('',(-8.65956056235493E-17,-8.65956056235493E-17,1.));
#543=DIRECTION('',(-8.65956056235493E-17,-8.65956056235493E-17,1.));
#544=DIRECTION('',(0.707106781186548,-0.707106781186548,7.49879891330929E-33));
#545=FACE_BOUND('',#546,.T.);
#546=EDGE_LOOP('',(#1470,#1471,#1472,#1473));
#547=CYLINDRICAL_SURFACE('',#548,1.55);
#548=AXIS2_PLACEMENT_3D('',#549,#550,#551);
#549=CARTESIAN_POINT('',(-5.10228355753819,-7.23543003268347,-5.39993602423011));
#550=DIRECTION('',(-0.694658370458998,0.719339800338651,2.13730336808375E-18));
#551=DIRECTION('',(0.304006136020022,0.293575313027008,0.90630778703665));
#552=FACE_BOUND('',#553,.T.);
#553=EDGE_LOOP('',(#1474,#1475,#1476,#1477));
#554=PLANE('',#555);
#555=AXIS2_PLACEMENT_3D('',#556,#557,#558);
#556=CARTESIAN_POINT('',(-5.57349306836922,-7.69047176787534,-3.9951589543233));
#557=DIRECTION('',(-0.304006136020022,-0.293575313027008,0.90630778703665));
#558=DIRECTION('',(0.651943262572309,0.629574290477179,0.422618261740699));
#559=FACE_BOUND('',#560,.T.);
#560=EDGE_LOOP('',(#1478,#1479,#1480,#1481));
#561=PLANE('',#562);
#562=AXIS2_PLACEMENT_3D('',#563,#564,#565);
#563=CARTESIAN_POINT('',(-5.10228355753819,-7.23543003268347,-3.68970024983825));
#564=DIRECTION('',(0.304006136020022,0.293575313027008,0.90630778703665));
#565=DIRECTION('',(0.651943262572309,0.62957429047718,-0.422618261740699));
#566=FACE_BOUND('',#567,.T.);
#567=EDGE_LOOP('',(#1482,#1483,#1484,#1485,#1486));
#568=PLANE('',#569);
#569=AXIS2_PLACEMENT_3D('',#570,#571,#572);
#570=CARTESIAN_POINT('',(-4.47993690397409,5.69374173096699,-1.4));
#571=DIRECTION('',(-0.980318472012958,-0.197422626439267,-1.99311541423046E-16));
#572=DIRECTION('',(-0.197422626439267,0.980318472012959,1.44362445034177E-16));
#573=FACE_BOUND('',#574,.T.);
#574=EDGE_LOOP('',(#1487,#1488,#1489,#1490));
#575=FACE_BOUND('',#576,.T.);
#576=EDGE_LOOP('',(#1491));
#577=PLANE('',#578);
#578=AXIS2_PLACEMENT_3D('',#579,#580,#581);
#579=CARTESIAN_POINT('',(1.21233847872969E-16,1.21233847872969E-16,-1.4));
#580=DIRECTION('',(1.73191211247099E-16,1.73191211247099E-16,-1.));
#581=DIRECTION('',(0.707106781186548,-0.707106781186548,1.3684555315672E-48));
#582=FACE_BOUND('',#583,.T.);
#583=EDGE_LOOP('',(#1492,#1493,#1494,#1495,#1496));
#584=PLANE('',#585);
#585=AXIS2_PLACEMENT_3D('',#586,#587,#588);
#586=CARTESIAN_POINT('',(0.781768438368454,12.6698213764476,-1.4));
#587=DIRECTION('',(0.980318472012959,0.197422626439267,1.01987203688215E-16));
#588=DIRECTION('',(0.197422626439267,-0.980318472012959,-1.44362445034177E-16));
#589=FACE_BOUND('',#590,.T.);
#590=EDGE_LOOP('',(#1497,#1498,#1499,#1500,#1501));
#591=CONICAL_SURFACE('',#592,10.7694087266541,0.785398163397448);
#592=AXIS2_PLACEMENT_3D('',#593,#594,#595);
#593=CARTESIAN_POINT('',(4.74153205317172E-16,4.74153205317172E-16,-5.47548806781747));
#594=DIRECTION('',(-8.65956056235493E-17,-8.65956056235493E-17,1.));
#595=DIRECTION('',(0.819152044288992,-0.573576436351046,2.12657684957577E-17));
#596=FACE_BOUND('',#597,.T.);
#597=EDGE_LOOP('',(#1502,#1503,#1504,#1505,#1506));
#598=PLANE('',#599);
#599=AXIS2_PLACEMENT_3D('',#600,#601,#602);
#600=CARTESIAN_POINT('',(6.98397418542903,1.9268196957175,-1.4));
#601=DIRECTION('',(0.197422624468704,0.980318472409803,1.99311541156722E-16));
#602=DIRECTION('',(0.980318472409803,-0.197422624468704,1.44362445239184E-16));
#603=FACE_BOUND('',#604,.T.);
#604=EDGE_LOOP('',(#1507,#1508,#1509,#1510));
#605=FACE_BOUND('',#606,.T.);
#606=EDGE_LOOP('',(#1511));
#607=PLANE('',#608);
#608=AXIS2_PLACEMENT_3D('',#609,#610,#611);
#609=CARTESIAN_POINT('',(1.21233847872969E-16,1.21233847872969E-16,-1.4));
#610=DIRECTION('',(1.73191211247099E-16,1.73191211247099E-16,-1.));
#611=DIRECTION('',(0.707106781186548,-0.707106781186548,1.3684555315672E-48));
#612=FACE_BOUND('',#613,.T.);
#613=EDGE_LOOP('',(#1512,#1513,#1514,#1515,#1516));
#614=PLANE('',#615);
#615=AXIS2_PLACEMENT_3D('',#616,#617,#618);
#616=CARTESIAN_POINT('',(11.3795889294194,-5.62498812441007,-1.4));
#617=DIRECTION('',(-0.197422624468704,-0.980318472409803,-1.99311541156722E-16));
#618=DIRECTION('',(-0.980318472409803,0.197422624468704,-1.44362445239184E-16));
#619=FACE_BOUND('',#620,.T.);
#620=EDGE_LOOP('',(#1517,#1518,#1519,#1520));
#621=PLANE('',#622);
#622=AXIS2_PLACEMENT_3D('',#623,#624,#625);
#623=CARTESIAN_POINT('',(14.238330934097,0.465892248125423,1.27332111168839E-15));
#624=DIRECTION('',(0.980318470488544,-0.197422634008877,6.7795339100112E-17));
#625=DIRECTION('',(-0.197422634008877,-0.980318470488544,-1.01987204211702E-16));
#626=FACE_BOUND('',#627,.T.);
#627=EDGE_LOOP('',(#1521,#1522,#1523,#1524,#1525,#1526,#1527));
#628=PLANE('',#629);
#629=AXIS2_PLACEMENT_3D('',#630,#631,#632);
#630=CARTESIAN_POINT('',(-8.65956056235493E-17,-8.65956056235493E-17,1.));
#631=DIRECTION('',(-8.65956056235493E-17,-8.65956056235493E-17,1.));
#632=DIRECTION('',(0.707106781186548,-0.707106781186548,7.49879891330929E-33));
#633=FACE_BOUND('',#634,.T.);
#634=EDGE_LOOP('',(#1528,#1529,#1530,#1531,#1532));
#635=CYLINDRICAL_SURFACE('',#636,1.6);
#636=AXIS2_PLACEMENT_3D('',#637,#638,#639);
#637=CARTESIAN_POINT('',(12.6698213813154,0.781768462539628,1.16484856912821E-15));
#638=DIRECTION('',(8.65956056235493E-17,8.65956056235493E-17,-1.));
#639=DIRECTION('',(0.197422624468704,0.980318472409803,1.01987203551938E-16));
#640=FACE_BOUND('',#641,.T.);
#641=EDGE_LOOP('',(#1533,#1534,#1535,#1536,#1537));
#642=CYLINDRICAL_SURFACE('',#643,1.6);
#643=AXIS2_PLACEMENT_3D('',#644,#645,#646);
#644=CARTESIAN_POINT('',(0.781768438368448,12.6698213764476,1.16484856661357E-15));
#645=DIRECTION('',(8.65956056235493E-17,8.65956056235493E-17,-1.));
#646=DIRECTION('',(-0.197422634008877,0.980318470488543,6.77953391001119E-17));
#647=FACE_BOUND('',#648,.T.);
#648=EDGE_LOOP('',(#1538,#1539,#1540,#1541,#1542,#1543,#1544,#1545));
#649=PLANE('',#650);
#650=AXIS2_PLACEMENT_3D('',#651,#652,#653);
#651=CARTESIAN_POINT('',(-8.65956056235493E-17,-8.65956056235493E-17,1.));
#652=DIRECTION('',(-8.65956056235493E-17,-8.65956056235493E-17,1.));
#653=DIRECTION('',(0.707106781186548,-0.707106781186548,7.49879891330929E-33));
#654=FACE_BOUND('',#655,.T.);
#655=EDGE_LOOP('',(#1546,#1547,#1548,#1549));
#656=PLANE('',#657);
#657=AXIS2_PLACEMENT_3D('',#658,#659,#660);
#658=CARTESIAN_POINT('',(-5.94086435173604,12.9480984214238,6.06795678010581E-16));
#659=DIRECTION('',(-0.197422634008878,0.980318470488543,6.77953391001118E-17));
#660=DIRECTION('',(0.980318470488543,0.197422634008878,1.01987204211702E-16));
#661=FACE_BOUND('',#662,.T.);
#662=EDGE_LOOP('',(#1550,#1551,#1552));
#663=PLANE('',#664);
#664=AXIS2_PLACEMENT_3D('',#665,#666,#667);
#665=CARTESIAN_POINT('',(11.3795889294194,-5.62498812441007,-1.4));
#666=DIRECTION('',(-0.197422624468704,-0.980318472409803,-1.99311541156722E-16));
#667=DIRECTION('',(-0.980318472409803,0.197422624468704,-1.44362445239184E-16));
#668=FACE_BOUND('',#669,.T.);
#669=EDGE_LOOP('',(#1553,#1554,#1555));
#670=PLANE('',#671);
#671=AXIS2_PLACEMENT_3D('',#672,#673,#674);
#672=CARTESIAN_POINT('',(-4.47993690397409,5.69374173096699,-1.4));
#673=DIRECTION('',(-0.980318472012958,-0.197422626439267,-1.99311541423046E-16));
#674=DIRECTION('',(-0.197422626439267,0.980318472012959,1.44362445034177E-16));
#675=FACE_BOUND('',#676,.T.);
#676=EDGE_LOOP('',(#1556,#1557,#1558,#1559));
#677=PLANE('',#678);
#678=AXIS2_PLACEMENT_3D('',#679,#680,#681);
#679=CARTESIAN_POINT('',(-5.78292624594216,12.16384368334,-2.77636572689465));
#680=DIRECTION('',(-2.34786010640798E-16,1.54361991363361E-16,1.));
#681=DIRECTION('',(0.197422626439267,-0.980318472012958,1.97675982382112E-16));
#682=FACE_BOUND('',#683,.T.);
#683=EDGE_LOOP('',(#1560,#1561,#1562,#1563));
#684=PLANE('',#685);
#685=AXIS2_PLACEMENT_3D('',#686,#687,#688);
#686=CARTESIAN_POINT('',(-5.62498813732184,11.3795888686421,-1.4));
#687=DIRECTION('',(-0.197422634008878,0.980318470488543,1.32491067983883E-16));
#688=DIRECTION('',(0.980318470488543,0.197422634008878,2.03914485937816E-16));
#689=FACE_BOUND('',#690,.T.);
#690=EDGE_LOOP('',(#1564,#1565,#1566));
#691=PLANE('',#692);
#692=AXIS2_PLACEMENT_3D('',#693,#694,#695);
#693=CARTESIAN_POINT('',(6.98397418542903,1.9268196957175,-1.4));
#694=DIRECTION('',(0.197422624468704,0.980318472409803,1.99311541156722E-16));
#695=DIRECTION('',(0.980318472409803,-0.197422624468704,1.44362445239184E-16));
#696=FACE_BOUND('',#697,.T.);
#697=EDGE_LOOP('',(#1567,#1568,#1569));
#698=PLANE('',#699);
#699=AXIS2_PLACEMENT_3D('',#700,#701,#702);
#700=CARTESIAN_POINT('',(0.781768438368454,12.6698213764476,-1.4));
#701=DIRECTION('',(0.980318472012959,0.197422626439267,1.01987203688215E-16));
#702=DIRECTION('',(0.197422626439267,-0.980318472012959,-1.44362445034177E-16));
#703=FACE_BOUND('',#704,.T.);
#704=EDGE_LOOP('',(#1570,#1571,#1572,#1573));
#705=PLANE('',#706);
#706=AXIS2_PLACEMENT_3D('',#707,#708,#709);
#707=CARTESIAN_POINT('',(13.4540761404212,0.623830366755145,-2.77636572689465));
#708=DIRECTION('',(4.16127512450489E-16,-2.79652938776667E-16,1.));
#709=DIRECTION('',(-0.980318472409803,0.197422624468705,4.63147304446831E-16));
#710=FACE_BOUND('',#711,.T.);
#711=EDGE_LOOP('',(#1574,#1575,#1576,#1577));
#712=PLANE('',#713);
#713=AXIS2_PLACEMENT_3D('',#714,#715,#716);
#714=CARTESIAN_POINT('',(12.6698213254059,0.781768473799021,-1.4));
#715=DIRECTION('',(0.980318473934218,-0.197422616899093,1.97186802044926E-16));
#716=DIRECTION('',(-0.197422616899093,-0.980318473934218,-2.03914484754564E-16));
#717=FACE_BOUND('',#718,.T.);
#718=EDGE_LOOP('',(#1578,#1579,#1580,#1581));
#719=PLANE('',#720);
#720=AXIS2_PLACEMENT_3D('',#721,#722,#723);
#721=CARTESIAN_POINT('',(15.1014749283085,0.292066963937905,-1.09589266201636));
#722=DIRECTION('',(-0.693189839563408,0.139598876521466,0.707106781186548));
#723=DIRECTION('',(-0.693189839563409,0.139598876521466,-0.707106781186547));
#724=FACE_BOUND('',#725,.T.);
#725=EDGE_LOOP('',(#1582,#1583,#1584,#1585));
#726=PLANE('',#727);
#727=AXIS2_PLACEMENT_3D('',#728,#729,#730);
#728=CARTESIAN_POINT('',(-6.11468965207088,13.8112424705604,-1.09589266201636));
#729=DIRECTION('',(0.139598877914864,-0.693189839282797,0.707106781186548));
#730=DIRECTION('',(0.139598877914864,-0.693189839282798,-0.707106781186547));
#731=FACE_BOUND('',#732,.T.);
#732=EDGE_LOOP('',(#1586,#1587,#1588,#1589));
#733=PLANE('',#734);
#734=AXIS2_PLACEMENT_3D('',#735,#736,#737);
#735=CARTESIAN_POINT('',(-12.8653717595019,-5.77550222565938,-9.));
#736=DIRECTION('',(-0.491197644359556,0.508650050796839,-0.707106781186545));
#737=DIRECTION('',(0.719339800338651,0.694658370458997,1.60880420989555E-16));
#738=FACE_BOUND('',#739,.T.);
#739=EDGE_LOOP('',(#1590,#1591,#1592,#1593,#1594,#1595,#1596,#1597));
#740=CONICAL_SURFACE('',#741,10.5694073417071,0.785398163397449);
#741=AXIS2_PLACEMENT_3D('',#742,#743,#744);
#742=CARTESIAN_POINT('',(4.91472446372199E-16,4.91472446372199E-16,-5.67548945276439));
#743=DIRECTION('',(-8.65956056235494E-17,-8.65956056235494E-17,1.));
#744=DIRECTION('',(0.986607586210409,0.163111835352531,9.95606496073996E-17));
#745=FACE_BOUND('',#746,.T.);
#746=EDGE_LOOP('',(#1598,#1599,#1600,#1601));
#747=PLANE('',#748);
#748=AXIS2_PLACEMENT_3D('',#749,#750,#751);
#749=CARTESIAN_POINT('',(-6.04844645675576,5.37786551655279,-9.));
#750=DIRECTION('',(-0.139598883267387,0.693189838204875,-0.707106781186546));
#751=DIRECTION('',(0.980318470488543,0.197422634008877,-1.87998141659923E-16));
#752=FACE_BOUND('',#753,.T.);
#753=EDGE_LOOP('',(#1602,#1603,#1604,#1605,#1606,#1607,#1608,#1609,#1610));
#754=CONICAL_SURFACE('',#755,10.5694078110888,0.785398163397448);
#755=AXIS2_PLACEMENT_3D('',#756,#757,#758);
#756=CARTESIAN_POINT('',(4.91472405725812E-16,4.91472405725812E-16,-5.67548898338275));
#757=DIRECTION('',(-8.65956056235494E-17,-8.65956056235494E-17,1.));
#758=DIRECTION('',(-0.151731207767965,-0.988421792854283,-9.87322395923906E-17));
#759=FACE_BOUND('',#760,.T.);
#760=EDGE_LOOP('',(#1611,#1612,#1613,#1614));
#761=PLANE('',#762);
#762=AXIS2_PLACEMENT_3D('',#763,#764,#765);
#763=CARTESIAN_POINT('',(7.29985037246758,3.49532925401225,-9.));
#764=DIRECTION('',(0.693189840641331,-0.139598871168943,-0.70710678118655));
#765=DIRECTION('',(-0.197422616899094,-0.980318473934218,1.71870450806439E-16));
#766=FACE_BOUND('',#767,.T.);
#767=EDGE_LOOP('',(#1615,#1616,#1617,#1618,#1619,#1620,#1621,#1622));
#768=CONICAL_SURFACE('',#769,10.5694077923003,0.785398163397447);
#769=AXIS2_PLACEMENT_3D('',#770,#771,#772);
#770=CARTESIAN_POINT('',(4.91472407352808E-16,4.91472407352808E-16,-5.6754890021712));
#771=DIRECTION('',(-8.65956056235493E-17,-8.65956056235493E-17,1.));
#772=DIRECTION('',(-0.852641726062527,0.522496016230856,-2.85891676868901E-17));
#773=FACE_BOUND('',#774,.T.);
#774=EDGE_LOOP('',(#1623,#1624,#1625,#1626));
#775=PLANE('',#776);
#776=AXIS2_PLACEMENT_3D('',#777,#778,#779);
#777=CARTESIAN_POINT('',(2.4151799160197,-9.2781639682806,-9.));
#778=DIRECTION('',(-0.491197644359557,-0.508650050796841,0.707106781186543));
#779=DIRECTION('',(-0.719339800338652,0.694658370458997,-3.46130059462117E-17));
#780=FACE_BOUND('',#781,.T.);
#781=EDGE_LOOP('',(#1627,#1628,#1629,#1630));
#782=CONICAL_SURFACE('',#783,0.600000000000002,0.785398163397445);
#783=AXIS2_PLACEMENT_3D('',#784,#785,#786);
#784=CARTESIAN_POINT('',(0.70850953911066,-8.74218241581712,-9.2));
#785=DIRECTION('',(-8.65956056235494E-17,-8.65956056235494E-17,1.));
#786=DIRECTION('',(0.017452406437286,-0.999847695156391,-8.50711149883525E-17));
#787=FACE_BOUND('',#788,.T.);
#788=EDGE_LOOP('',(#1631,#1632,#1633,#1634));
#789=PLANE('',#790);
#790=AXIS2_PLACEMENT_3D('',#791,#792,#793);
#791=CARTESIAN_POINT('',(-3.90521893347241,-14.6714833404761,-9.));
#792=DIRECTION('',(-0.508650050796839,0.491197644359554,0.707106781186546));
#793=DIRECTION('',(0.694658370458997,0.719339800338652,5.7073860574792E-16));
#794=FACE_BOUND('',#795,.T.);
#795=EDGE_LOOP('',(#1635,#1636,#1637,#1638));
#796=CONICAL_SURFACE('',#797,0.600000000000002,0.785398163397442);
#797=AXIS2_PLACEMENT_3D('',#798,#799,#800);
#798=CARTESIAN_POINT('',(-3.36923738100894,-12.9648129635671,-9.2));
#799=DIRECTION('',(-8.65956056235494E-17,-8.65956056235494E-17,1.));
#800=DIRECTION('',(-0.999847695156391,-0.017452406437289,-8.8093718398403E-17));
#801=FACE_BOUND('',#802,.T.);
#802=EDGE_LOOP('',(#1639,#1640,#1641,#1642));
#803=PLANE('',#804);
#804=AXIS2_PLACEMENT_3D('',#805,#806,#807);
#805=CARTESIAN_POINT('',(-8.81647471967896,-8.81660788471684,-9.));
#806=DIRECTION('',(0.491197644359553,0.508650050796837,0.707106781186549));
#807=DIRECTION('',(0.719339800338651,-0.694658370458997,-3.73831537781852E-17));
#808=FACE_BOUND('',#809,.T.);
#809=EDGE_LOOP('',(#1643,#1644,#1645,#1646));
#810=CONICAL_SURFACE('',#811,0.599999999999999,0.785398163397453);
#811=AXIS2_PLACEMENT_3D('',#812,#813,#814);
#812=CARTESIAN_POINT('',(-7.10980434276992,-9.35258943718032,-9.2));
#813=DIRECTION('',(-8.65956056235494E-17,-8.65956056235493E-17,1.));
#814=DIRECTION('',(-0.0174524064372861,0.999847695156391,8.50711149883525E-17));
#815=FACE_BOUND('',#816,.T.);
#816=EDGE_LOOP('',(#1647,#1648,#1649,#1650));
#817=PLANE('',#818);
#818=AXIS2_PLACEMENT_3D('',#819,#820,#821);
#819=CARTESIAN_POINT('',(-8.79672957577524,-9.94780642135496,-9.));
#820=DIRECTION('',(-0.508650050796837,0.491197644359554,-0.707106781186548));
#821=DIRECTION('',(0.694658370458997,0.719339800338651,1.39520635916547E-16));
#822=FACE_BOUND('',#823,.T.);
#823=EDGE_LOOP('',(#1651,#1652,#1653,#1654));
#824=CONICAL_SURFACE('',#825,4.24145188432738,0.785398163397449);
#825=AXIS2_PLACEMENT_3D('',#826,#827,#828);
#826=CARTESIAN_POINT('',(7.96679571736654E-16,7.96679571736654E-16,-9.2));
#827=DIRECTION('',(8.65956056235493E-17,8.65956056235493E-17,-1.));
#828=DIRECTION('',(0.703562446501193,0.710633438471098,1.22463149129507E-16));
#829=FACE_BOUND('',#830,.T.);
#830=EDGE_LOOP('',(#1655,#1656,#1657,#1658));
#831=PLANE('',#832);
#832=AXIS2_PLACEMENT_3D('',#833,#834,#835);
#833=CARTESIAN_POINT('',(-2.1305107458048,-1.247654527888,-9.));
#834=DIRECTION('',(0.491197644359555,-0.508650050796838,-0.707106781186546));
#835=DIRECTION('',(-0.719339800338651,-0.694658370458997,-1.10624965713849E-16));
#836=FACE_BOUND('',#837,.T.);
#837=EDGE_LOOP('',(#1659,#1660,#1661,#1662));
#838=CONICAL_SURFACE('',#839,0.6,0.785398163397449);
#839=AXIS2_PLACEMENT_3D('',#840,#841,#842);
#840=CARTESIAN_POINT('',(-9.35258961939951,-7.10980415407639,-9.2));
#841=DIRECTION('',(-8.65956056235494E-17,-8.65956056235494E-17,1.));
#842=DIRECTION('',(-0.999847695156391,0.0174524064372846,-8.50711149883527E-17));
#843=FACE_BOUND('',#844,.T.);
#844=EDGE_LOOP('',(#1663,#1664,#1665,#1666));
#845=PLANE('',#846);
#846=AXIS2_PLACEMENT_3D('',#847,#848,#849);
#847=CARTESIAN_POINT('',(-8.81660806693603,-8.81647453098543,-9.));
#848=DIRECTION('',(-0.508650050796839,-0.491197644359556,-0.707106781186545));
#849=DIRECTION('',(-0.694658370458997,0.719339800338651,-5.41411192649576E-17));
#850=FACE_BOUND('',#851,.T.);
#851=EDGE_LOOP('',(#1667,#1668,#1669,#1670));
#852=CONICAL_SURFACE('',#853,0.6,0.78539816339745);
#853=AXIS2_PLACEMENT_3D('',#854,#855,#856);
#854=CARTESIAN_POINT('',(-11.1587013825929,-5.2395206731959,-9.2));
#855=DIRECTION('',(-8.65956056235494E-17,-8.65956056235494E-17,1.));
#856=DIRECTION('',(0.0174524064372801,0.999847695156391,8.80937183984023E-17));
#857=FACE_BOUND('',#858,.T.);
#858=EDGE_LOOP('',(#1671,#1672,#1673,#1674));
#859=PLANE('',#860);
#860=AXIS2_PLACEMENT_3D('',#861,#862,#863);
#861=CARTESIAN_POINT('',(0.525151291235483,-6.34085366844909,-0.200000000000001));
#862=DIRECTION('',(-0.508650050796839,0.491197644359556,-0.707106781186545));
#863=DIRECTION('',(-0.694658370458997,-0.719339800338651,-1.53911427091523E-16));
#864=FACE_BOUND('',#865,.T.);
#865=EDGE_LOOP('',(#1675,#1676,#1677,#1678));
#866=PLANE('',#867);
#867=AXIS2_PLACEMENT_3D('',#868,#869,#870);
#868=CARTESIAN_POINT('',(-1.54013734897939,-8.4795226621189,-0.800000000000001));
#869=DIRECTION('',(-0.999847695156391,-0.0174524064372843,-8.53887640216169E-17));
#870=DIRECTION('',(-8.5401771125012E-17,-1.65475013706744E-34,1.));
#871=FACE_BOUND('',#872,.T.);
#872=EDGE_LOOP('',(#1679,#1680,#1681,#1682));
#873=PLANE('',#874);
#874=AXIS2_PLACEMENT_3D('',#875,#876,#877);
#875=CARTESIAN_POINT('',(-5.21977571798571,-12.2898997370118,0.799999999999998));
#876=DIRECTION('',(0.508650050796835,-0.491197644359552,0.707106781186551));
#877=DIRECTION('',(0.694658370458997,0.719339800338652,1.79073978491207E-16));
#878=FACE_BOUND('',#879,.T.);
#879=EDGE_LOOP('',(#1683,#1684,#1685,#1686));
#880=CONICAL_SURFACE('',#881,0.700000000000002,0.785398163397447);
#881=AXIS2_PLACEMENT_3D('',#882,#883,#884);
#882=CARTESIAN_POINT('',(-5.23952086188943,-11.1587012003737,0.899999999999999));
#883=DIRECTION('',(8.65956056235494E-17,8.65956056235494E-17,-1.));
#884=DIRECTION('',(0.999847695156391,0.017452406437286,8.80937183984028E-17));
#885=FACE_BOUND('',#886,.T.);
#886=EDGE_LOOP('',(#1687,#1688,#1689,#1690));
#887=PLANE('',#888);
#888=AXIS2_PLACEMENT_3D('',#889,#890,#891);
#889=CARTESIAN_POINT('',(-8.24100287940804,-9.37233458108404,0.799999999999998));
#890=DIRECTION('',(-0.491197644359554,-0.508650050796838,0.707106781186547));
#891=DIRECTION('',(0.719339800338651,-0.694658370458997,-3.73831537781851E-17));
#892=FACE_BOUND('',#893,.T.);
#893=EDGE_LOOP('',(#1691,#1692,#1693,#1694));
#894=CONICAL_SURFACE('',#895,0.700000000000002,0.785398163397447);
#895=AXIS2_PLACEMENT_3D('',#896,#897,#898);
#896=CARTESIAN_POINT('',(-7.10980434276992,-9.35258943718032,0.899999999999998));
#897=DIRECTION('',(8.65956056235493E-17,8.65956056235493E-17,-1.));
#898=DIRECTION('',(0.0174524064372873,-0.999847695156391,-8.50711149883524E-17));
#899=FACE_BOUND('',#900,.T.);
#900=EDGE_LOOP('',(#1695,#1696,#1697,#1698));
#901=PLANE('',#902);
#902=AXIS2_PLACEMENT_3D('',#903,#904,#905);
#903=CARTESIAN_POINT('',(-3.86670613994273,-4.84261770585246,0.799999999999999));
#904=DIRECTION('',(-0.508650050796837,0.491197644359553,0.707106781186549));
#905=DIRECTION('',(-0.694658370458997,-0.719339800338651,-1.20390977563421E-16));
#906=FACE_BOUND('',#907,.T.);
#907=EDGE_LOOP('',(#1699,#1700,#1701,#1702));
#908=PLANE('',#909);
#909=AXIS2_PLACEMENT_3D('',#910,#911,#912);
#910=CARTESIAN_POINT('',(-4.2785648762422,-5.55702122021518,-0.800000000000001));
#911=DIRECTION('',(0.0174524064372834,-0.999847695156391,0.));
#912=DIRECTION('',(0.,0.,1.));
#913=FACE_BOUND('',#914,.T.);
#914=EDGE_LOOP('',(#1703,#1704,#1705,#1706));
#915=PLANE('',#916);
#916=AXIS2_PLACEMENT_3D('',#917,#918,#919);
#917=CARTESIAN_POINT('',(-4.97815953267713,-5.9935613863943,-0.200000000000001));
#918=DIRECTION('',(0.508650050796837,-0.491197644359553,-0.707106781186548));
#919=DIRECTION('',(0.694658370458997,0.719339800338651,1.63794058880692E-16));
#920=FACE_BOUND('',#921,.T.);
#921=EDGE_LOOP('',(#1707,#1708,#1709,#1710));
#922=CONICAL_SURFACE('',#923,4.14145188432738,0.785398163397449);
#923=AXIS2_PLACEMENT_3D('',#924,#925,#926);
#924=CARTESIAN_POINT('',(8.65956056235493E-18,8.65956056235493E-18,-0.1));
#925=DIRECTION('',(-8.65956056235493E-17,-8.65956056235493E-17,1.));
#926=DIRECTION('',(-0.65759332301174,-0.75337309583657,-1.2218349155466E-16));
#927=FACE_BOUND('',#928,.T.);
#928=EDGE_LOOP('',(#1711,#1712,#1713,#1714));
#929=PLANE('',#930);
#930=AXIS2_PLACEMENT_3D('',#931,#932,#933);
#931=CARTESIAN_POINT('',(-2.70598258607572,-1.8033812242552,-0.2));
#932=DIRECTION('',(-0.491197644359553,0.508650050796837,-0.707106781186549));
#933=DIRECTION('',(-0.719339800338651,-0.694658370458997,-1.63794057347329E-16));
#934=FACE_BOUND('',#935,.T.);
#935=EDGE_LOOP('',(#1715,#1716,#1717,#1718));
#936=PLANE('',#937);
#937=AXIS2_PLACEMENT_3D('',#938,#939,#940);
#938=CARTESIAN_POINT('',(-5.56195769170398,-4.56136432488886,-0.800000000000001));
#939=DIRECTION('',(-0.999847695156391,0.0174524064372835,0.));
#940=DIRECTION('',(0.,0.,1.));
#941=FACE_BOUND('',#942,.T.);
#942=EDGE_LOOP('',(#1719,#1720,#1721,#1722));
#943=CONICAL_SURFACE('',#944,1.5,0.785398163397447);
#944=AXIS2_PLACEMENT_3D('',#945,#946,#947);
#945=CARTESIAN_POINT('',(11.3795888735099,-5.62498811315067,-0.0999999999999995));
#946=DIRECTION('',(8.65956056235493E-17,8.65956056235493E-17,-1.));
#947=DIRECTION('',(0.867142170537471,-0.498060695172349,3.19608338836759E-17));
#948=FACE_BOUND('',#949,.T.);
#949=EDGE_LOOP('',(#1723,#1724,#1725,#1726));
#950=PLANE('',#951);
#951=AXIS2_PLACEMENT_3D('',#952,#953,#954);
#952=CARTESIAN_POINT('',(11.8479674522878,-7.35143576858131,-0.2));
#953=DIRECTION('',(0.139598876521466,0.693189839563409,-0.707106781186547));
#954=DIRECTION('',(-0.980318472409803,0.197422624468704,-7.12287563209126E-17));
#955=FACE_BOUND('',#956,.T.);
#956=EDGE_LOOP('',(#1727,#1728,#1729,#1730));
#957=CONICAL_SURFACE('',#958,7.14489679447153,0.785398163397451);
#958=AXIS2_PLACEMENT_3D('',#959,#960,#961);
#959=CARTESIAN_POINT('',(8.65956056235466E-18,8.65956056235466E-18,-0.1));
#960=DIRECTION('',(8.65956056235493E-17,8.65956056235493E-17,-1.));
#961=DIRECTION('',(0.638158928315663,-0.769904657870704,-1.14086012391351E-17));
#962=FACE_BOUND('',#963,.T.);
#963=EDGE_LOOP('',(#1731,#1732,#1733,#1734));
#964=PLANE('',#965);
#965=AXIS2_PLACEMENT_3D('',#966,#967,#968);
#966=CARTESIAN_POINT('',(-8.19672321347224,-1.54507344944246,-0.800000000000001));
#967=DIRECTION('',(-0.0174524064372818,-0.999847695156391,-8.53887640216169E-17));
#968=DIRECTION('',(-1.65475013706721E-34,-8.5401771125012E-17,1.));
#969=FACE_BOUND('',#970,.T.);
#970=EDGE_LOOP('',(#1735,#1736,#1737,#1738));
#971=PLANE('',#972);
#972=AXIS2_PLACEMENT_3D('',#973,#974,#975);
#973=CARTESIAN_POINT('',(-8.91112672783496,-1.95693218574192,-0.200000000000001));
#974=DIRECTION('',(0.491197644359558,-0.508650050796841,-0.707106781186542));
#975=DIRECTION('',(0.719339800338651,0.694658370458997,6.21239964426864E-17));
#976=FACE_BOUND('',#977,.T.);
#977=EDGE_LOOP('',(#1739,#1740,#1741,#1742));
#978=CONICAL_SURFACE('',#979,7.14489679447153,0.78539816339745);
#979=AXIS2_PLACEMENT_3D('',#980,#981,#982);
#980=CARTESIAN_POINT('',(8.65956056235466E-18,8.65956056235466E-18,-0.1));
#981=DIRECTION('',(8.65956056235493E-17,8.65956056235493E-17,-1.));
#982=DIRECTION('',(-0.994623083860683,-0.103561194718217,-9.50979326898005E-17));
#983=FACE_BOUND('',#984,.T.);
#984=EDGE_LOOP('',(#1743,#1744,#1745,#1746));
#985=PLANE('',#986);
#986=AXIS2_PLACEMENT_3D('',#987,#988,#989);
#987=CARTESIAN_POINT('',(-5.67332238364224,3.51515573093938,-0.2));
#988=DIRECTION('',(0.693189839282796,0.139598877914864,-0.707106781186549));
#989=DIRECTION('',(-0.197422626439267,0.980318472012958,8.97002001557251E-17));
#990=FACE_BOUND('',#991,.T.);
#991=EDGE_LOOP('',(#1747,#1748,#1749,#1750));
#992=CONICAL_SURFACE('',#993,1.5,0.78539816339745);
#993=AXIS2_PLACEMENT_3D('',#994,#995,#996);
#994=CARTESIAN_POINT('',(-5.62498813732184,11.3795888686422,-0.0999999999999995));
#995=DIRECTION('',(8.65956056235494E-17,8.65956056235494E-17,-1.));
#996=DIRECTION('',(-0.8849347747232,-0.465714982028279,-1.16960333671194E-16));
#997=FACE_BOUND('',#998,.T.);
#998=EDGE_LOOP('',(#1751,#1752,#1753,#1754));
#999=CONICAL_SURFACE('',#1000,1.5,0.785398163397454);
#1000=AXIS2_PLACEMENT_3D('',#1001,#1002,#1003);
#1001=CARTESIAN_POINT('',(11.3795888735099,-5.62498811315067,0.900000000000001));
#1002=DIRECTION('',(8.65956056235493E-17,8.65956056235493E-17,-1.));
#1003=DIRECTION('',(-0.191109704174541,0.98156868377629,6.84502740591863E-17));
#1004=FACE_BOUND('',#1005,.T.);
#1005=EDGE_LOOP('',(#1755,#1756,#1757,#1758));
#1006=PLANE('',#1007);
#1007=AXIS2_PLACEMENT_3D('',#1008,#1009,#1010);
#1008=CARTESIAN_POINT('',(12.7901603142167,-6.72511912812688,0.800000000000001));
#1009=DIRECTION('',(0.693189838204878,-0.139598883267388,0.707106781186543));
#1010=DIRECTION('',(0.197422634008877,0.980318470488543,6.70635065008573E-17));
#1011=FACE_BOUND('',#1012,.T.);
#1012=EDGE_LOOP('',(#1759,#1760,#1761,#1762));
#1013=CONICAL_SURFACE('',#1014,1.5,0.785398163397465);
#1014=AXIS2_PLACEMENT_3D('',#1015,#1016,#1017);
#1015=CARTESIAN_POINT('',(12.6698213813154,0.781768462539627,0.900000000000001));
#1016=DIRECTION('',(8.65956056235493E-17,8.65956056235493E-17,-1.));
#1017=DIRECTION('',(-0.884934763859528,0.465715002671035,-3.63025891094772E-17));
#1018=FACE_BOUND('',#1019,.T.);
#1019=EDGE_LOOP('',(#1763,#1764,#1765,#1766));
#1020=PLANE('',#1021);
#1021=AXIS2_PLACEMENT_3D('',#1022,#1023,#1024);
#1022=CARTESIAN_POINT('',(13.7699523615461,2.1923399181854,0.800000000000001));
#1023=DIRECTION('',(0.139598876521466,0.693189839563409,0.707106781186548));
#1024=DIRECTION('',(-0.980318472409803,0.197422624468704,-5.43929325485119E-17));
#1025=FACE_BOUND('',#1026,.T.);
#1026=EDGE_LOOP('',(#1767,#1768,#1769,#1770));
#1027=PLANE('',#1028);
#1028=AXIS2_PLACEMENT_3D('',#1029,#1030,#1031);
#1029=CARTESIAN_POINT('',(2.34741318413519,12.9999230283719,-0.199999999999999));
#1030=DIRECTION('',(-0.693189839282795,-0.139598877914864,-0.70710678118655));
#1031=DIRECTION('',(0.197422626439267,-0.980318472012958,-7.48833535730436E-17));
#1032=FACE_BOUND('',#1033,.T.);
#1033=EDGE_LOOP('',(#1771,#1772,#1773,#1774));
#1034=CONICAL_SURFACE('',#1035,7.14489679447154,0.785398163397451);
#1035=AXIS2_PLACEMENT_3D('',#1036,#1037,#1038);
#1036=CARTESIAN_POINT('',(8.65956056235466E-18,8.65956056235466E-18,-0.1));
#1037=DIRECTION('',(8.65956056235493E-17,8.65956056235494E-17,-1.));
#1038=DIRECTION('',(0.46287473418786,0.88642370255455,1.16843315296617E-16));
#1039=FACE_BOUND('',#1040,.T.);
#1040=EDGE_LOOP('',(#1775,#1776,#1777,#1778));
#1041=PLANE('',#1042);
#1042=AXIS2_PLACEMENT_3D('',#1043,#1044,#1045);
#1043=CARTESIAN_POINT('',(5.43714058610012,3.8704533233815,-0.199999999999999));
#1044=DIRECTION('',(-0.139598876521466,-0.693189839563408,-0.707106781186548));
#1045=DIRECTION('',(0.980318472409803,-0.197422624468704,5.45311795077576E-17));
#1046=FACE_BOUND('',#1047,.T.);
#1047=EDGE_LOOP('',(#1779,#1780,#1781,#1782));
#1048=PLANE('',#1049);
#1049=AXIS2_PLACEMENT_3D('',#1050,#1051,#1052);
#1050=CARTESIAN_POINT('',(-7.90405100736085,-0.984410467099329,0.799999999999999));
#1051=DIRECTION('',(-0.491197644359554,0.508650050796837,0.707106781186548));
#1052=DIRECTION('',(-0.719339800338651,-0.694658370458998,-1.57634313185196E-16));
#1053=FACE_BOUND('',#1054,.T.);
#1054=EDGE_LOOP('',(#1783,#1784,#1785,#1786));
#1055=CONICAL_SURFACE('',#1056,0.700000000000001,0.785398163397451);
#1056=AXIS2_PLACEMENT_3D('',#1057,#1058,#1059);
#1057=CARTESIAN_POINT('',(-11.1587013825929,-5.2395206731959,0.899999999999998));
#1058=DIRECTION('',(8.65956056235494E-17,8.65956056235494E-17,-1.));
#1059=DIRECTION('',(-0.0174524064372784,-0.999847695156392,-8.80937183984021E-17));
#1060=FACE_BOUND('',#1061,.T.);
#1061=EDGE_LOOP('',(#1787,#1788,#1789,#1790));
#1062=PLANE('',#1063);
#1063=AXIS2_PLACEMENT_3D('',#1064,#1065,#1066);
#1064=CARTESIAN_POINT('',(-12.289899919231,-5.21977552929218,0.799999999999999));
#1065=DIRECTION('',(-0.508650050796837,-0.491197644359554,0.707106781186548));
#1066=DIRECTION('',(0.694658370458998,-0.719339800338651,1.0949272239491E-17));
#1067=FACE_BOUND('',#1068,.T.);
#1068=EDGE_LOOP('',(#1791,#1792,#1793,#1794));
#1069=CONICAL_SURFACE('',#1070,0.700000000000001,0.785398163397451);
#1070=AXIS2_PLACEMENT_3D('',#1071,#1072,#1073);
#1071=CARTESIAN_POINT('',(-9.35258961939951,-7.10980415407639,0.899999999999999));
#1072=DIRECTION('',(8.65956056235493E-17,8.65956056235493E-17,-1.));
#1073=DIRECTION('',(0.999847695156391,-0.0174524064372822,8.50711149883528E-17));
#1074=FACE_BOUND('',#1075,.T.);
#1075=EDGE_LOOP('',(#1795,#1796,#1797,#1798));
#1076=PLANE('',#1077);
#1077=AXIS2_PLACEMENT_3D('',#1078,#1079,#1080);
#1078=CARTESIAN_POINT('',(-9.37233476330324,-8.24100269071451,0.799999999999999));
#1079=DIRECTION('',(0.491197644359557,-0.508650050796841,0.707106781186543));
#1080=DIRECTION('',(0.719339800338651,0.694658370458997,1.57634313185196E-16));
#1081=FACE_BOUND('',#1082,.T.);
#1082=EDGE_LOOP('',(#1799,#1800,#1801,#1802));
#1083=PLANE('',#1084);
#1084=AXIS2_PLACEMENT_3D('',#1085,#1086,#1087);
#1085=CARTESIAN_POINT('',(2.82122748758943,10.6471586955408,0.800000000000001));
#1086=DIRECTION('',(0.693189839282802,0.139598877914865,0.707106781186543));
#1087=DIRECTION('',(-0.197422626439267,0.980318472012958,1.01567672832547E-16));
#1088=FACE_BOUND('',#1089,.T.);
#1089=EDGE_LOOP('',(#1803,#1804,#1805,#1806));
#1090=CONICAL_SURFACE('',#1091,1.5,0.78539816339745);
#1091=AXIS2_PLACEMENT_3D('',#1092,#1093,#1094);
#1092=CARTESIAN_POINT('',(0.781768438368448,12.6698213764476,0.900000000000001));
#1093=DIRECTION('',(8.65956056235493E-17,8.65956056235494E-17,-1.));
#1094=DIRECTION('',(-0.996219086941401,0.0868765262521585,-7.87450697621541E-17));
#1095=FACE_BOUND('',#1096,.T.);
#1096=EDGE_LOOP('',(#1807,#1808,#1809,#1810));
#1097=PLANE('',#1098);
#1098=AXIS2_PLACEMENT_3D('',#1099,#1100,#1101);
#1099=CARTESIAN_POINT('',(1.25014701245646,14.3962690388755,0.800000000000001));
#1100=DIRECTION('',(-0.139598883267388,0.693189838204874,0.707106781186547));
#1101=DIRECTION('',(-0.980318470488543,-0.197422634008878,-8.63630584201057E-17));
#1102=FACE_BOUND('',#1103,.T.);
#1103=EDGE_LOOP('',(#1811,#1812,#1813,#1814));
#1104=CONICAL_SURFACE('',#1105,1.5,0.78539816339745);
#1105=AXIS2_PLACEMENT_3D('',#1106,#1107,#1108);
#1106=CARTESIAN_POINT('',(-5.62498813732184,11.3795888686422,0.900000000000001));
#1107=DIRECTION('',(8.65956056235493E-17,8.65956056235493E-17,-1.));
#1108=DIRECTION('',(-0.086876518559772,-0.996219087612225,-9.37913199646693E-17));
#1109=FACE_BOUND('',#1110,.T.);
#1110=EDGE_LOOP('',(#1815,#1816,#1817,#1818));
#1111=PLANE('',#1112);
#1112=AXIS2_PLACEMENT_3D('',#1113,#1114,#1115);
#1113=CARTESIAN_POINT('',(-4.47993690397409,5.69374173096699,-1.2));
#1114=DIRECTION('',(-0.980318472012958,-0.197422626439267,0.));
#1115=DIRECTION('',(-0.197422626439267,0.980318472012958,1.53134210293125E-16));
#1116=FACE_BOUND('',#1117,.T.);
#1117=EDGE_LOOP('',(#1819,#1820,#1821,#1822));
#1118=PLANE('',#1119);
#1119=AXIS2_PLACEMENT_3D('',#1120,#1121,#1122);
#1120=CARTESIAN_POINT('',(-5.62498813732184,11.3795888686421,-1.2));
#1121=DIRECTION('',(-0.197422634008878,0.980318470488543,0.));
#1122=DIRECTION('',(0.980318470488543,0.197422634008878,2.03854563452228E-16));
#1123=FACE_BOUND('',#1124,.T.);
#1124=EDGE_LOOP('',(#1823,#1824,#1825,#1826));
#1125=PLANE('',#1126);
#1126=AXIS2_PLACEMENT_3D('',#1127,#1128,#1129);
#1127=CARTESIAN_POINT('',(0.781768438368454,12.6698213764476,-1.2));
#1128=DIRECTION('',(0.980318472012959,0.197422626439267,-6.16297582203915E-33));
#1129=DIRECTION('',(0.197422626439267,-0.980318472012959,-1.53134210293125E-16));
#1130=FACE_BOUND('',#1131,.T.);
#1131=EDGE_LOOP('',(#1827,#1828,#1829,#1830));
#1132=PLANE('',#1133);
#1133=AXIS2_PLACEMENT_3D('',#1134,#1135,#1136);
#1134=CARTESIAN_POINT('',(1.9268196717162,6.98397423877248,-1.2));
#1135=DIRECTION('',(0.197422634008877,-0.980318470488543,0.));
#1136=DIRECTION('',(-0.980318470488543,-0.197422634008877,-2.03854563452228E-16));
#1137=FACE_BOUND('',#1138,.T.);
#1138=EDGE_LOOP('',(#1831,#1832,#1833,#1834));
#1139=PLANE('',#1140);
#1140=AXIS2_PLACEMENT_3D('',#1141,#1142,#1143);
#1141=CARTESIAN_POINT('',(2.42467695745938E-16,2.42467695745938E-16,-1.4));
#1142=DIRECTION('',(1.73191211247099E-16,1.73191211247099E-16,-1.));
#1143=DIRECTION('',(-1.,2.99951956532372E-32,-1.73191211247099E-16));
#1144=FACE_BOUND('',#1145,.T.);
#1145=EDGE_LOOP('',(#1835,#1836,#1837,#1838));
#1146=PLANE('',#1147);
#1147=AXIS2_PLACEMENT_3D('',#1148,#1149,#1150);
#1148=CARTESIAN_POINT('',(2.07829453496518E-16,2.07829453496518E-16,-1.2));
#1149=DIRECTION('',(1.73191211247099E-16,1.73191211247099E-16,-1.));
#1150=DIRECTION('',(-1.,2.99951956532372E-32,-1.73191211247099E-16));
#1151=FACE_BOUND('',#1152,.T.);
#1152=EDGE_LOOP('',(#1839,#1840,#1841,#1842));
#1153=PLANE('',#1154);
#1154=AXIS2_PLACEMENT_3D('',#1155,#1156,#1157);
#1155=CARTESIAN_POINT('',(12.6698213254059,0.781768473799021,-1.2));
#1156=DIRECTION('',(0.980318473934218,-0.197422616899093,-6.16297582203915E-33));
#1157=DIRECTION('',(-0.197422616899093,-0.980318473934218,-2.03854563452228E-16));
#1158=FACE_BOUND('',#1159,.T.);
#1159=EDGE_LOOP('',(#1843,#1844,#1845,#1846));
#1160=PLANE('',#1161);
#1161=AXIS2_PLACEMENT_3D('',#1162,#1163,#1164);
#1162=CARTESIAN_POINT('',(2.07829453496518E-16,2.07829453496518E-16,-1.2));
#1163=DIRECTION('',(1.73191211247099E-16,1.73191211247099E-16,-1.));
#1164=DIRECTION('',(-1.,2.99951956532372E-32,-1.73191211247099E-16));
#1165=FACE_BOUND('',#1166,.T.);
#1166=EDGE_LOOP('',(#1847,#1848,#1849,#1850));
#1167=PLANE('',#1168);
#1168=AXIS2_PLACEMENT_3D('',#1169,#1170,#1171);
#1169=CARTESIAN_POINT('',(11.3795889294194,-5.62498812441007,-1.2));
#1170=DIRECTION('',(-0.197422624468704,-0.980318472409803,0.));
#1171=DIRECTION('',(-0.980318472409803,0.197422624468704,-1.53134210293125E-16));
#1172=FACE_BOUND('',#1173,.T.);
#1173=EDGE_LOOP('',(#1851,#1852,#1853,#1854));
#1174=PLANE('',#1175);
#1175=AXIS2_PLACEMENT_3D('',#1176,#1177,#1178);
#1176=CARTESIAN_POINT('',(2.42467695745938E-16,2.42467695745938E-16,-1.4));
#1177=DIRECTION('',(1.73191211247099E-16,1.73191211247099E-16,-1.));
#1178=DIRECTION('',(-1.,2.99951956532372E-32,-1.73191211247099E-16));
#1179=FACE_BOUND('',#1180,.T.);
#1180=EDGE_LOOP('',(#1855,#1856,#1857,#1858));
#1181=PLANE('',#1182);
#1182=AXIS2_PLACEMENT_3D('',#1183,#1184,#1185);
#1183=CARTESIAN_POINT('',(6.98397418542903,1.9268196957175,-1.2));
#1184=DIRECTION('',(0.197422624468704,0.980318472409803,0.));
#1185=DIRECTION('',(0.980318472409803,-0.197422624468704,1.53134210293125E-16));
#1186=FACE_BOUND('',#1187,.T.);
#1187=EDGE_LOOP('',(#1859,#1860,#1861,#1862));
#1188=PLANE('',#1189);
#1189=AXIS2_PLACEMENT_3D('',#1190,#1191,#1192);
#1190=CARTESIAN_POINT('',(5.69374178944253,-4.47993690249159,-1.2));
#1191=DIRECTION('',(-0.980318473934218,0.197422616899094,0.));
#1192=DIRECTION('',(0.197422616899094,0.980318473934218,2.03854563452228E-16));
#1193=ORIENTED_EDGE('',*,*,#1863,.F.);
#1194=ORIENTED_EDGE('',*,*,#1864,.T.);
#1195=ORIENTED_EDGE('',*,*,#1865,.T.);
#1196=ORIENTED_EDGE('',*,*,#1866,.T.);
#1197=ORIENTED_EDGE('',*,*,#1867,.T.);
#1198=ORIENTED_EDGE('',*,*,#1868,.F.);
#1199=ORIENTED_EDGE('',*,*,#1869,.T.);
#1200=ORIENTED_EDGE('',*,*,#1870,.T.);
#1201=ORIENTED_EDGE('',*,*,#1871,.T.);
#1202=ORIENTED_EDGE('',*,*,#1872,.T.);
#1203=ORIENTED_EDGE('',*,*,#1873,.T.);
#1204=ORIENTED_EDGE('',*,*,#1874,.T.);
#1205=ORIENTED_EDGE('',*,*,#1875,.F.);
#1206=ORIENTED_EDGE('',*,*,#1876,.F.);
#1207=ORIENTED_EDGE('',*,*,#1877,.F.);
#1208=ORIENTED_EDGE('',*,*,#1878,.F.);
#1209=ORIENTED_EDGE('',*,*,#1879,.F.);
#1210=ORIENTED_EDGE('',*,*,#1880,.T.);
#1211=ORIENTED_EDGE('',*,*,#1881,.T.);
#1212=ORIENTED_EDGE('',*,*,#1882,.T.);
#1213=ORIENTED_EDGE('',*,*,#1883,.T.);
#1214=ORIENTED_EDGE('',*,*,#1884,.T.);
#1215=ORIENTED_EDGE('',*,*,#1885,.T.);
#1216=ORIENTED_EDGE('',*,*,#1886,.T.);
#1217=ORIENTED_EDGE('',*,*,#1887,.F.);
#1218=ORIENTED_EDGE('',*,*,#1888,.F.);
#1219=ORIENTED_EDGE('',*,*,#1889,.F.);
#1220=ORIENTED_EDGE('',*,*,#1890,.F.);
#1221=ORIENTED_EDGE('',*,*,#1891,.F.);
#1222=ORIENTED_EDGE('',*,*,#1892,.F.);
#1223=ORIENTED_EDGE('',*,*,#1893,.T.);
#1224=ORIENTED_EDGE('',*,*,#1894,.F.);
#1225=ORIENTED_EDGE('',*,*,#1891,.T.);
#1226=ORIENTED_EDGE('',*,*,#1895,.F.);
#1227=ORIENTED_EDGE('',*,*,#1896,.F.);
#1228=ORIENTED_EDGE('',*,*,#1897,.F.);
#1229=ORIENTED_EDGE('',*,*,#1898,.T.);
#1230=ORIENTED_EDGE('',*,*,#1899,.F.);
#1231=ORIENTED_EDGE('',*,*,#1889,.T.);
#1232=ORIENTED_EDGE('',*,*,#1900,.T.);
#1233=ORIENTED_EDGE('',*,*,#1901,.F.);
#1234=ORIENTED_EDGE('',*,*,#1902,.T.);
#1235=ORIENTED_EDGE('',*,*,#1903,.F.);
#1236=ORIENTED_EDGE('',*,*,#1898,.F.);
#1237=ORIENTED_EDGE('',*,*,#1904,.F.);
#1238=ORIENTED_EDGE('',*,*,#1905,.F.);
#1239=ORIENTED_EDGE('',*,*,#1867,.F.);
#1240=ORIENTED_EDGE('',*,*,#1906,.F.);
#1241=ORIENTED_EDGE('',*,*,#1907,.T.);
#1242=ORIENTED_EDGE('',*,*,#1908,.F.);
#1243=ORIENTED_EDGE('',*,*,#1909,.F.);
#1244=ORIENTED_EDGE('',*,*,#1908,.T.);
#1245=ORIENTED_EDGE('',*,*,#1910,.F.);
#1246=ORIENTED_EDGE('',*,*,#1902,.F.);
#1247=ORIENTED_EDGE('',*,*,#1911,.F.);
#1248=ORIENTED_EDGE('',*,*,#1912,.F.);
#1249=ORIENTED_EDGE('',*,*,#1913,.T.);
#1250=ORIENTED_EDGE('',*,*,#1914,.F.);
#1251=ORIENTED_EDGE('',*,*,#1915,.F.);
#1252=ORIENTED_EDGE('',*,*,#1916,.F.);
#1253=ORIENTED_EDGE('',*,*,#1917,.T.);
#1254=ORIENTED_EDGE('',*,*,#1918,.F.);
#1255=ORIENTED_EDGE('',*,*,#1919,.F.);
#1256=ORIENTED_EDGE('',*,*,#1920,.F.);
#1257=ORIENTED_EDGE('',*,*,#1921,.F.);
#1258=ORIENTED_EDGE('',*,*,#1922,.F.);
#1259=ORIENTED_EDGE('',*,*,#1923,.F.);
#1260=ORIENTED_EDGE('',*,*,#1924,.F.);
#1261=ORIENTED_EDGE('',*,*,#1900,.F.);
#1262=ORIENTED_EDGE('',*,*,#1888,.T.);
#1263=ORIENTED_EDGE('',*,*,#1925,.T.);
#1264=ORIENTED_EDGE('',*,*,#1926,.F.);
#1265=ORIENTED_EDGE('',*,*,#1927,.F.);
#1266=ORIENTED_EDGE('',*,*,#1928,.F.);
#1267=ORIENTED_EDGE('',*,*,#1929,.T.);
#1268=ORIENTED_EDGE('',*,*,#1930,.F.);
#1269=ORIENTED_EDGE('',*,*,#1931,.F.);
#1270=ORIENTED_EDGE('',*,*,#1932,.T.);
#1271=ORIENTED_EDGE('',*,*,#1933,.F.);
#1272=ORIENTED_EDGE('',*,*,#1868,.T.);
#1273=ORIENTED_EDGE('',*,*,#1905,.T.);
#1274=ORIENTED_EDGE('',*,*,#1934,.F.);
#1275=ORIENTED_EDGE('',*,*,#1935,.T.);
#1276=ORIENTED_EDGE('',*,*,#1936,.T.);
#1277=ORIENTED_EDGE('',*,*,#1937,.F.);
#1278=ORIENTED_EDGE('',*,*,#1934,.T.);
#1279=ORIENTED_EDGE('',*,*,#1904,.T.);
#1280=ORIENTED_EDGE('',*,*,#1909,.T.);
#1281=ORIENTED_EDGE('',*,*,#1901,.T.);
#1282=ORIENTED_EDGE('',*,*,#1897,.T.);
#1283=ORIENTED_EDGE('',*,*,#1938,.T.);
#1284=ORIENTED_EDGE('',*,*,#1939,.T.);
#1285=ORIENTED_EDGE('',*,*,#1940,.T.);
#1286=ORIENTED_EDGE('',*,*,#1941,.F.);
#1287=ORIENTED_EDGE('',*,*,#1892,.T.);
#1288=ORIENTED_EDGE('',*,*,#1894,.T.);
#1289=ORIENTED_EDGE('',*,*,#1942,.F.);
#1290=ORIENTED_EDGE('',*,*,#1943,.T.);
#1291=ORIENTED_EDGE('',*,*,#1944,.T.);
#1292=ORIENTED_EDGE('',*,*,#1945,.T.);
#1293=ORIENTED_EDGE('',*,*,#1906,.T.);
#1294=ORIENTED_EDGE('',*,*,#1866,.F.);
#1295=ORIENTED_EDGE('',*,*,#1946,.T.);
#1296=ORIENTED_EDGE('',*,*,#1947,.T.);
#1297=ORIENTED_EDGE('',*,*,#1948,.T.);
#1298=ORIENTED_EDGE('',*,*,#1949,.T.);
#1299=ORIENTED_EDGE('',*,*,#1950,.T.);
#1300=ORIENTED_EDGE('',*,*,#1951,.T.);
#1301=ORIENTED_EDGE('',*,*,#1952,.F.);
#1302=ORIENTED_EDGE('',*,*,#1953,.T.);
#1303=ORIENTED_EDGE('',*,*,#1954,.F.);
#1304=ORIENTED_EDGE('',*,*,#1864,.F.);
#1305=ORIENTED_EDGE('',*,*,#1955,.T.);
#1306=ORIENTED_EDGE('',*,*,#1895,.T.);
#1307=ORIENTED_EDGE('',*,*,#1890,.T.);
#1308=ORIENTED_EDGE('',*,*,#1899,.T.);
#1309=ORIENTED_EDGE('',*,*,#1956,.F.);
#1310=ORIENTED_EDGE('',*,*,#1957,.T.);
#1311=ORIENTED_EDGE('',*,*,#1956,.T.);
#1312=ORIENTED_EDGE('',*,*,#1903,.T.);
#1313=ORIENTED_EDGE('',*,*,#1910,.T.);
#1314=ORIENTED_EDGE('',*,*,#1907,.F.);
#1315=ORIENTED_EDGE('',*,*,#1945,.F.);
#1316=ORIENTED_EDGE('',*,*,#1958,.F.);
#1317=ORIENTED_EDGE('',*,*,#1959,.F.);
#1318=ORIENTED_EDGE('',*,*,#1960,.T.);
#1319=ORIENTED_EDGE('',*,*,#1961,.T.);
#1320=ORIENTED_EDGE('',*,*,#1962,.F.);
#1321=ORIENTED_EDGE('',*,*,#1953,.F.);
#1322=ORIENTED_EDGE('',*,*,#1963,.T.);
#1323=ORIENTED_EDGE('',*,*,#1964,.T.);
#1324=ORIENTED_EDGE('',*,*,#1965,.T.);
#1325=ORIENTED_EDGE('',*,*,#1966,.T.);
#1326=ORIENTED_EDGE('',*,*,#1967,.T.);
#1327=ORIENTED_EDGE('',*,*,#1968,.F.);
#1328=ORIENTED_EDGE('',*,*,#1961,.F.);
#1329=ORIENTED_EDGE('',*,*,#1969,.F.);
#1330=ORIENTED_EDGE('',*,*,#1970,.T.);
#1331=ORIENTED_EDGE('',*,*,#1971,.F.);
#1332=ORIENTED_EDGE('',*,*,#1967,.F.);
#1333=ORIENTED_EDGE('',*,*,#1972,.T.);
#1334=ORIENTED_EDGE('',*,*,#1973,.T.);
#1335=ORIENTED_EDGE('',*,*,#1974,.T.);
#1336=ORIENTED_EDGE('',*,*,#1975,.T.);
#1337=ORIENTED_EDGE('',*,*,#1976,.T.);
#1338=ORIENTED_EDGE('',*,*,#1977,.F.);
#1339=ORIENTED_EDGE('',*,*,#1978,.T.);
#1340=ORIENTED_EDGE('',*,*,#1979,.F.);
#1341=ORIENTED_EDGE('',*,*,#1970,.F.);
#1342=ORIENTED_EDGE('',*,*,#1980,.F.);
#1343=ORIENTED_EDGE('',*,*,#1981,.T.);
#1344=ORIENTED_EDGE('',*,*,#1982,.F.);
#1345=ORIENTED_EDGE('',*,*,#1978,.F.);
#1346=ORIENTED_EDGE('',*,*,#1983,.F.);
#1347=ORIENTED_EDGE('',*,*,#1984,.T.);
#1348=ORIENTED_EDGE('',*,*,#1985,.F.);
#1349=ORIENTED_EDGE('',*,*,#1981,.F.);
#1350=ORIENTED_EDGE('',*,*,#1986,.F.);
#1351=ORIENTED_EDGE('',*,*,#1987,.F.);
#1352=ORIENTED_EDGE('',*,*,#1988,.T.);
#1353=ORIENTED_EDGE('',*,*,#1989,.F.);
#1354=ORIENTED_EDGE('',*,*,#1990,.F.);
#1355=ORIENTED_EDGE('',*,*,#1984,.F.);
#1356=ORIENTED_EDGE('',*,*,#1991,.T.);
#1357=ORIENTED_EDGE('',*,*,#1992,.T.);
#1358=ORIENTED_EDGE('',*,*,#1993,.T.);
#1359=ORIENTED_EDGE('',*,*,#1994,.F.);
#1360=ORIENTED_EDGE('',*,*,#1995,.T.);
#1361=ORIENTED_EDGE('',*,*,#1996,.F.);
#1362=ORIENTED_EDGE('',*,*,#1989,.T.);
#1363=ORIENTED_EDGE('',*,*,#1997,.F.);
#1364=ORIENTED_EDGE('',*,*,#1998,.F.);
#1365=ORIENTED_EDGE('',*,*,#1999,.F.);
#1366=ORIENTED_EDGE('',*,*,#2000,.T.);
#1367=ORIENTED_EDGE('',*,*,#2001,.F.);
#1368=ORIENTED_EDGE('',*,*,#2002,.T.);
#1369=ORIENTED_EDGE('',*,*,#2003,.F.);
#1370=ORIENTED_EDGE('',*,*,#2004,.T.);
#1371=ORIENTED_EDGE('',*,*,#2005,.F.);
#1372=ORIENTED_EDGE('',*,*,#2006,.F.);
#1373=ORIENTED_EDGE('',*,*,#2007,.F.);
#1374=ORIENTED_EDGE('',*,*,#2008,.T.);
#1375=ORIENTED_EDGE('',*,*,#2009,.T.);
#1376=ORIENTED_EDGE('',*,*,#1943,.F.);
#1377=ORIENTED_EDGE('',*,*,#2010,.T.);
#1378=ORIENTED_EDGE('',*,*,#2011,.F.);
#1379=ORIENTED_EDGE('',*,*,#2012,.F.);
#1380=ORIENTED_EDGE('',*,*,#2013,.F.);
#1381=ORIENTED_EDGE('',*,*,#2014,.T.);
#1382=ORIENTED_EDGE('',*,*,#2011,.T.);
#1383=ORIENTED_EDGE('',*,*,#2015,.T.);
#1384=ORIENTED_EDGE('',*,*,#2016,.T.);
#1385=ORIENTED_EDGE('',*,*,#2017,.F.);
#1386=ORIENTED_EDGE('',*,*,#2018,.F.);
#1387=ORIENTED_EDGE('',*,*,#2019,.F.);
#1388=ORIENTED_EDGE('',*,*,#2020,.T.);
#1389=ORIENTED_EDGE('',*,*,#1928,.T.);
#1390=ORIENTED_EDGE('',*,*,#2021,.F.);
#1391=ORIENTED_EDGE('',*,*,#2013,.T.);
#1392=ORIENTED_EDGE('',*,*,#2022,.F.);
#1393=ORIENTED_EDGE('',*,*,#1929,.F.);
#1394=ORIENTED_EDGE('',*,*,#2020,.F.);
#1395=ORIENTED_EDGE('',*,*,#2023,.F.);
#1396=ORIENTED_EDGE('',*,*,#2024,.F.);
#1397=ORIENTED_EDGE('',*,*,#2025,.F.);
#1398=ORIENTED_EDGE('',*,*,#1930,.T.);
#1399=ORIENTED_EDGE('',*,*,#2022,.T.);
#1400=ORIENTED_EDGE('',*,*,#2026,.F.);
#1401=ORIENTED_EDGE('',*,*,#2027,.F.);
#1402=ORIENTED_EDGE('',*,*,#2028,.F.);
#1403=ORIENTED_EDGE('',*,*,#2029,.T.);
#1404=ORIENTED_EDGE('',*,*,#2028,.T.);
#1405=ORIENTED_EDGE('',*,*,#2030,.F.);
#1406=ORIENTED_EDGE('',*,*,#2031,.T.);
#1407=ORIENTED_EDGE('',*,*,#2032,.T.);
#1408=ORIENTED_EDGE('',*,*,#2002,.F.);
#1409=ORIENTED_EDGE('',*,*,#2033,.F.);
#1410=ORIENTED_EDGE('',*,*,#2034,.F.);
#1411=ORIENTED_EDGE('',*,*,#2035,.T.);
#1412=ORIENTED_EDGE('',*,*,#2004,.F.);
#1413=ORIENTED_EDGE('',*,*,#2036,.T.);
#1414=ORIENTED_EDGE('',*,*,#2037,.F.);
#1415=ORIENTED_EDGE('',*,*,#2038,.F.);
#1416=ORIENTED_EDGE('',*,*,#2039,.F.);
#1417=ORIENTED_EDGE('',*,*,#2040,.T.);
#1418=ORIENTED_EDGE('',*,*,#1912,.T.);
#1419=ORIENTED_EDGE('',*,*,#2041,.F.);
#1420=ORIENTED_EDGE('',*,*,#2034,.T.);
#1421=ORIENTED_EDGE('',*,*,#2042,.F.);
#1422=ORIENTED_EDGE('',*,*,#2043,.F.);
#1423=ORIENTED_EDGE('',*,*,#2044,.F.);
#1424=ORIENTED_EDGE('',*,*,#1913,.F.);
#1425=ORIENTED_EDGE('',*,*,#2040,.F.);
#1426=ORIENTED_EDGE('',*,*,#2045,.F.);
#1427=ORIENTED_EDGE('',*,*,#2046,.F.);
#1428=ORIENTED_EDGE('',*,*,#2047,.F.);
#1429=ORIENTED_EDGE('',*,*,#2048,.F.);
#1430=ORIENTED_EDGE('',*,*,#1914,.T.);
#1431=ORIENTED_EDGE('',*,*,#2044,.T.);
#1432=ORIENTED_EDGE('',*,*,#2049,.F.);
#1433=ORIENTED_EDGE('',*,*,#2050,.F.);
#1434=ORIENTED_EDGE('',*,*,#2051,.T.);
#1435=ORIENTED_EDGE('',*,*,#2052,.T.);
#1436=ORIENTED_EDGE('',*,*,#2053,.T.);
#1437=ORIENTED_EDGE('',*,*,#2054,.F.);
#1438=ORIENTED_EDGE('',*,*,#2055,.T.);
#1439=ORIENTED_EDGE('',*,*,#2047,.T.);
#1440=ORIENTED_EDGE('',*,*,#2056,.T.);
#1441=ORIENTED_EDGE('',*,*,#2054,.T.);
#1442=ORIENTED_EDGE('',*,*,#2057,.T.);
#1443=ORIENTED_EDGE('',*,*,#1995,.F.);
#1444=ORIENTED_EDGE('',*,*,#2058,.T.);
#1445=ORIENTED_EDGE('',*,*,#2059,.F.);
#1446=ORIENTED_EDGE('',*,*,#2060,.F.);
#1447=ORIENTED_EDGE('',*,*,#1919,.T.);
#1448=ORIENTED_EDGE('',*,*,#2061,.F.);
#1449=ORIENTED_EDGE('',*,*,#1923,.T.);
#1450=ORIENTED_EDGE('',*,*,#2062,.T.);
#1451=ORIENTED_EDGE('',*,*,#1947,.F.);
#1452=ORIENTED_EDGE('',*,*,#1938,.F.);
#1453=ORIENTED_EDGE('',*,*,#2063,.F.);
#1454=ORIENTED_EDGE('',*,*,#1963,.F.);
#1455=ORIENTED_EDGE('',*,*,#2064,.T.);
#1456=ORIENTED_EDGE('',*,*,#1939,.F.);
#1457=ORIENTED_EDGE('',*,*,#2064,.F.);
#1458=ORIENTED_EDGE('',*,*,#1965,.F.);
#1459=ORIENTED_EDGE('',*,*,#2065,.T.);
#1460=ORIENTED_EDGE('',*,*,#1940,.F.);
#1461=ORIENTED_EDGE('',*,*,#2065,.F.);
#1462=ORIENTED_EDGE('',*,*,#1964,.F.);
#1463=ORIENTED_EDGE('',*,*,#2063,.T.);
#1464=ORIENTED_EDGE('',*,*,#2066,.T.);
#1465=ORIENTED_EDGE('',*,*,#2067,.T.);
#1466=ORIENTED_EDGE('',*,*,#2068,.T.);
#1467=ORIENTED_EDGE('',*,*,#2069,.T.);
#1468=ORIENTED_EDGE('',*,*,#2070,.T.);
#1469=ORIENTED_EDGE('',*,*,#2059,.T.);
#1470=ORIENTED_EDGE('',*,*,#1991,.F.);
#1471=ORIENTED_EDGE('',*,*,#2071,.F.);
#1472=ORIENTED_EDGE('',*,*,#1974,.F.);
#1473=ORIENTED_EDGE('',*,*,#2072,.T.);
#1474=ORIENTED_EDGE('',*,*,#1993,.F.);
#1475=ORIENTED_EDGE('',*,*,#2073,.F.);
#1476=ORIENTED_EDGE('',*,*,#1975,.F.);
#1477=ORIENTED_EDGE('',*,*,#2071,.T.);
#1478=ORIENTED_EDGE('',*,*,#1992,.F.);
#1479=ORIENTED_EDGE('',*,*,#2072,.F.);
#1480=ORIENTED_EDGE('',*,*,#1976,.F.);
#1481=ORIENTED_EDGE('',*,*,#2073,.T.);
#1482=ORIENTED_EDGE('',*,*,#2074,.T.);
#1483=ORIENTED_EDGE('',*,*,#2075,.F.);
#1484=ORIENTED_EDGE('',*,*,#2076,.F.);
#1485=ORIENTED_EDGE('',*,*,#1998,.T.);
#1486=ORIENTED_EDGE('',*,*,#2077,.T.);
#1487=ORIENTED_EDGE('',*,*,#2078,.T.);
#1488=ORIENTED_EDGE('',*,*,#2079,.T.);
#1489=ORIENTED_EDGE('',*,*,#1999,.T.);
#1490=ORIENTED_EDGE('',*,*,#2076,.T.);
#1491=ORIENTED_EDGE('',*,*,#2045,.T.);
#1492=ORIENTED_EDGE('',*,*,#2080,.T.);
#1493=ORIENTED_EDGE('',*,*,#2000,.F.);
#1494=ORIENTED_EDGE('',*,*,#2079,.F.);
#1495=ORIENTED_EDGE('',*,*,#2081,.T.);
#1496=ORIENTED_EDGE('',*,*,#2082,.F.);
#1497=ORIENTED_EDGE('',*,*,#2083,.F.);
#1498=ORIENTED_EDGE('',*,*,#2032,.F.);
#1499=ORIENTED_EDGE('',*,*,#2084,.F.);
#1500=ORIENTED_EDGE('',*,*,#2085,.T.);
#1501=ORIENTED_EDGE('',*,*,#2086,.F.);
#1502=ORIENTED_EDGE('',*,*,#2087,.T.);
#1503=ORIENTED_EDGE('',*,*,#2088,.F.);
#1504=ORIENTED_EDGE('',*,*,#2089,.F.);
#1505=ORIENTED_EDGE('',*,*,#2006,.T.);
#1506=ORIENTED_EDGE('',*,*,#2086,.T.);
#1507=ORIENTED_EDGE('',*,*,#2007,.T.);
#1508=ORIENTED_EDGE('',*,*,#2089,.T.);
#1509=ORIENTED_EDGE('',*,*,#2090,.T.);
#1510=ORIENTED_EDGE('',*,*,#2091,.T.);
#1511=ORIENTED_EDGE('',*,*,#2024,.T.);
#1512=ORIENTED_EDGE('',*,*,#2092,.T.);
#1513=ORIENTED_EDGE('',*,*,#2008,.F.);
#1514=ORIENTED_EDGE('',*,*,#2091,.F.);
#1515=ORIENTED_EDGE('',*,*,#2093,.T.);
#1516=ORIENTED_EDGE('',*,*,#2094,.F.);
#1517=ORIENTED_EDGE('',*,*,#2095,.F.);
#1518=ORIENTED_EDGE('',*,*,#2017,.T.);
#1519=ORIENTED_EDGE('',*,*,#2096,.T.);
#1520=ORIENTED_EDGE('',*,*,#2097,.F.);
#1521=ORIENTED_EDGE('',*,*,#2098,.T.);
#1522=ORIENTED_EDGE('',*,*,#2099,.T.);
#1523=ORIENTED_EDGE('',*,*,#2100,.T.);
#1524=ORIENTED_EDGE('',*,*,#2101,.T.);
#1525=ORIENTED_EDGE('',*,*,#2026,.T.);
#1526=ORIENTED_EDGE('',*,*,#2023,.T.);
#1527=ORIENTED_EDGE('',*,*,#2019,.T.);
#1528=ORIENTED_EDGE('',*,*,#2102,.F.);
#1529=ORIENTED_EDGE('',*,*,#2097,.T.);
#1530=ORIENTED_EDGE('',*,*,#2103,.T.);
#1531=ORIENTED_EDGE('',*,*,#2084,.T.);
#1532=ORIENTED_EDGE('',*,*,#2031,.F.);
#1533=ORIENTED_EDGE('',*,*,#2104,.F.);
#1534=ORIENTED_EDGE('',*,*,#2037,.T.);
#1535=ORIENTED_EDGE('',*,*,#2105,.T.);
#1536=ORIENTED_EDGE('',*,*,#2106,.T.);
#1537=ORIENTED_EDGE('',*,*,#2107,.F.);
#1538=ORIENTED_EDGE('',*,*,#2108,.T.);
#1539=ORIENTED_EDGE('',*,*,#2109,.T.);
#1540=ORIENTED_EDGE('',*,*,#2110,.T.);
#1541=ORIENTED_EDGE('',*,*,#2111,.T.);
#1542=ORIENTED_EDGE('',*,*,#2049,.T.);
#1543=ORIENTED_EDGE('',*,*,#2043,.T.);
#1544=ORIENTED_EDGE('',*,*,#2042,.T.);
#1545=ORIENTED_EDGE('',*,*,#2039,.T.);
#1546=ORIENTED_EDGE('',*,*,#2112,.F.);
#1547=ORIENTED_EDGE('',*,*,#2107,.T.);
#1548=ORIENTED_EDGE('',*,*,#2113,.T.);
#1549=ORIENTED_EDGE('',*,*,#2051,.F.);
#1550=ORIENTED_EDGE('',*,*,#2114,.F.);
#1551=ORIENTED_EDGE('',*,*,#2016,.F.);
#1552=ORIENTED_EDGE('',*,*,#2115,.F.);
#1553=ORIENTED_EDGE('',*,*,#2116,.F.);
#1554=ORIENTED_EDGE('',*,*,#2052,.F.);
#1555=ORIENTED_EDGE('',*,*,#2117,.T.);
#1556=ORIENTED_EDGE('',*,*,#2118,.F.);
#1557=ORIENTED_EDGE('',*,*,#2074,.F.);
#1558=ORIENTED_EDGE('',*,*,#2119,.T.);
#1559=ORIENTED_EDGE('',*,*,#2082,.T.);
#1560=ORIENTED_EDGE('',*,*,#2118,.T.);
#1561=ORIENTED_EDGE('',*,*,#2081,.F.);
#1562=ORIENTED_EDGE('',*,*,#2078,.F.);
#1563=ORIENTED_EDGE('',*,*,#2075,.T.);
#1564=ORIENTED_EDGE('',*,*,#2085,.F.);
#1565=ORIENTED_EDGE('',*,*,#2103,.F.);
#1566=ORIENTED_EDGE('',*,*,#2120,.T.);
#1567=ORIENTED_EDGE('',*,*,#2121,.F.);
#1568=ORIENTED_EDGE('',*,*,#2106,.F.);
#1569=ORIENTED_EDGE('',*,*,#2122,.F.);
#1570=ORIENTED_EDGE('',*,*,#2123,.F.);
#1571=ORIENTED_EDGE('',*,*,#2087,.F.);
#1572=ORIENTED_EDGE('',*,*,#2124,.T.);
#1573=ORIENTED_EDGE('',*,*,#2094,.T.);
#1574=ORIENTED_EDGE('',*,*,#2123,.T.);
#1575=ORIENTED_EDGE('',*,*,#2093,.F.);
#1576=ORIENTED_EDGE('',*,*,#2090,.F.);
#1577=ORIENTED_EDGE('',*,*,#2088,.T.);
#1578=ORIENTED_EDGE('',*,*,#2096,.F.);
#1579=ORIENTED_EDGE('',*,*,#2114,.T.);
#1580=ORIENTED_EDGE('',*,*,#2124,.F.);
#1581=ORIENTED_EDGE('',*,*,#2120,.F.);
#1582=ORIENTED_EDGE('',*,*,#2113,.F.);
#1583=ORIENTED_EDGE('',*,*,#2121,.T.);
#1584=ORIENTED_EDGE('',*,*,#2119,.F.);
#1585=ORIENTED_EDGE('',*,*,#2117,.F.);
#1586=ORIENTED_EDGE('',*,*,#1990,.T.);
#1587=ORIENTED_EDGE('',*,*,#2125,.T.);
#1588=ORIENTED_EDGE('',*,*,#1869,.F.);
#1589=ORIENTED_EDGE('',*,*,#2126,.F.);
#1590=ORIENTED_EDGE('',*,*,#1996,.T.);
#1591=ORIENTED_EDGE('',*,*,#2057,.F.);
#1592=ORIENTED_EDGE('',*,*,#2053,.F.);
#1593=ORIENTED_EDGE('',*,*,#2116,.T.);
#1594=ORIENTED_EDGE('',*,*,#2077,.F.);
#1595=ORIENTED_EDGE('',*,*,#2127,.T.);
#1596=ORIENTED_EDGE('',*,*,#1870,.F.);
#1597=ORIENTED_EDGE('',*,*,#2125,.F.);
#1598=ORIENTED_EDGE('',*,*,#1997,.T.);
#1599=ORIENTED_EDGE('',*,*,#2128,.T.);
#1600=ORIENTED_EDGE('',*,*,#1871,.F.);
#1601=ORIENTED_EDGE('',*,*,#2127,.F.);
#1602=ORIENTED_EDGE('',*,*,#2003,.T.);
#1603=ORIENTED_EDGE('',*,*,#2083,.T.);
#1604=ORIENTED_EDGE('',*,*,#2129,.T.);
#1605=ORIENTED_EDGE('',*,*,#1872,.F.);
#1606=ORIENTED_EDGE('',*,*,#2128,.F.);
#1607=ORIENTED_EDGE('',*,*,#2080,.F.);
#1608=ORIENTED_EDGE('',*,*,#2122,.T.);
#1609=ORIENTED_EDGE('',*,*,#2105,.F.);
#1610=ORIENTED_EDGE('',*,*,#2036,.F.);
#1611=ORIENTED_EDGE('',*,*,#2005,.T.);
#1612=ORIENTED_EDGE('',*,*,#2130,.T.);
#1613=ORIENTED_EDGE('',*,*,#1873,.F.);
#1614=ORIENTED_EDGE('',*,*,#2129,.F.);
#1615=ORIENTED_EDGE('',*,*,#1942,.T.);
#1616=ORIENTED_EDGE('',*,*,#2131,.T.);
#1617=ORIENTED_EDGE('',*,*,#1874,.F.);
#1618=ORIENTED_EDGE('',*,*,#2130,.F.);
#1619=ORIENTED_EDGE('',*,*,#2092,.F.);
#1620=ORIENTED_EDGE('',*,*,#2115,.T.);
#1621=ORIENTED_EDGE('',*,*,#2015,.F.);
#1622=ORIENTED_EDGE('',*,*,#2010,.F.);
#1623=ORIENTED_EDGE('',*,*,#1893,.F.);
#1624=ORIENTED_EDGE('',*,*,#2132,.T.);
#1625=ORIENTED_EDGE('',*,*,#1875,.T.);
#1626=ORIENTED_EDGE('',*,*,#2131,.F.);
#1627=ORIENTED_EDGE('',*,*,#1876,.T.);
#1628=ORIENTED_EDGE('',*,*,#2132,.F.);
#1629=ORIENTED_EDGE('',*,*,#1955,.F.);
#1630=ORIENTED_EDGE('',*,*,#2133,.T.);
#1631=ORIENTED_EDGE('',*,*,#1957,.F.);
#1632=ORIENTED_EDGE('',*,*,#2134,.T.);
#1633=ORIENTED_EDGE('',*,*,#1877,.T.);
#1634=ORIENTED_EDGE('',*,*,#2133,.F.);
#1635=ORIENTED_EDGE('',*,*,#1878,.T.);
#1636=ORIENTED_EDGE('',*,*,#2134,.F.);
#1637=ORIENTED_EDGE('',*,*,#1944,.F.);
#1638=ORIENTED_EDGE('',*,*,#2135,.T.);
#1639=ORIENTED_EDGE('',*,*,#1865,.F.);
#1640=ORIENTED_EDGE('',*,*,#2136,.T.);
#1641=ORIENTED_EDGE('',*,*,#1879,.T.);
#1642=ORIENTED_EDGE('',*,*,#2135,.F.);
#1643=ORIENTED_EDGE('',*,*,#1954,.T.);
#1644=ORIENTED_EDGE('',*,*,#2137,.T.);
#1645=ORIENTED_EDGE('',*,*,#1880,.F.);
#1646=ORIENTED_EDGE('',*,*,#2136,.F.);
#1647=ORIENTED_EDGE('',*,*,#1962,.T.);
#1648=ORIENTED_EDGE('',*,*,#2138,.T.);
#1649=ORIENTED_EDGE('',*,*,#1881,.F.);
#1650=ORIENTED_EDGE('',*,*,#2137,.F.);
#1651=ORIENTED_EDGE('',*,*,#1968,.T.);
#1652=ORIENTED_EDGE('',*,*,#2139,.T.);
#1653=ORIENTED_EDGE('',*,*,#1882,.F.);
#1654=ORIENTED_EDGE('',*,*,#2138,.F.);
#1655=ORIENTED_EDGE('',*,*,#1971,.T.);
#1656=ORIENTED_EDGE('',*,*,#2140,.T.);
#1657=ORIENTED_EDGE('',*,*,#1883,.F.);
#1658=ORIENTED_EDGE('',*,*,#2139,.F.);
#1659=ORIENTED_EDGE('',*,*,#1979,.T.);
#1660=ORIENTED_EDGE('',*,*,#2141,.T.);
#1661=ORIENTED_EDGE('',*,*,#1884,.F.);
#1662=ORIENTED_EDGE('',*,*,#2140,.F.);
#1663=ORIENTED_EDGE('',*,*,#1982,.T.);
#1664=ORIENTED_EDGE('',*,*,#2142,.T.);
#1665=ORIENTED_EDGE('',*,*,#1885,.F.);
#1666=ORIENTED_EDGE('',*,*,#2141,.F.);
#1667=ORIENTED_EDGE('',*,*,#1985,.T.);
#1668=ORIENTED_EDGE('',*,*,#2126,.T.);
#1669=ORIENTED_EDGE('',*,*,#1886,.F.);
#1670=ORIENTED_EDGE('',*,*,#2142,.F.);
#1671=ORIENTED_EDGE('',*,*,#1935,.F.);
#1672=ORIENTED_EDGE('',*,*,#1896,.T.);
#1673=ORIENTED_EDGE('',*,*,#1924,.T.);
#1674=ORIENTED_EDGE('',*,*,#2143,.T.);
#1675=ORIENTED_EDGE('',*,*,#1936,.F.);
#1676=ORIENTED_EDGE('',*,*,#2143,.F.);
#1677=ORIENTED_EDGE('',*,*,#2061,.T.);
#1678=ORIENTED_EDGE('',*,*,#2144,.T.);
#1679=ORIENTED_EDGE('',*,*,#1937,.T.);
#1680=ORIENTED_EDGE('',*,*,#2144,.F.);
#1681=ORIENTED_EDGE('',*,*,#1946,.F.);
#1682=ORIENTED_EDGE('',*,*,#2145,.T.);
#1683=ORIENTED_EDGE('',*,*,#1933,.T.);
#1684=ORIENTED_EDGE('',*,*,#2145,.F.);
#1685=ORIENTED_EDGE('',*,*,#1951,.F.);
#1686=ORIENTED_EDGE('',*,*,#2146,.T.);
#1687=ORIENTED_EDGE('',*,*,#1863,.T.);
#1688=ORIENTED_EDGE('',*,*,#2146,.F.);
#1689=ORIENTED_EDGE('',*,*,#1950,.F.);
#1690=ORIENTED_EDGE('',*,*,#2147,.T.);
#1691=ORIENTED_EDGE('',*,*,#1952,.T.);
#1692=ORIENTED_EDGE('',*,*,#2147,.F.);
#1693=ORIENTED_EDGE('',*,*,#1949,.F.);
#1694=ORIENTED_EDGE('',*,*,#2148,.T.);
#1695=ORIENTED_EDGE('',*,*,#1958,.T.);
#1696=ORIENTED_EDGE('',*,*,#2148,.F.);
#1697=ORIENTED_EDGE('',*,*,#1948,.F.);
#1698=ORIENTED_EDGE('',*,*,#2149,.T.);
#1699=ORIENTED_EDGE('',*,*,#2062,.F.);
#1700=ORIENTED_EDGE('',*,*,#2150,.T.);
#1701=ORIENTED_EDGE('',*,*,#1959,.T.);
#1702=ORIENTED_EDGE('',*,*,#2149,.F.);
#1703=ORIENTED_EDGE('',*,*,#1960,.F.);
#1704=ORIENTED_EDGE('',*,*,#2150,.F.);
#1705=ORIENTED_EDGE('',*,*,#1922,.T.);
#1706=ORIENTED_EDGE('',*,*,#2151,.T.);
#1707=ORIENTED_EDGE('',*,*,#1966,.F.);
#1708=ORIENTED_EDGE('',*,*,#2151,.F.);
#1709=ORIENTED_EDGE('',*,*,#1921,.T.);
#1710=ORIENTED_EDGE('',*,*,#2152,.T.);
#1711=ORIENTED_EDGE('',*,*,#1972,.F.);
#1712=ORIENTED_EDGE('',*,*,#2152,.F.);
#1713=ORIENTED_EDGE('',*,*,#1920,.T.);
#1714=ORIENTED_EDGE('',*,*,#2153,.T.);
#1715=ORIENTED_EDGE('',*,*,#2154,.F.);
#1716=ORIENTED_EDGE('',*,*,#1973,.F.);
#1717=ORIENTED_EDGE('',*,*,#2153,.F.);
#1718=ORIENTED_EDGE('',*,*,#2060,.T.);
#1719=ORIENTED_EDGE('',*,*,#2014,.F.);
#1720=ORIENTED_EDGE('',*,*,#2021,.T.);
#1721=ORIENTED_EDGE('',*,*,#1927,.T.);
#1722=ORIENTED_EDGE('',*,*,#2155,.T.);
#1723=ORIENTED_EDGE('',*,*,#2009,.F.);
#1724=ORIENTED_EDGE('',*,*,#2155,.F.);
#1725=ORIENTED_EDGE('',*,*,#1926,.T.);
#1726=ORIENTED_EDGE('',*,*,#2156,.T.);
#1727=ORIENTED_EDGE('',*,*,#1925,.F.);
#1728=ORIENTED_EDGE('',*,*,#1887,.T.);
#1729=ORIENTED_EDGE('',*,*,#1941,.T.);
#1730=ORIENTED_EDGE('',*,*,#2156,.F.);
#1731=ORIENTED_EDGE('',*,*,#2157,.F.);
#1732=ORIENTED_EDGE('',*,*,#2058,.F.);
#1733=ORIENTED_EDGE('',*,*,#2158,.T.);
#1734=ORIENTED_EDGE('',*,*,#1987,.T.);
#1735=ORIENTED_EDGE('',*,*,#1988,.F.);
#1736=ORIENTED_EDGE('',*,*,#2158,.F.);
#1737=ORIENTED_EDGE('',*,*,#1918,.T.);
#1738=ORIENTED_EDGE('',*,*,#2159,.T.);
#1739=ORIENTED_EDGE('',*,*,#1917,.F.);
#1740=ORIENTED_EDGE('',*,*,#2160,.T.);
#1741=ORIENTED_EDGE('',*,*,#1994,.T.);
#1742=ORIENTED_EDGE('',*,*,#2159,.F.);
#1743=ORIENTED_EDGE('',*,*,#2056,.F.);
#1744=ORIENTED_EDGE('',*,*,#2160,.F.);
#1745=ORIENTED_EDGE('',*,*,#1916,.T.);
#1746=ORIENTED_EDGE('',*,*,#2161,.T.);
#1747=ORIENTED_EDGE('',*,*,#2055,.F.);
#1748=ORIENTED_EDGE('',*,*,#2161,.F.);
#1749=ORIENTED_EDGE('',*,*,#1915,.T.);
#1750=ORIENTED_EDGE('',*,*,#2048,.T.);
#1751=ORIENTED_EDGE('',*,*,#2012,.T.);
#1752=ORIENTED_EDGE('',*,*,#2162,.T.);
#1753=ORIENTED_EDGE('',*,*,#2098,.F.);
#1754=ORIENTED_EDGE('',*,*,#2018,.T.);
#1755=ORIENTED_EDGE('',*,*,#2095,.T.);
#1756=ORIENTED_EDGE('',*,*,#2163,.T.);
#1757=ORIENTED_EDGE('',*,*,#2099,.F.);
#1758=ORIENTED_EDGE('',*,*,#2162,.F.);
#1759=ORIENTED_EDGE('',*,*,#2102,.T.);
#1760=ORIENTED_EDGE('',*,*,#2164,.T.);
#1761=ORIENTED_EDGE('',*,*,#2100,.F.);
#1762=ORIENTED_EDGE('',*,*,#2163,.F.);
#1763=ORIENTED_EDGE('',*,*,#2030,.T.);
#1764=ORIENTED_EDGE('',*,*,#2027,.T.);
#1765=ORIENTED_EDGE('',*,*,#2101,.F.);
#1766=ORIENTED_EDGE('',*,*,#2164,.F.);
#1767=ORIENTED_EDGE('',*,*,#2035,.F.);
#1768=ORIENTED_EDGE('',*,*,#2041,.T.);
#1769=ORIENTED_EDGE('',*,*,#1911,.T.);
#1770=ORIENTED_EDGE('',*,*,#2165,.T.);
#1771=ORIENTED_EDGE('',*,*,#1932,.F.);
#1772=ORIENTED_EDGE('',*,*,#2166,.T.);
#1773=ORIENTED_EDGE('',*,*,#2001,.T.);
#1774=ORIENTED_EDGE('',*,*,#2165,.F.);
#1775=ORIENTED_EDGE('',*,*,#2029,.F.);
#1776=ORIENTED_EDGE('',*,*,#2166,.F.);
#1777=ORIENTED_EDGE('',*,*,#1931,.T.);
#1778=ORIENTED_EDGE('',*,*,#2025,.T.);
#1779=ORIENTED_EDGE('',*,*,#1986,.T.);
#1780=ORIENTED_EDGE('',*,*,#2167,.T.);
#1781=ORIENTED_EDGE('',*,*,#2066,.F.);
#1782=ORIENTED_EDGE('',*,*,#2157,.T.);
#1783=ORIENTED_EDGE('',*,*,#1983,.T.);
#1784=ORIENTED_EDGE('',*,*,#2168,.T.);
#1785=ORIENTED_EDGE('',*,*,#2067,.F.);
#1786=ORIENTED_EDGE('',*,*,#2167,.F.);
#1787=ORIENTED_EDGE('',*,*,#1980,.T.);
#1788=ORIENTED_EDGE('',*,*,#2169,.T.);
#1789=ORIENTED_EDGE('',*,*,#2068,.F.);
#1790=ORIENTED_EDGE('',*,*,#2168,.F.);
#1791=ORIENTED_EDGE('',*,*,#1977,.T.);
#1792=ORIENTED_EDGE('',*,*,#2170,.T.);
#1793=ORIENTED_EDGE('',*,*,#2069,.F.);
#1794=ORIENTED_EDGE('',*,*,#2169,.F.);
#1795=ORIENTED_EDGE('',*,*,#1969,.T.);
#1796=ORIENTED_EDGE('',*,*,#2154,.T.);
#1797=ORIENTED_EDGE('',*,*,#2070,.F.);
#1798=ORIENTED_EDGE('',*,*,#2170,.F.);
#1799=ORIENTED_EDGE('',*,*,#2033,.T.);
#1800=ORIENTED_EDGE('',*,*,#2171,.T.);
#1801=ORIENTED_EDGE('',*,*,#2108,.F.);
#1802=ORIENTED_EDGE('',*,*,#2038,.T.);
#1803=ORIENTED_EDGE('',*,*,#2104,.T.);
#1804=ORIENTED_EDGE('',*,*,#2172,.T.);
#1805=ORIENTED_EDGE('',*,*,#2109,.F.);
#1806=ORIENTED_EDGE('',*,*,#2171,.F.);
#1807=ORIENTED_EDGE('',*,*,#2112,.T.);
#1808=ORIENTED_EDGE('',*,*,#2173,.T.);
#1809=ORIENTED_EDGE('',*,*,#2110,.F.);
#1810=ORIENTED_EDGE('',*,*,#2172,.F.);
#1811=ORIENTED_EDGE('',*,*,#2050,.T.);
#1812=ORIENTED_EDGE('',*,*,#2046,.T.);
#1813=ORIENTED_EDGE('',*,*,#2111,.F.);
#1814=ORIENTED_EDGE('',*,*,#2173,.F.);
#1815=ORIENTED_EDGE('',*,*,#2174,.T.);
#1816=ORIENTED_EDGE('',*,*,#2175,.T.);
#1817=ORIENTED_EDGE('',*,*,#2176,.F.);
#1818=ORIENTED_EDGE('',*,*,#2177,.F.);
#1819=ORIENTED_EDGE('',*,*,#2178,.T.);
#1820=ORIENTED_EDGE('',*,*,#2179,.T.);
#1821=ORIENTED_EDGE('',*,*,#2180,.F.);
#1822=ORIENTED_EDGE('',*,*,#2175,.F.);
#1823=ORIENTED_EDGE('',*,*,#2181,.T.);
#1824=ORIENTED_EDGE('',*,*,#2182,.T.);
#1825=ORIENTED_EDGE('',*,*,#2183,.F.);
#1826=ORIENTED_EDGE('',*,*,#2179,.F.);
#1827=ORIENTED_EDGE('',*,*,#2184,.T.);
#1828=ORIENTED_EDGE('',*,*,#2177,.T.);
#1829=ORIENTED_EDGE('',*,*,#2185,.F.);
#1830=ORIENTED_EDGE('',*,*,#2182,.F.);
#1831=ORIENTED_EDGE('',*,*,#2176,.T.);
#1832=ORIENTED_EDGE('',*,*,#2180,.T.);
#1833=ORIENTED_EDGE('',*,*,#2183,.T.);
#1834=ORIENTED_EDGE('',*,*,#2185,.T.);
#1835=ORIENTED_EDGE('',*,*,#2184,.F.);
#1836=ORIENTED_EDGE('',*,*,#2181,.F.);
#1837=ORIENTED_EDGE('',*,*,#2178,.F.);
#1838=ORIENTED_EDGE('',*,*,#2174,.F.);
#1839=ORIENTED_EDGE('',*,*,#2186,.T.);
#1840=ORIENTED_EDGE('',*,*,#2187,.T.);
#1841=ORIENTED_EDGE('',*,*,#2188,.F.);
#1842=ORIENTED_EDGE('',*,*,#2189,.F.);
#1843=ORIENTED_EDGE('',*,*,#2190,.F.);
#1844=ORIENTED_EDGE('',*,*,#2191,.F.);
#1845=ORIENTED_EDGE('',*,*,#2192,.F.);
#1846=ORIENTED_EDGE('',*,*,#2186,.F.);
#1847=ORIENTED_EDGE('',*,*,#2192,.T.);
#1848=ORIENTED_EDGE('',*,*,#2193,.T.);
#1849=ORIENTED_EDGE('',*,*,#2194,.F.);
#1850=ORIENTED_EDGE('',*,*,#2187,.F.);
#1851=ORIENTED_EDGE('',*,*,#2188,.T.);
#1852=ORIENTED_EDGE('',*,*,#2194,.T.);
#1853=ORIENTED_EDGE('',*,*,#2195,.T.);
#1854=ORIENTED_EDGE('',*,*,#2196,.T.);
#1855=ORIENTED_EDGE('',*,*,#2190,.T.);
#1856=ORIENTED_EDGE('',*,*,#2189,.T.);
#1857=ORIENTED_EDGE('',*,*,#2196,.F.);
#1858=ORIENTED_EDGE('',*,*,#2197,.F.);
#1859=ORIENTED_EDGE('',*,*,#2191,.T.);
#1860=ORIENTED_EDGE('',*,*,#2197,.T.);
#1861=ORIENTED_EDGE('',*,*,#2195,.F.);
#1862=ORIENTED_EDGE('',*,*,#2193,.F.);
#1863=EDGE_CURVE('',#2198,#2199,#2200,.T.);
#1864=EDGE_CURVE('',#2198,#2201,#2202,.T.);
#1865=EDGE_CURVE('',#2201,#2203,#2204,.T.);
#1866=EDGE_CURVE('',#2203,#2205,#2206,.T.);
#1867=EDGE_CURVE('',#2205,#2207,#2208,.T.);
#1868=EDGE_CURVE('',#2199,#2207,#2209,.T.);
#1869=EDGE_CURVE('',#2210,#2211,#2212,.T.);
#1870=EDGE_CURVE('',#2211,#2213,#2214,.T.);
#1871=EDGE_CURVE('',#2213,#2215,#2216,.T.);
#1872=EDGE_CURVE('',#2215,#2217,#2218,.T.);
#1873=EDGE_CURVE('',#2217,#2219,#2220,.T.);
#1874=EDGE_CURVE('',#2219,#2221,#2222,.T.);
#1875=EDGE_CURVE('',#2223,#2221,#2224,.T.);
#1876=EDGE_CURVE('',#2225,#2223,#2226,.F.);
#1877=EDGE_CURVE('',#2227,#2225,#2228,.T.);
#1878=EDGE_CURVE('',#2229,#2227,#2230,.F.);
#1879=EDGE_CURVE('',#2231,#2229,#2232,.T.);
#1880=EDGE_CURVE('',#2231,#2233,#2234,.T.);
#1881=EDGE_CURVE('',#2233,#2235,#2236,.T.);
#1882=EDGE_CURVE('',#2235,#2237,#2238,.T.);
#1883=EDGE_CURVE('',#2237,#2239,#2240,.T.);
#1884=EDGE_CURVE('',#2239,#2241,#2242,.T.);
#1885=EDGE_CURVE('',#2241,#2243,#2244,.T.);
#1886=EDGE_CURVE('',#2243,#2210,#2245,.T.);
#1887=EDGE_CURVE('',#2246,#2247,#2248,.T.);
#1888=EDGE_CURVE('',#2249,#2246,#2250,.T.);
#1889=EDGE_CURVE('',#2251,#2249,#2252,.T.);
#1890=EDGE_CURVE('',#2253,#2251,#2254,.T.);
#1891=EDGE_CURVE('',#2255,#2253,#2256,.T.);
#1892=EDGE_CURVE('',#2247,#2255,#2257,.F.);
#1893=EDGE_CURVE('',#2258,#2259,#2260,.T.);
#1894=EDGE_CURVE('',#2255,#2259,#2261,.T.);
#1895=EDGE_CURVE('',#2258,#2253,#2262,.T.);
#1896=EDGE_CURVE('',#2263,#2264,#2265,.T.);
#1897=EDGE_CURVE('',#2266,#2263,#2267,.T.);
#1898=EDGE_CURVE('',#2266,#2268,#2269,.T.);
#1899=EDGE_CURVE('',#2251,#2268,#2270,.T.);
#1900=EDGE_CURVE('',#2249,#2264,#2271,.F.);
#1901=EDGE_CURVE('',#2272,#2266,#2273,.T.);
#1902=EDGE_CURVE('',#2272,#2274,#2275,.T.);
#1903=EDGE_CURVE('',#2268,#2274,#2276,.T.);
#1904=EDGE_CURVE('',#2277,#2278,#2279,.T.);
#1905=EDGE_CURVE('',#2207,#2277,#2280,.F.);
#1906=EDGE_CURVE('',#2281,#2205,#2282,.F.);
#1907=EDGE_CURVE('',#2281,#2283,#2284,.F.);
#1908=EDGE_CURVE('',#2278,#2283,#2285,.T.);
#1909=EDGE_CURVE('',#2278,#2272,#2286,.T.);
#1910=EDGE_CURVE('',#2274,#2283,#2287,.T.);
#1911=EDGE_CURVE('',#2288,#2289,#2290,.T.);
#1912=EDGE_CURVE('',#2291,#2288,#2292,.F.);
#1913=EDGE_CURVE('',#2291,#2293,#2294,.T.);
#1914=EDGE_CURVE('',#2295,#2293,#2296,.F.);
#1915=EDGE_CURVE('',#2297,#2295,#2298,.T.);
#1916=EDGE_CURVE('',#2299,#2297,#2300,.T.);
#1917=EDGE_CURVE('',#2299,#2301,#2302,.F.);
#1918=EDGE_CURVE('',#2303,#2301,#2304,.T.);
#1919=EDGE_CURVE('',#2305,#2303,#2306,.F.);
#1920=EDGE_CURVE('',#2307,#2305,#2308,.T.);
#1921=EDGE_CURVE('',#2309,#2307,#2310,.T.);
#1922=EDGE_CURVE('',#2311,#2309,#2312,.T.);
#1923=EDGE_CURVE('',#2313,#2311,#2314,.F.);
#1924=EDGE_CURVE('',#2264,#2313,#2315,.T.);
#1925=EDGE_CURVE('',#2246,#2316,#2317,.F.);
#1926=EDGE_CURVE('',#2318,#2316,#2319,.T.);
#1927=EDGE_CURVE('',#2320,#2318,#2321,.T.);
#1928=EDGE_CURVE('',#2322,#2320,#2323,.F.);
#1929=EDGE_CURVE('',#2322,#2324,#2325,.T.);
#1930=EDGE_CURVE('',#2326,#2324,#2327,.F.);
#1931=EDGE_CURVE('',#2328,#2326,#2329,.T.);
#1932=EDGE_CURVE('',#2328,#2289,#2330,.F.);
#1933=EDGE_CURVE('',#2199,#2331,#2332,.T.);
#1934=EDGE_CURVE('',#2331,#2277,#2333,.T.);
#1935=EDGE_CURVE('',#2263,#2334,#2335,.T.);
#1936=EDGE_CURVE('',#2334,#2336,#2337,.T.);
#1937=EDGE_CURVE('',#2331,#2336,#2338,.T.);
#1938=EDGE_CURVE('',#2339,#2340,#2341,.F.);
#1939=EDGE_CURVE('',#2340,#2342,#2343,.F.);
#1940=EDGE_CURVE('',#2342,#2339,#2344,.F.);
#1941=EDGE_CURVE('',#2247,#2345,#2346,.F.);
#1942=EDGE_CURVE('',#2347,#2259,#2348,.T.);
#1943=EDGE_CURVE('',#2347,#2345,#2349,.F.);
#1944=EDGE_CURVE('',#2203,#2350,#2351,.F.);
#1945=EDGE_CURVE('',#2350,#2281,#2352,.T.);
#1946=EDGE_CURVE('',#2353,#2354,#2355,.T.);
#1947=EDGE_CURVE('',#2354,#2356,#2357,.T.);
#1948=EDGE_CURVE('',#2356,#2358,#2359,.T.);
#1949=EDGE_CURVE('',#2358,#2360,#2361,.T.);
#1950=EDGE_CURVE('',#2360,#2362,#2363,.T.);
#1951=EDGE_CURVE('',#2362,#2353,#2364,.T.);
#1952=EDGE_CURVE('',#2365,#2198,#2366,.T.);
#1953=EDGE_CURVE('',#2365,#2367,#2368,.T.);
#1954=EDGE_CURVE('',#2201,#2367,#2369,.T.);
#1955=EDGE_CURVE('',#2370,#2258,#2371,.F.);
#1956=EDGE_CURVE('',#2370,#2268,#2372,.T.);
#1957=EDGE_CURVE('',#2350,#2370,#2373,.T.);
#1958=EDGE_CURVE('',#2374,#2365,#2375,.T.);
#1959=EDGE_CURVE('',#2376,#2374,#2377,.T.);
#1960=EDGE_CURVE('',#2376,#2378,#2379,.T.);
#1961=EDGE_CURVE('',#2378,#2380,#2381,.T.);
#1962=EDGE_CURVE('',#2367,#2380,#2382,.T.);
#1963=EDGE_CURVE('',#2383,#2384,#2385,.T.);
#1964=EDGE_CURVE('',#2384,#2386,#2387,.F.);
#1965=EDGE_CURVE('',#2386,#2383,#2388,.F.);
#1966=EDGE_CURVE('',#2378,#2389,#2390,.T.);
#1967=EDGE_CURVE('',#2389,#2391,#2392,.T.);
#1968=EDGE_CURVE('',#2380,#2391,#2393,.T.);
#1969=EDGE_CURVE('',#2394,#2395,#2396,.T.);
#1970=EDGE_CURVE('',#2394,#2397,#2398,.T.);
#1971=EDGE_CURVE('',#2391,#2397,#2399,.T.);
#1972=EDGE_CURVE('',#2389,#2400,#2401,.T.);
#1973=EDGE_CURVE('',#2400,#2395,#2402,.T.);
#1974=EDGE_CURVE('',#2403,#2404,#2405,.T.);
#1975=EDGE_CURVE('',#2404,#2406,#2407,.F.);
#1976=EDGE_CURVE('',#2406,#2403,#2408,.F.);
#1977=EDGE_CURVE('',#2409,#2394,#2410,.T.);
#1978=EDGE_CURVE('',#2409,#2411,#2412,.T.);
#1979=EDGE_CURVE('',#2397,#2411,#2413,.T.);
#1980=EDGE_CURVE('',#2414,#2409,#2415,.T.);
#1981=EDGE_CURVE('',#2414,#2416,#2417,.T.);
#1982=EDGE_CURVE('',#2411,#2416,#2418,.T.);
#1983=EDGE_CURVE('',#2419,#2414,#2420,.T.);
#1984=EDGE_CURVE('',#2419,#2421,#2422,.T.);
#1985=EDGE_CURVE('',#2416,#2421,#2423,.T.);
#1986=EDGE_CURVE('',#2424,#2419,#2425,.T.);
#1987=EDGE_CURVE('',#2426,#2424,#2427,.T.);
#1988=EDGE_CURVE('',#2426,#2428,#2429,.T.);
#1989=EDGE_CURVE('',#2430,#2428,#2431,.F.);
#1990=EDGE_CURVE('',#2421,#2430,#2432,.T.);
#1991=EDGE_CURVE('',#2433,#2434,#2435,.F.);
#1992=EDGE_CURVE('',#2434,#2436,#2437,.F.);
#1993=EDGE_CURVE('',#2436,#2433,#2438,.F.);
#1994=EDGE_CURVE('',#2439,#2428,#2440,.F.);
#1995=EDGE_CURVE('',#2439,#2441,#2442,.T.);
#1996=EDGE_CURVE('',#2430,#2441,#2443,.T.);
#1997=EDGE_CURVE('',#2444,#2445,#2446,.T.);
#1998=EDGE_CURVE('',#2447,#2444,#2448,.T.);
#1999=EDGE_CURVE('',#2449,#2447,#2450,.T.);
#2000=EDGE_CURVE('',#2449,#2445,#2451,.T.);
#2001=EDGE_CURVE('',#2452,#2453,#2454,.F.);
#2002=EDGE_CURVE('',#2452,#2455,#2456,.T.);
#2003=EDGE_CURVE('',#2457,#2455,#2458,.T.);
#2004=EDGE_CURVE('',#2457,#2453,#2459,.F.);
#2005=EDGE_CURVE('',#2460,#2461,#2462,.T.);
#2006=EDGE_CURVE('',#2463,#2460,#2464,.T.);
#2007=EDGE_CURVE('',#2465,#2463,#2466,.T.);
#2008=EDGE_CURVE('',#2465,#2461,#2467,.T.);
#2009=EDGE_CURVE('',#2468,#2345,#2469,.T.);
#2010=EDGE_CURVE('',#2347,#2470,#2471,.T.);
#2011=EDGE_CURVE('',#2468,#2470,#2472,.T.);
#2012=EDGE_CURVE('',#2473,#2474,#2475,.T.);
#2013=EDGE_CURVE('',#2476,#2473,#2477,.T.);
#2014=EDGE_CURVE('',#2476,#2468,#2478,.T.);
#2015=EDGE_CURVE('',#2470,#2479,#2480,.F.);
#2016=EDGE_CURVE('',#2479,#2481,#2482,.F.);
#2017=EDGE_CURVE('',#2474,#2481,#2483,.T.);
#2018=EDGE_CURVE('',#2484,#2473,#2485,.F.);
#2019=EDGE_CURVE('',#2486,#2484,#2487,.T.);
#2020=EDGE_CURVE('',#2486,#2322,#2488,.T.);
#2021=EDGE_CURVE('',#2476,#2320,#2489,.T.);
#2022=EDGE_CURVE('',#2324,#2490,#2491,.F.);
#2023=EDGE_CURVE('',#2490,#2486,#2492,.T.);
#2024=EDGE_CURVE('',#2493,#2493,#2494,.F.);
#2025=EDGE_CURVE('',#2326,#2495,#2496,.F.);
#2026=EDGE_CURVE('',#2497,#2490,#2498,.T.);
#2027=EDGE_CURVE('',#2499,#2497,#2500,.F.);
#2028=EDGE_CURVE('',#2495,#2499,#2501,.T.);
#2029=EDGE_CURVE('',#2452,#2495,#2502,.T.);
#2030=EDGE_CURVE('',#2503,#2499,#2504,.T.);
#2031=EDGE_CURVE('',#2503,#2505,#2506,.T.);
#2032=EDGE_CURVE('',#2505,#2455,#2507,.F.);
#2033=EDGE_CURVE('',#2508,#2509,#2510,.T.);
#2034=EDGE_CURVE('',#2511,#2508,#2512,.T.);
#2035=EDGE_CURVE('',#2511,#2453,#2513,.T.);
#2036=EDGE_CURVE('',#2457,#2514,#2515,.T.);
#2037=EDGE_CURVE('',#2509,#2514,#2516,.T.);
#2038=EDGE_CURVE('',#2517,#2508,#2518,.F.);
#2039=EDGE_CURVE('',#2519,#2517,#2520,.T.);
#2040=EDGE_CURVE('',#2519,#2291,#2521,.T.);
#2041=EDGE_CURVE('',#2511,#2288,#2522,.F.);
#2042=EDGE_CURVE('',#2523,#2519,#2524,.T.);
#2043=EDGE_CURVE('',#2525,#2523,#2526,.T.);
#2044=EDGE_CURVE('',#2293,#2525,#2527,.F.);
#2045=EDGE_CURVE('',#2528,#2528,#2529,.F.);
#2046=EDGE_CURVE('',#2530,#2531,#2532,.T.);
#2047=EDGE_CURVE('',#2533,#2530,#2534,.T.);
#2048=EDGE_CURVE('',#2295,#2533,#2535,.F.);
#2049=EDGE_CURVE('',#2531,#2525,#2536,.T.);
#2050=EDGE_CURVE('',#2537,#2530,#2538,.T.);
#2051=EDGE_CURVE('',#2537,#2539,#2540,.T.);
#2052=EDGE_CURVE('',#2539,#2541,#2542,.T.);
#2053=EDGE_CURVE('',#2541,#2543,#2544,.F.);
#2054=EDGE_CURVE('',#2545,#2543,#2546,.T.);
#2055=EDGE_CURVE('',#2545,#2533,#2547,.T.);
#2056=EDGE_CURVE('',#2439,#2545,#2548,.T.);
#2057=EDGE_CURVE('',#2543,#2441,#2549,.F.);
#2058=EDGE_CURVE('',#2303,#2550,#2551,.T.);
#2059=EDGE_CURVE('',#2552,#2550,#2553,.T.);
#2060=EDGE_CURVE('',#2305,#2552,#2554,.T.);
#2061=EDGE_CURVE('',#2313,#2354,#2555,.T.);
#2062=EDGE_CURVE('',#2311,#2356,#2556,.T.);
#2063=EDGE_CURVE('',#2384,#2339,#2557,.T.);
#2064=EDGE_CURVE('',#2383,#2340,#2558,.T.);
#2065=EDGE_CURVE('',#2386,#2342,#2559,.T.);
#2066=EDGE_CURVE('',#2550,#2560,#2561,.T.);
#2067=EDGE_CURVE('',#2560,#2562,#2563,.T.);
#2068=EDGE_CURVE('',#2562,#2564,#2565,.T.);
#2069=EDGE_CURVE('',#2564,#2566,#2567,.T.);
#2070=EDGE_CURVE('',#2566,#2552,#2568,.T.);
#2071=EDGE_CURVE('',#2404,#2433,#2569,.T.);
#2072=EDGE_CURVE('',#2403,#2434,#2570,.T.);
#2073=EDGE_CURVE('',#2406,#2436,#2571,.T.);
#2074=EDGE_CURVE('',#2572,#2573,#2574,.T.);
#2075=EDGE_CURVE('',#2575,#2573,#2576,.T.);
#2076=EDGE_CURVE('',#2447,#2575,#2577,.T.);
#2077=EDGE_CURVE('',#2444,#2572,#2578,.T.);
#2078=EDGE_CURVE('',#2575,#2579,#2580,.T.);
#2079=EDGE_CURVE('',#2579,#2449,#2581,.T.);
#2080=EDGE_CURVE('',#2582,#2445,#2583,.F.);
#2081=EDGE_CURVE('',#2579,#2584,#2585,.T.);
#2082=EDGE_CURVE('',#2582,#2584,#2586,.T.);
#2083=EDGE_CURVE('',#2455,#2460,#2587,.T.);
#2084=EDGE_CURVE('',#2588,#2505,#2589,.F.);
#2085=EDGE_CURVE('',#2588,#2590,#2591,.F.);
#2086=EDGE_CURVE('',#2460,#2590,#2592,.T.);
#2087=EDGE_CURVE('',#2590,#2593,#2594,.T.);
#2088=EDGE_CURVE('',#2595,#2593,#2596,.T.);
#2089=EDGE_CURVE('',#2463,#2595,#2597,.T.);
#2090=EDGE_CURVE('',#2595,#2598,#2599,.T.);
#2091=EDGE_CURVE('',#2598,#2465,#2600,.T.);
#2092=EDGE_CURVE('',#2601,#2461,#2602,.F.);
#2093=EDGE_CURVE('',#2598,#2603,#2604,.T.);
#2094=EDGE_CURVE('',#2601,#2603,#2605,.T.);
#2095=EDGE_CURVE('',#2474,#2606,#2607,.T.);
#2096=EDGE_CURVE('',#2481,#2608,#2609,.F.);
#2097=EDGE_CURVE('',#2606,#2608,#2610,.T.);
#2098=EDGE_CURVE('',#2484,#2611,#2612,.T.);
#2099=EDGE_CURVE('',#2611,#2613,#2614,.T.);
#2100=EDGE_CURVE('',#2613,#2615,#2616,.T.);
#2101=EDGE_CURVE('',#2615,#2497,#2617,.T.);
#2102=EDGE_CURVE('',#2606,#2503,#2618,.T.);
#2103=EDGE_CURVE('',#2608,#2588,#2619,.T.);
#2104=EDGE_CURVE('',#2509,#2620,#2621,.T.);
#2105=EDGE_CURVE('',#2514,#2622,#2623,.F.);
#2106=EDGE_CURVE('',#2622,#2624,#2625,.F.);
#2107=EDGE_CURVE('',#2620,#2624,#2626,.T.);
#2108=EDGE_CURVE('',#2517,#2627,#2628,.T.);
#2109=EDGE_CURVE('',#2627,#2629,#2630,.T.);
#2110=EDGE_CURVE('',#2629,#2631,#2632,.T.);
#2111=EDGE_CURVE('',#2631,#2531,#2633,.T.);
#2112=EDGE_CURVE('',#2620,#2537,#2634,.T.);
#2113=EDGE_CURVE('',#2624,#2539,#2635,.F.);
#2114=EDGE_CURVE('',#2481,#2601,#2636,.T.);
#2115=EDGE_CURVE('',#2601,#2479,#2637,.T.);
#2116=EDGE_CURVE('',#2541,#2572,#2638,.F.);
#2117=EDGE_CURVE('',#2539,#2572,#2639,.T.);
#2118=EDGE_CURVE('',#2573,#2584,#2640,.T.);
#2119=EDGE_CURVE('',#2572,#2582,#2641,.T.);
#2120=EDGE_CURVE('',#2608,#2590,#2642,.T.);
#2121=EDGE_CURVE('',#2624,#2582,#2643,.T.);
#2122=EDGE_CURVE('',#2582,#2622,#2644,.T.);
#2123=EDGE_CURVE('',#2593,#2603,#2645,.T.);
#2124=EDGE_CURVE('',#2590,#2601,#2646,.T.);
#2125=EDGE_CURVE('',#2430,#2211,#2647,.T.);
#2126=EDGE_CURVE('',#2421,#2210,#2648,.T.);
#2127=EDGE_CURVE('',#2444,#2213,#2649,.T.);
#2128=EDGE_CURVE('',#2445,#2215,#2650,.T.);
#2129=EDGE_CURVE('',#2460,#2217,#2651,.T.);
#2130=EDGE_CURVE('',#2461,#2219,#2652,.T.);
#2131=EDGE_CURVE('',#2259,#2221,#2653,.T.);
#2132=EDGE_CURVE('',#2258,#2223,#2654,.T.);
#2133=EDGE_CURVE('',#2370,#2225,#2655,.F.);
#2134=EDGE_CURVE('',#2350,#2227,#2656,.T.);
#2135=EDGE_CURVE('',#2203,#2229,#2657,.F.);
#2136=EDGE_CURVE('',#2201,#2231,#2658,.T.);
#2137=EDGE_CURVE('',#2367,#2233,#2659,.T.);
#2138=EDGE_CURVE('',#2380,#2235,#2660,.T.);
#2139=EDGE_CURVE('',#2391,#2237,#2661,.T.);
#2140=EDGE_CURVE('',#2397,#2239,#2662,.T.);
#2141=EDGE_CURVE('',#2411,#2241,#2663,.T.);
#2142=EDGE_CURVE('',#2416,#2243,#2664,.T.);
#2143=EDGE_CURVE('',#2313,#2334,#2665,.F.);
#2144=EDGE_CURVE('',#2354,#2336,#2666,.F.);
#2145=EDGE_CURVE('',#2353,#2331,#2667,.F.);
#2146=EDGE_CURVE('',#2362,#2199,#2668,.F.);
#2147=EDGE_CURVE('',#2360,#2198,#2669,.F.);
#2148=EDGE_CURVE('',#2358,#2365,#2670,.F.);
#2149=EDGE_CURVE('',#2356,#2374,#2671,.F.);
#2150=EDGE_CURVE('',#2311,#2376,#2672,.T.);
#2151=EDGE_CURVE('',#2309,#2378,#2673,.F.);
#2152=EDGE_CURVE('',#2307,#2389,#2674,.F.);
#2153=EDGE_CURVE('',#2305,#2400,#2675,.F.);
#2154=EDGE_CURVE('',#2395,#2552,#2676,.F.);
#2155=EDGE_CURVE('',#2318,#2468,#2677,.F.);
#2156=EDGE_CURVE('',#2316,#2345,#2678,.F.);
#2157=EDGE_CURVE('',#2550,#2424,#2679,.F.);
#2158=EDGE_CURVE('',#2303,#2426,#2680,.T.);
#2159=EDGE_CURVE('',#2301,#2428,#2681,.F.);
#2160=EDGE_CURVE('',#2299,#2439,#2682,.T.);
#2161=EDGE_CURVE('',#2297,#2545,#2683,.F.);
#2162=EDGE_CURVE('',#2474,#2611,#2684,.T.);
#2163=EDGE_CURVE('',#2606,#2613,#2685,.T.);
#2164=EDGE_CURVE('',#2503,#2615,#2686,.T.);
#2165=EDGE_CURVE('',#2289,#2453,#2687,.F.);
#2166=EDGE_CURVE('',#2328,#2452,#2688,.T.);
#2167=EDGE_CURVE('',#2419,#2560,#2689,.T.);
#2168=EDGE_CURVE('',#2414,#2562,#2690,.T.);
#2169=EDGE_CURVE('',#2409,#2564,#2691,.T.);
#2170=EDGE_CURVE('',#2394,#2566,#2692,.T.);
#2171=EDGE_CURVE('',#2509,#2627,#2693,.T.);
#2172=EDGE_CURVE('',#2620,#2629,#2694,.T.);
#2173=EDGE_CURVE('',#2537,#2631,#2695,.T.);
#2174=EDGE_CURVE('',#2696,#2697,#2698,.T.);
#2175=EDGE_CURVE('',#2697,#2699,#2700,.T.);
#2176=EDGE_CURVE('',#2701,#2699,#2702,.T.);
#2177=EDGE_CURVE('',#2696,#2701,#2703,.T.);
#2178=EDGE_CURVE('',#2697,#2704,#2705,.T.);
#2179=EDGE_CURVE('',#2704,#2706,#2707,.T.);
#2180=EDGE_CURVE('',#2699,#2706,#2708,.T.);
#2181=EDGE_CURVE('',#2704,#2709,#2710,.T.);
#2182=EDGE_CURVE('',#2709,#2711,#2712,.T.);
#2183=EDGE_CURVE('',#2706,#2711,#2713,.T.);
#2184=EDGE_CURVE('',#2709,#2696,#2714,.T.);
#2185=EDGE_CURVE('',#2711,#2701,#2715,.T.);
#2186=EDGE_CURVE('',#2716,#2717,#2718,.T.);
#2187=EDGE_CURVE('',#2717,#2719,#2720,.T.);
#2188=EDGE_CURVE('',#2721,#2719,#2722,.T.);
#2189=EDGE_CURVE('',#2716,#2721,#2723,.T.);
#2190=EDGE_CURVE('',#2724,#2716,#2725,.T.);
#2191=EDGE_CURVE('',#2726,#2724,#2727,.T.);
#2192=EDGE_CURVE('',#2717,#2726,#2728,.T.);
#2193=EDGE_CURVE('',#2726,#2729,#2730,.T.);
#2194=EDGE_CURVE('',#2719,#2729,#2731,.T.);
#2195=EDGE_CURVE('',#2729,#2732,#2733,.T.);
#2196=EDGE_CURVE('',#2732,#2721,#2734,.T.);
#2197=EDGE_CURVE('',#2724,#2732,#2735,.T.);
#2198=VERTEX_POINT('',#2736);
#2199=VERTEX_POINT('',#2737);
#2200=LINE('',#2738,#2739);
#2201=VERTEX_POINT('',#2741);
#2202=LINE('',#2742,#2743);
#2203=VERTEX_POINT('',#2745);
#2204=LINE('',#2746,#2747);
#2205=VERTEX_POINT('',#2749);
#2206=LINE('',#2750,#2751);
#2207=VERTEX_POINT('',#2753);
#2208=LINE('',#2754,#2755);
#2209=LINE('',#2757,#2758);
#2210=VERTEX_POINT('',#2760);
#2211=VERTEX_POINT('',#2761);
#2212=LINE('',#2762,#2763);
#2213=VERTEX_POINT('',#2765);
#2214=CIRCLE('',#2766,6.84489679447154);
#2215=VERTEX_POINT('',#2770);
#2216=LINE('',#2771,#2772);
#2217=VERTEX_POINT('',#2774);
#2218=CIRCLE('',#2775,6.84489679447154);
#2219=VERTEX_POINT('',#2779);
#2220=LINE('',#2780,#2781);
#2221=VERTEX_POINT('',#2783);
#2222=CIRCLE('',#2784,6.84489679447154);
#2223=VERTEX_POINT('',#2788);
#2224=LINE('',#2789,#2790);
#2225=VERTEX_POINT('',#2792);
#2226=CIRCLE('',#2793,0.400000000000001);
#2227=VERTEX_POINT('',#2797);
#2228=LINE('',#2798,#2799);
#2229=VERTEX_POINT('',#2801);
#2230=CIRCLE('',#2802,0.400000000000002);
#2231=VERTEX_POINT('',#2806);
#2232=LINE('',#2807,#2808);
#2233=VERTEX_POINT('',#2810);
#2234=CIRCLE('',#2811,0.400000000000002);
#2235=VERTEX_POINT('',#2815);
#2236=LINE('',#2816,#2817);
#2237=VERTEX_POINT('',#2819);
#2238=CIRCLE('',#2820,4.44145188432738);
#2239=VERTEX_POINT('',#2824);
#2240=LINE('',#2825,#2826);
#2241=VERTEX_POINT('',#2828);
#2242=CIRCLE('',#2829,0.4);
#2243=VERTEX_POINT('',#2833);
#2244=LINE('',#2834,#2835);
#2245=CIRCLE('',#2837,0.400000000000003);
#2246=VERTEX_POINT('',#2841);
#2247=VERTEX_POINT('',#2842);
#2248=B_SPLINE_CURVE_WITH_KNOTS('',3,
(#2843,#2844,#2845,#2846,#2847,#2848,#2849),
.UNSPECIFIED.,.F.,.F.,
(4,1,1,1,4),
(0.,0.249979192828425,0.500000153643578,0.750021067042099,1.),
.UNSPECIFIED.);
#2249=VERTEX_POINT('',#2850);
#2250=LINE('',#2851,#2852);
#2251=VERTEX_POINT('',#2854);
#2252=LINE('',#2855,#2856);
#2253=VERTEX_POINT('',#2858);
#2254=(BOUNDED_CURVE()B_SPLINE_CURVE(3,
(#2859,#2860,#2861,#2862),
.UNSPECIFIED.,.F.,.F.)B_SPLINE_CURVE_WITH_KNOTS((4,4),
(0.,1.),
.UNSPECIFIED.)CURVE()GEOMETRIC_REPRESENTATION_ITEM()RATIONAL_B_SPLINE_CURVE((1.,
0.804737854124365,0.804737854124365,1.))REPRESENTATION_ITEM(''));
#2255=VERTEX_POINT('',#2863);
#2256=LINE('',#2864,#2865);
#2257=(BOUNDED_CURVE()B_SPLINE_CURVE(3,
(#2867,#2868,#2869,#2870),
.UNSPECIFIED.,.F.,.F.)B_SPLINE_CURVE_WITH_KNOTS((4,4),
(0.,1.),
.UNSPECIFIED.)CURVE()GEOMETRIC_REPRESENTATION_ITEM()RATIONAL_B_SPLINE_CURVE((1.,
0.999982216353794,0.999982216353794,1.))REPRESENTATION_ITEM(''));
#2258=VERTEX_POINT('',#2871);
#2259=VERTEX_POINT('',#2872);
#2260=LINE('',#2873,#2874);
#2261=LINE('',#2876,#2877);
#2262=LINE('',#2879,#2880);
#2263=VERTEX_POINT('',#2882);
#2264=VERTEX_POINT('',#2883);
#2265=LINE('',#2884,#2885);
#2266=VERTEX_POINT('',#2887);
#2267=LINE('',#2888,#2889);
#2268=VERTEX_POINT('',#2891);
#2269=LINE('',#2892,#2893);
#2270=LINE('',#2895,#2896);
#2271=LINE('',#2898,#2899);
#2272=VERTEX_POINT('',#2901);
#2273=LINE('',#2902,#2903);
#2274=VERTEX_POINT('',#2905);
#2275=LINE('',#2906,#2907);
#2276=LINE('',#2909,#2910);
#2277=VERTEX_POINT('',#2912);
#2278=VERTEX_POINT('',#2913);
#2279=LINE('',#2914,#2915);
#2280=(BOUNDED_CURVE()B_SPLINE_CURVE(3,
(#2917,#2918,#2919,#2920),
.UNSPECIFIED.,.F.,.F.)B_SPLINE_CURVE_WITH_KNOTS((4,4),
(0.,1.),
.UNSPECIFIED.)CURVE()GEOMETRIC_REPRESENTATION_ITEM()RATIONAL_B_SPLINE_CURVE((1.,
0.804737854124365,0.804737854124365,1.))REPRESENTATION_ITEM(''));
#2281=VERTEX_POINT('',#2921);
#2282=(BOUNDED_CURVE()B_SPLINE_CURVE(3,
(#2922,#2923,#2924,#2925),
.UNSPECIFIED.,.F.,.F.)B_SPLINE_CURVE_WITH_KNOTS((4,4),
(0.,1.),
.UNSPECIFIED.)CURVE()GEOMETRIC_REPRESENTATION_ITEM()RATIONAL_B_SPLINE_CURVE((1.,
0.804737854124365,0.804737854124365,1.))REPRESENTATION_ITEM(''));
#2283=VERTEX_POINT('',#2926);
#2284=LINE('',#2927,#2928);
#2285=LINE('',#2930,#2931);
#2286=LINE('',#2933,#2934);
#2287=LINE('',#2936,#2937);
#2288=VERTEX_POINT('',#2939);
#2289=VERTEX_POINT('',#2940);
#2290=LINE('',#2941,#2942);
#2291=VERTEX_POINT('',#2944);
#2292=LINE('',#2945,#2946);
#2293=VERTEX_POINT('',#2948);
#2294=CIRCLE('',#2949,1.6);
#2295=VERTEX_POINT('',#2953);
#2296=LINE('',#2954,#2955);
#2297=VERTEX_POINT('',#2957);
#2298=CIRCLE('',#2958,1.4);
#2299=VERTEX_POINT('',#2962);
#2300=LINE('',#2963,#2964);
#2301=VERTEX_POINT('',#2966);
#2302=CIRCLE('',#2967,7.04489679447154);
#2303=VERTEX_POINT('',#2971);
#2304=LINE('',#2972,#2973);
#2305=VERTEX_POINT('',#2975);
#2306=LINE('',#2976,#2977);
#2307=VERTEX_POINT('',#2979);
#2308=LINE('',#2980,#2981);
#2309=VERTEX_POINT('',#2983);
#2310=CIRCLE('',#2984,4.24145188432738);
#2311=VERTEX_POINT('',#2988);
#2312=LINE('',#2989,#2990);
#2313=VERTEX_POINT('',#2992);
#2314=LINE('',#2993,#2994);
#2315=LINE('',#2996,#2997);
#2316=VERTEX_POINT('',#2999);
#2317=CIRCLE('',#3000,7.04489679447153);
#2318=VERTEX_POINT('',#3004);
#2319=LINE('',#3005,#3006);
#2320=VERTEX_POINT('',#3008);
#2321=CIRCLE('',#3009,1.4);
#2322=VERTEX_POINT('',#3013);
#2323=LINE('',#3014,#3015);
#2324=VERTEX_POINT('',#3017);
#2325=CIRCLE('',#3018,1.6);
#2326=VERTEX_POINT('',#3022);
#2327=LINE('',#3023,#3024);
#2328=VERTEX_POINT('',#3026);
#2329=LINE('',#3027,#3028);
#2330=CIRCLE('',#3030,7.04489679447154);
#2331=VERTEX_POINT('',#3034);
#2332=CIRCLE('',#3035,0.800000000000001);
#2333=LINE('',#3039,#3040);
#2334=VERTEX_POINT('',#3042);
#2335=LINE('',#3043,#3044);
#2336=VERTEX_POINT('',#3046);
#2337=LINE('',#3047,#3048);
#2338=LINE('',#3050,#3051);
#2339=VERTEX_POINT('',#3053);
#2340=VERTEX_POINT('',#3054);
#2341=CIRCLE('',#3055,1.55);
#2342=VERTEX_POINT('',#3059);
#2343=LINE('',#3060,#3061);
#2344=LINE('',#3063,#3064);
#2345=VERTEX_POINT('',#3066);
#2346=CIRCLE('',#3067,7.24489679447154);
#2347=VERTEX_POINT('',#3071);
#2348=CIRCLE('',#3072,7.24489679447154);
#2349=LINE('',#3076,#3077);
#2350=VERTEX_POINT('',#3079);
#2351=CIRCLE('',#3080,0.8);
#2352=LINE('',#3084,#3085);
#2353=VERTEX_POINT('',#3087);
#2354=VERTEX_POINT('',#3088);
#2355=LINE('',#3089,#3090);
#2356=VERTEX_POINT('',#3092);
#2357=LINE('',#3093,#3094);
#2358=VERTEX_POINT('',#3096);
#2359=LINE('',#3097,#3098);
#2360=VERTEX_POINT('',#3100);
#2361=CIRCLE('',#3101,0.600000000000002);
#2362=VERTEX_POINT('',#3105);
#2363=LINE('',#3106,#3107);
#2364=CIRCLE('',#3109,0.6);
#2365=VERTEX_POINT('',#3113);
#2366=CIRCLE('',#3114,0.800000000000001);
#2367=VERTEX_POINT('',#3118);
#2368=LINE('',#3119,#3120);
#2369=CIRCLE('',#3122,0.800000000000001);
#2370=VERTEX_POINT('',#3126);
#2371=CIRCLE('',#3127,0.8);
#2372=LINE('',#3131,#3132);
#2373=LINE('',#3134,#3135);
#2374=VERTEX_POINT('',#3137);
#2375=LINE('',#3138,#3139);
#2376=VERTEX_POINT('',#3141);
#2377=LINE('',#3142,#3143);
#2378=VERTEX_POINT('',#3145);
#2379=LINE('',#3146,#3147);
#2380=VERTEX_POINT('',#3149);
#2381=LINE('',#3150,#3151);
#2382=LINE('',#3153,#3154);
#2383=VERTEX_POINT('',#3156);
#2384=VERTEX_POINT('',#3157);
#2385=CIRCLE('',#3158,1.55);
#2386=VERTEX_POINT('',#3162);
#2387=LINE('',#3163,#3164);
#2388=LINE('',#3166,#3167);
#2389=VERTEX_POINT('',#3169);
#2390=CIRCLE('',#3170,4.04145188432738);
#2391=VERTEX_POINT('',#3174);
#2392=LINE('',#3175,#3176);
#2393=CIRCLE('',#3178,4.04145188432738);
#2394=VERTEX_POINT('',#3182);
#2395=VERTEX_POINT('',#3183);
#2396=LINE('',#3184,#3185);
#2397=VERTEX_POINT('',#3187);
#2398=LINE('',#3188,#3189);
#2399=LINE('',#3191,#3192);
#2400=VERTEX_POINT('',#3194);
#2401=LINE('',#3195,#3196);
#2402=LINE('',#3198,#3199);
#2403=VERTEX_POINT('',#3201);
#2404=VERTEX_POINT('',#3202);
#2405=CIRCLE('',#3203,1.55);
#2406=VERTEX_POINT('',#3207);
#2407=LINE('',#3208,#3209);
#2408=LINE('',#3211,#3212);
#2409=VERTEX_POINT('',#3214);
#2410=CIRCLE('',#3215,0.8);
#2411=VERTEX_POINT('',#3219);
#2412=LINE('',#3220,#3221);
#2413=CIRCLE('',#3223,0.8);
#2414=VERTEX_POINT('',#3227);
#2415=LINE('',#3228,#3229);
#2416=VERTEX_POINT('',#3231);
#2417=LINE('',#3232,#3233);
#2418=LINE('',#3235,#3236);
#2419=VERTEX_POINT('',#3238);
#2420=CIRCLE('',#3239,0.800000000000001);
#2421=VERTEX_POINT('',#3243);
#2422=LINE('',#3244,#3245);
#2423=CIRCLE('',#3247,0.800000000000001);
#2424=VERTEX_POINT('',#3251);
#2425=LINE('',#3252,#3253);
#2426=VERTEX_POINT('',#3255);
#2427=LINE('',#3256,#3257);
#2428=VERTEX_POINT('',#3259);
#2429=LINE('',#3260,#3261);
#2430=VERTEX_POINT('',#3263);
#2431=LINE('',#3264,#3265);
#2432=LINE('',#3267,#3268);
#2433=VERTEX_POINT('',#3270);
#2434=VERTEX_POINT('',#3271);
#2435=CIRCLE('',#3272,1.55);
#2436=VERTEX_POINT('',#3276);
#2437=LINE('',#3277,#3278);
#2438=LINE('',#3280,#3281);
#2439=VERTEX_POINT('',#3283);
#2440=CIRCLE('',#3284,7.24489679447154);
#2441=VERTEX_POINT('',#3288);
#2442=LINE('',#3289,#3290);
#2443=CIRCLE('',#3292,7.24489679447154);
#2444=VERTEX_POINT('',#3296);
#2445=VERTEX_POINT('',#3297);
#2446=LINE('',#3298,#3299);
#2447=VERTEX_POINT('',#3301);
#2448=LINE('',#3302,#3303);
#2449=VERTEX_POINT('',#3305);
#2450=LINE('',#3306,#3307);
#2451=LINE('',#3309,#3310);
#2452=VERTEX_POINT('',#3312);
#2453=VERTEX_POINT('',#3313);
#2454=CIRCLE('',#3314,7.24489679447154);
#2455=VERTEX_POINT('',#3318);
#2456=LINE('',#3319,#3320);
#2457=VERTEX_POINT('',#3322);
#2458=CIRCLE('',#3323,7.24489679447154);
#2459=LINE('',#3327,#3328);
#2460=VERTEX_POINT('',#3330);
#2461=VERTEX_POINT('',#3331);
#2462=LINE('',#3332,#3333);
#2463=VERTEX_POINT('',#3335);
#2464=LINE('',#3336,#3337);
#2465=VERTEX_POINT('',#3339);
#2466=LINE('',#3340,#3341);
#2467=LINE('',#3343,#3344);
#2468=VERTEX_POINT('',#3346);
#2469=LINE('',#3347,#3348);
#2470=VERTEX_POINT('',#3350);
#2471=B_SPLINE_CURVE_WITH_KNOTS('',3,
(#3351,#3352,#3353,#3354,#3355,#3356,#3357,#3358,#3359,#3360,#3361,#3362,#3363,#3364,
#3365,#3366,#3367,#3368,#3369),
.UNSPECIFIED.,.F.,.F.,
(4,1,1,1,1,1,1,1,1,1,1,1,1,1,1,1,4),
(0.,0.0418168737208876,0.0837797095050946,0.125884991570143,0.168267775394077,0.210786817417001,
0.254286471228894,0.298629405850959,0.360294835878788,0.441193133356334,0.542659167985651,
0.650610853841039,0.743810096439123,0.820921759137148,0.880082298249394,0.939774424843862,
1.),
.UNSPECIFIED.);
#2472=LINE('',#3370,#3371);
#2473=VERTEX_POINT('',#3373);
#2474=VERTEX_POINT('',#3374);
#2475=CIRCLE('',#3375,1.6);
#2476=VERTEX_POINT('',#3379);
#2477=LINE('',#3380,#3381);
#2478=CIRCLE('',#3383,1.6);
#2479=VERTEX_POINT('',#3387);
#2480=B_SPLINE_CURVE_WITH_KNOTS('',3,
(#3388,#3389,#3390,#3391,#3392,#3393,#3394,#3395,#3396,#3397,#3398,#3399,#3400,#3401,
#3402,#3403,#3404,#3405,#3406,#3407,#3408,#3409,#3410,#3411,#3412,#3413,#3414,#3415,
#3416,#3417,#3418,#3419,#3420,#3421,#3422,#3423,#3424,#3425,#3426,#3427,#3428,#3429,
#3430,#3431,#3432,#3433),
.UNSPECIFIED.,.F.,.F.,
(4,1,1,1,1,1,1,1,1,1,1,1,1,1,1,1,1,1,1,1,1,1,1,1,1,1,1,1,1,1,1,1,1,1,1,1,1,1,1,1,
1,1,1,4),
(0.,0.0242962263279274,0.0486643861366484,0.068868425360484,0.0846394227861596,0.0974521852556515,
0.111503814125135,0.127110066132842,0.143052457660894,0.147745980819112,0.159615581175215,
0.176473219921914,0.193478775898868,0.210292756906688,0.227978300615383,0.246758532178974,
0.275495932312445,0.313464450523861,0.361067157385148,0.409921425575501,0.45759498190326,
0.495150842744616,0.522078178295676,0.547738865627952,0.585062979841315,0.634782691944644,
0.678904435198598,0.713029006866573,0.734673745404335,0.754575071461786,0.77282622526936,
0.791167836897524,0.809721009821393,0.828391207585123,0.847200776033156,0.850319182736145,
0.866029423190034,0.884941693968689,0.903915897449013,0.922996333613624,0.942126445439566,
0.961353421102322,0.980642235168126,1.),
.UNSPECIFIED.);
#2481=VERTEX_POINT('',#3434);
#2482=LINE('',#3435,#3436);
#2483=LINE('',#3438,#3439);
#2484=VERTEX_POINT('',#3441);
#2485=B_SPLINE_CURVE_WITH_KNOTS('',3,
(#3442,#3443,#3444,#3445,#3446,#3447),
.UNSPECIFIED.,.F.,.F.,
(4,1,1,4),
(0.,0.41259020613985,0.74587477149047,1.),
.UNSPECIFIED.);
#2486=VERTEX_POINT('',#3448);
#2487=LINE('',#3449,#3450);
#2488=LINE('',#3452,#3453);
#2489=B_SPLINE_CURVE_WITH_KNOTS('',3,
(#3455,#3456,#3457,#3458,#3459,#3460),
.UNSPECIFIED.,.F.,.F.,
(4,1,1,4),
(0.,0.412590206096156,0.745874771470601,1.),
.UNSPECIFIED.);
#2490=VERTEX_POINT('',#3461);
#2491=LINE('',#3462,#3463);
#2492=CIRCLE('',#3465,1.6);
#2493=VERTEX_POINT('',#3469);
#2494=CIRCLE('',#3470,1.6);
#2495=VERTEX_POINT('',#3474);
#2496=LINE('',#3475,#3476);
#2497=VERTEX_POINT('',#3478);
#2498=LINE('',#3479,#3480);
#2499=VERTEX_POINT('',#3482);
#2500=LINE('',#3483,#3484);
#2501=LINE('',#3486,#3487);
#2502=LINE('',#3489,#3490);
#2503=VERTEX_POINT('',#3492);
#2504=LINE('',#3493,#3494);
#2505=VERTEX_POINT('',#3496);
#2506=LINE('',#3497,#3498);
#2507=B_SPLINE_CURVE_WITH_KNOTS('',3,
(#3500,#3501,#3502,#3503,#3504,#3505,#3506,#3507,#3508,#3509,#3510,#3511,#3512,#3513,
#3514,#3515,#3516,#3517,#3518,#3519,#3520,#3521,#3522,#3523,#3524,#3525,#3526),
.UNSPECIFIED.,.F.,.F.,
(4,1,1,1,1,1,1,1,1,1,1,1,1,1,1,1,1,1,1,1,1,1,1,1,4),
(0.,0.0261111784735459,0.0523440093724598,0.0786558536816549,0.105149168330839,0.13173264403839,
0.158581156943753,0.185605512791525,0.212891752292803,0.240265193581102,0.268063333503234,
0.296199924122593,0.324925696690636,0.353902079573977,0.400698271494299,0.473706024820418,
0.574248291509153,0.678743633454281,0.759417630127229,0.814955623945484,0.851530247988074,
0.888265534333173,0.925343949996092,0.962587970897397,1.),
.UNSPECIFIED.);
#2508=VERTEX_POINT('',#3527);
#2509=VERTEX_POINT('',#3528);
#2510=LINE('',#3529,#3530);
#2511=VERTEX_POINT('',#3532);
#2512=LINE('',#3533,#3534);
#2513=LINE('',#3536,#3537);
#2514=VERTEX_POINT('',#3539);
#2515=B_SPLINE_CURVE_WITH_KNOTS('',3,
(#3540,#3541,#3542,#3543,#3544,#3545,#3546,#3547,#3548,#3549,#3550,#3551,#3552,#3553,
#3554,#3555,#3556,#3557,#3558),
.UNSPECIFIED.,.F.,.F.,
(4,1,1,1,1,1,1,1,1,1,1,1,1,1,1,1,4),
(0.,0.0418168733596121,0.0837797087812868,0.125884990482576,0.168267773940366,0.21078681559598,
0.254286469032083,0.298629403271049,0.360294832766021,0.441193129704541,0.542659163937653,
0.650610849981102,0.743810093132595,0.820921756599919,0.880082296476642,0.939774423911254,
1.),
.UNSPECIFIED.);
#2516=LINE('',#3559,#3560);
#2517=VERTEX_POINT('',#3562);
#2518=LINE('',#3563,#3564);
#2519=VERTEX_POINT('',#3566);
#2520=LINE('',#3567,#3568);
#2521=LINE('',#3570,#3571);
#2522=LINE('',#3573,#3574);
#2523=VERTEX_POINT('',#3576);
#2524=CIRCLE('',#3577,1.6);
#2525=VERTEX_POINT('',#3581);
#2526=CIRCLE('',#3582,1.6);
#2527=LINE('',#3586,#3587);
#2528=VERTEX_POINT('',#3589);
#2529=CIRCLE('',#3590,1.6);
#2530=VERTEX_POINT('',#3594);
#2531=VERTEX_POINT('',#3595);
#2532=B_SPLINE_CURVE_WITH_KNOTS('',3,
(#3596,#3597,#3598,#3599,#3600,#3601),
.UNSPECIFIED.,.F.,.F.,
(4,1,1,4),
(0.,0.279355826374388,0.612689159707722,1.),
.UNSPECIFIED.);
#2533=VERTEX_POINT('',#3602);
#2534=LINE('',#3603,#3604);
#2535=B_SPLINE_CURVE_WITH_KNOTS('',3,
(#3606,#3607,#3608,#3609,#3610,#3611),
.UNSPECIFIED.,.F.,.F.,
(4,1,1,4),
(0.,0.279355826374411,0.612689159707745,1.),
.UNSPECIFIED.);
#2536=LINE('',#3612,#3613);
#2537=VERTEX_POINT('',#3615);
#2538=CIRCLE('',#3616,1.6);
#2539=VERTEX_POINT('',#3620);
#2540=LINE('',#3621,#3622);
#2541=VERTEX_POINT('',#3624);
#2542=LINE('',#3625,#3626);
#2543=VERTEX_POINT('',#3628);
#2544=B_SPLINE_CURVE_WITH_KNOTS('',3,
(#3629,#3630,#3631,#3632,#3633,#3634,#3635,#3636,#3637,#3638,#3639,#3640,#3641,#3642,
#3643,#3644,#3645,#3646,#3647,#3648,#3649,#3650,#3651,#3652),
.UNSPECIFIED.,.F.,.F.,
(4,1,1,1,1,1,1,1,1,1,1,1,1,1,1,1,1,1,1,1,1,4),
(0.,0.043970254187265,0.093935164560503,0.149666238071742,0.149926896037494,0.216297186718494,
0.287003588791919,0.360772562439003,0.43321937992595,0.500468795733851,0.563773916979249,
0.620753377101845,0.675304029241213,0.724204700199131,0.769852353918396,0.824428365512688,
0.852253090497989,0.874364147843862,0.919664651007724,0.947281964075007,0.974070547528375,
1.),
.UNSPECIFIED.);
#2545=VERTEX_POINT('',#3653);
#2546=LINE('',#3654,#3655);
#2547=CIRCLE('',#3657,1.6);
#2548=LINE('',#3661,#3662);
#2549=B_SPLINE_CURVE_WITH_KNOTS('',3,
(#3664,#3665,#3666,#3667,#3668,#3669,#3670,#3671,#3672,#3673,#3674,#3675,#3676,#3677,
#3678,#3679,#3680,#3681,#3682),
.UNSPECIFIED.,.F.,.F.,
(4,1,1,1,1,1,1,1,1,1,1,1,1,1,1,1,4),
(0.,0.04181687392859,0.0837797098544253,0.125884992000541,0.168267775836236,0.210786817768709,
0.254286471990924,0.298629407751514,0.360294841660334,0.441193142064669,0.542659167042283,
0.650610822612773,0.743809344714758,0.82091961009692,0.880075168680999,0.939772306865632,
1.),
.UNSPECIFIED.);
#2550=VERTEX_POINT('',#3683);
#2551=LINE('',#3684,#3685);
#2552=VERTEX_POINT('',#3687);
#2553=LINE('',#3688,#3689);
#2554=LINE('',#3691,#3692);
#2555=LINE('',#3694,#3695);
#2556=LINE('',#3697,#3698);
#2557=LINE('',#3700,#3701);
#2558=LINE('',#3703,#3704);
#2559=LINE('',#3706,#3707);
#2560=VERTEX_POINT('',#3709);
#2561=LINE('',#3710,#3711);
#2562=VERTEX_POINT('',#3713);
#2563=CIRCLE('',#3714,0.600000000000002);
#2564=VERTEX_POINT('',#3718);
#2565=LINE('',#3719,#3720);
#2566=VERTEX_POINT('',#3722);
#2567=CIRCLE('',#3723,0.6);
#2568=LINE('',#3727,#3728);
#2569=LINE('',#3730,#3731);
#2570=LINE('',#3733,#3734);
#2571=LINE('',#3736,#3737);
#2572=VERTEX_POINT('',#3739);
#2573=VERTEX_POINT('',#3740);
#2574=LINE('',#3741,#3742);
#2575=VERTEX_POINT('',#3744);
#2576=LINE('',#3745,#3746);
#2577=LINE('',#3748,#3749);
#2578=B_SPLINE_CURVE_WITH_KNOTS('',3,
(#3751,#3752,#3753,#3754,#3755,#3756,#3757,#3758,#3759,#3760,#3761,#3762),
.UNSPECIFIED.,.F.,.F.,
(4,1,1,1,1,1,1,1,1,4),
(0.,0.0762273897451628,0.156085668249585,0.239573241557476,0.366394694620538,0.502142078710132,
0.646815253507272,0.7626259288787,0.880353932388495,1.),
.UNSPECIFIED.);
#2579=VERTEX_POINT('',#3763);
#2580=LINE('',#3764,#3765);
#2581=LINE('',#3767,#3768);
#2582=VERTEX_POINT('',#3770);
#2583=B_SPLINE_CURVE_WITH_KNOTS('',3,
(#3771,#3772,#3773,#3774,#3775,#3776,#3777,#3778,#3779,#3780,#3781,#3782,#3783),
.UNSPECIFIED.,.F.,.F.,
(4,1,1,1,1,1,1,1,1,1,4),
(0.,0.0381130060052734,0.0901415747728495,0.157295431445022,0.254018213612078,0.369369856885221,
0.505117160709509,0.63719394201751,0.763263696234549,0.880992391717361,1.),
.UNSPECIFIED.);
#2584=VERTEX_POINT('',#3784);
#2585=LINE('',#3785,#3786);
#2586=LINE('',#3788,#3789);
#2587=CIRCLE('',#3791,7.24489679447153);
#2588=VERTEX_POINT('',#3795);
#2589=B_SPLINE_CURVE_WITH_KNOTS('',3,
(#3796,#3797,#3798,#3799,#3800,#3801,#3802,#3803,#3804,#3805,#3806,#3807,#3808,#3809,
#3810,#3811,#3812,#3813,#3814,#3815,#3816,#3817,#3818,#3819),
.UNSPECIFIED.,.F.,.F.,
(4,1,1,1,1,1,1,1,1,1,1,1,1,1,1,1,1,1,1,1,1,4),
(0.,0.0423990291867774,0.0913184777194892,0.146787292518994,0.213157379013294,0.283864050749939,
0.3581557017298,0.431647801696014,0.49994527201179,0.563774266462852,0.620753370982251,
0.675304277476522,0.726987998480834,0.778200544749657,0.826016953467336,0.852254342264864,
0.870890587242494,0.886937275460699,0.908324307980502,0.94126770753458,0.970340666417579,
1.),
.UNSPECIFIED.);
#2590=VERTEX_POINT('',#3820);
#2591=B_SPLINE_CURVE_WITH_KNOTS('',3,
(#3821,#3822,#3823,#3824,#3825,#3826),
.UNSPECIFIED.,.F.,.F.,
(4,1,1,4),
(0.,0.255008998225352,0.588340876845275,1.),
.UNSPECIFIED.);
#2592=B_SPLINE_CURVE_WITH_KNOTS('',3,
(#3827,#3828,#3829,#3830,#3831,#3832,#3833,#3834,#3835,#3836,#3837,#3838,#3839,#3840),
.UNSPECIFIED.,.F.,.F.,
(4,1,1,1,1,1,1,1,1,1,1,4),
(0.,0.0439764432005915,0.103093806261089,0.177834062894131,0.273683743853936,0.38050875587179,
0.507843505027973,0.627306770670824,0.73389150471296,0.820088881546871,0.908791307900849,
1.),
.UNSPECIFIED.);
#2593=VERTEX_POINT('',#3841);
#2594=LINE('',#3842,#3843);
#2595=VERTEX_POINT('',#3845);
#2596=LINE('',#3846,#3847);
#2597=LINE('',#3849,#3850);
#2598=VERTEX_POINT('',#3852);
#2599=LINE('',#3853,#3854);
#2600=LINE('',#3856,#3857);
#2601=VERTEX_POINT('',#3859);
#2602=B_SPLINE_CURVE_WITH_KNOTS('',3,
(#3860,#3861,#3862,#3863,#3864,#3865,#3866,#3867,#3868,#3869,#3870,#3871,#3872),
.UNSPECIFIED.,.F.,.F.,
(4,1,1,1,1,1,1,1,1,1,4),
(0.,0.0381130060037807,0.0901415747692701,0.157295431438647,0.254018213601748,0.369369856871556,
0.505117160692096,0.63719394199776,0.763263696218647,0.880992391698307,1.),
.UNSPECIFIED.);
#2603=VERTEX_POINT('',#3873);
#2604=LINE('',#3874,#3875);
#2605=LINE('',#3877,#3878);
#2606=VERTEX_POINT('',#3880);
#2607=LINE('',#3881,#3882);
#2608=VERTEX_POINT('',#3884);
#2609=LINE('',#3885,#3886);
#2610=LINE('',#3888,#3889);
#2611=VERTEX_POINT('',#3891);
#2612=CIRCLE('',#3892,1.4);
#2613=VERTEX_POINT('',#3896);
#2614=LINE('',#3897,#3898);
#2615=VERTEX_POINT('',#3900);
#2616=CIRCLE('',#3901,1.4);
#2617=LINE('',#3905,#3906);
#2618=CIRCLE('',#3908,1.6);
#2619=LINE('',#3912,#3913);
#2620=VERTEX_POINT('',#3915);
#2621=CIRCLE('',#3916,1.6);
#2622=VERTEX_POINT('',#3920);
#2623=B_SPLINE_CURVE_WITH_KNOTS('',3,
(#3921,#3922,#3923,#3924,#3925,#3926,#3927,#3928,#3929,#3930,#3931,#3932,#3933,#3934,
#3935,#3936,#3937,#3938,#3939,#3940,#3941,#3942,#3943,#3944,#3945,#3946,#3947,#3948,
#3949,#3950,#3951,#3952,#3953,#3954,#3955,#3956,#3957,#3958,#3959,#3960,#3961,#3962,
#3963,#3964,#3965,#3966,#3967,#3968,#3969,#3970,#3971,#3972,#3973),
.UNSPECIFIED.,.F.,.F.,
(4,1,1,1,1,1,1,1,1,1,1,1,1,1,1,1,1,1,1,1,1,1,1,1,1,1,1,1,1,1,1,1,1,1,1,1,1,1,1,1,
1,1,1,1,1,1,1,1,1,1,4),
(0.,0.0252179675077083,0.0462153667433803,0.0630054341704626,0.0770112547218451,
0.0924081164943044,0.113055820019864,0.114780198718117,0.137181008303377,0.147733256659889,
0.159563290494187,0.174988197759594,0.189034980292445,0.201693373210989,0.214360890254826,
0.227036076200057,0.239696519854714,0.256493877394027,0.273232648741522,0.28990899919335,
0.302305219143735,0.314672232362194,0.328332708726729,0.343304779840804,0.367719106042105,
0.401411631212641,0.436260338832965,0.464121430776764,0.4853219441311,0.507984267930124,
0.540815534745862,0.583027742980743,0.625462373127574,0.659401346821145,0.691643466785055,
0.730559847741057,0.766766843843589,0.792789148731061,0.809356489047668,0.825865313663094,
0.842211300412865,0.858449574525074,0.874530458929169,0.890557186940731,0.906439103965321,
0.922227642176778,0.937878834509502,0.953487459646608,0.969015459932606,0.984516353037275,
1.),
.UNSPECIFIED.);
#2624=VERTEX_POINT('',#3974);
#2625=LINE('',#3975,#3976);
#2626=LINE('',#3978,#3979);
#2627=VERTEX_POINT('',#3981);
#2628=LINE('',#3982,#3983);
#2629=VERTEX_POINT('',#3985);
#2630=CIRCLE('',#3986,1.4);
#2631=VERTEX_POINT('',#3990);
#2632=LINE('',#3991,#3992);
#2633=CIRCLE('',#3994,1.4);
#2634=LINE('',#3998,#3999);
#2635=LINE('',#4001,#4002);
#2636=LINE('',#4004,#4005);
#2637=B_SPLINE_CURVE_WITH_KNOTS('',3,
(#4007,#4008,#4009,#4010,#4011,#4012),
.UNSPECIFIED.,.F.,.F.,
(4,1,1,4),
(0.,0.255009018575797,0.588340897208079,1.),
.UNSPECIFIED.);
#2638=B_SPLINE_CURVE_WITH_KNOTS('',3,
(#4013,#4014,#4015,#4016,#4017,#4018),
.UNSPECIFIED.,.F.,.F.,
(4,1,1,4),
(0.,0.255008954575267,0.588340833274529,1.),
.UNSPECIFIED.);
#2639=LINE('',#4019,#4020);
#2640=LINE('',#4022,#4023);
#2641=LINE('',#4025,#4026);
#2642=LINE('',#4028,#4029);
#2643=LINE('',#4031,#4032);
#2644=B_SPLINE_CURVE_WITH_KNOTS('',3,
(#4034,#4035,#4036,#4037,#4038,#4039),
.UNSPECIFIED.,.F.,.F.,
(4,1,1,4),
(0.,0.255008938425307,0.588340816999263,1.),
.UNSPECIFIED.);
#2645=LINE('',#4040,#4041);
#2646=LINE('',#4043,#4044);
#2647=B_SPLINE_CURVE_WITH_KNOTS('',3,
(#4046,#4047,#4048,#4049,#4050),
.UNSPECIFIED.,.F.,.F.,
(4,1,4),
(0.,0.500113388634575,1.),
.UNSPECIFIED.);
#2648=LINE('',#4051,#4052);
#2649=B_SPLINE_CURVE_WITH_KNOTS('',3,
(#4054,#4055,#4056,#4057,#4058),
.UNSPECIFIED.,.F.,.F.,
(4,1,4),
(0.,0.500033656413645,1.),
.UNSPECIFIED.);
#2650=B_SPLINE_CURVE_WITH_KNOTS('',3,
(#4059,#4060,#4061,#4062,#4063),
.UNSPECIFIED.,.F.,.F.,
(4,1,4),
(0.,0.50003365634471,1.),
.UNSPECIFIED.);
#2651=B_SPLINE_CURVE_WITH_KNOTS('',3,
(#4064,#4065,#4066,#4067,#4068),
.UNSPECIFIED.,.F.,.F.,
(4,1,4),
(0.,0.500033656413645,1.),
.UNSPECIFIED.);
#2652=B_SPLINE_CURVE_WITH_KNOTS('',3,
(#4069,#4070,#4071,#4072,#4073),
.UNSPECIFIED.,.F.,.F.,
(4,1,4),
(0.,0.500033656351905,1.),
.UNSPECIFIED.);
#2653=B_SPLINE_CURVE_WITH_KNOTS('',3,
(#4074,#4075,#4076,#4077,#4078,#4079,#4080,#4081,#4082,#4083,#4084,#4085,#4086,#4087,
#4088,#4089,#4090),
.UNSPECIFIED.,.F.,.F.,
(4,1,1,1,1,1,1,1,1,1,1,1,1,1,4),
(0.,0.0512873581434234,0.103562862122872,0.156782402901096,0.211820305031507,0.267752073948413,
0.333593443171979,0.408452119323271,0.493589717440344,0.579855669831738,0.668988399693345,
0.759854143047379,0.84606909490682,0.926062496247595,1.),
.UNSPECIFIED.);
#2654=LINE('',#4091,#4092);
#2655=LINE('',#4094,#4095);
#2656=LINE('',#4097,#4098);
#2657=LINE('',#4100,#4101);
#2658=LINE('',#4103,#4104);
#2659=LINE('',#4106,#4107);
#2660=B_SPLINE_CURVE_WITH_KNOTS('',3,
(#4109,#4110,#4111,#4112,#4113,#4114,#4115),
.UNSPECIFIED.,.F.,.F.,
(4,1,1,1,4),
(0.,0.250087596354452,0.499999640053834,0.750064859700297,1.),
.UNSPECIFIED.);
#2661=B_SPLINE_CURVE_WITH_KNOTS('',3,
(#4116,#4117,#4118,#4119,#4120,#4121,#4122),
.UNSPECIFIED.,.F.,.F.,
(4,1,1,1,4),
(0.,0.249835292315483,0.499663150451787,0.749812402996165,1.),
.UNSPECIFIED.);
#2662=LINE('',#4123,#4124);
#2663=LINE('',#4126,#4127);
#2664=LINE('',#4129,#4130);
#2665=LINE('',#4132,#4133);
#2666=LINE('',#4135,#4136);
#2667=LINE('',#4138,#4139);
#2668=LINE('',#4141,#4142);
#2669=LINE('',#4144,#4145);
#2670=LINE('',#4147,#4148);
#2671=LINE('',#4150,#4151);
#2672=LINE('',#4153,#4154);
#2673=B_SPLINE_CURVE_WITH_KNOTS('',3,
(#4156,#4157,#4158,#4159,#4160,#4161,#4162),
.UNSPECIFIED.,.F.,.F.,
(4,1,1,1,4),
(0.,0.24991285168656,0.499822811362088,0.749905977200651,1.),
.UNSPECIFIED.);
#2674=B_SPLINE_CURVE_WITH_KNOTS('',3,
(#4163,#4164,#4165,#4166,#4167,#4168,#4169),
.UNSPECIFIED.,.F.,.F.,
(4,1,1,1,4),
(0.,0.24991285169233,0.499822811379079,0.749905977207652,1.),
.UNSPECIFIED.);
#2675=LINE('',#4170,#4171);
#2676=LINE('',#4173,#4174);
#2677=LINE('',#4176,#4177);
#2678=B_SPLINE_CURVE_WITH_KNOTS('',3,
(#4179,#4180,#4181,#4182,#4183),
.UNSPECIFIED.,.F.,.F.,
(4,1,4),
(0.,0.500052922833379,1.),
.UNSPECIFIED.);
#2679=LINE('',#4184,#4185);
#2680=LINE('',#4187,#4188);
#2681=B_SPLINE_CURVE_WITH_KNOTS('',3,
(#4190,#4191,#4192,#4193,#4194),
.UNSPECIFIED.,.F.,.F.,
(4,1,4),
(0.,0.500054998558626,1.),
.UNSPECIFIED.);
#2682=B_SPLINE_CURVE_WITH_KNOTS('',3,
(#4195,#4196,#4197,#4198,#4199),
.UNSPECIFIED.,.F.,.F.,
(4,1,4),
(0.,0.49994707716662,1.),
.UNSPECIFIED.);
#2683=LINE('',#4200,#4201);
#2684=LINE('',#4203,#4204);
#2685=LINE('',#4206,#4207);
#2686=LINE('',#4209,#4210);
#2687=B_SPLINE_CURVE_WITH_KNOTS('',3,
(#4212,#4213,#4214,#4215,#4216),
.UNSPECIFIED.,.F.,.F.,
(4,1,4),
(0.,0.500052922833379,1.),
.UNSPECIFIED.);
#2688=B_SPLINE_CURVE_WITH_KNOTS('',3,
(#4217,#4218,#4219,#4220,#4221),
.UNSPECIFIED.,.F.,.F.,
(4,1,4),
(0.,0.499947077166621,1.),
.UNSPECIFIED.);
#2689=LINE('',#4222,#4223);
#2690=LINE('',#4225,#4226);
#2691=LINE('',#4228,#4229);
#2692=LINE('',#4231,#4232);
#2693=LINE('',#4234,#4235);
#2694=LINE('',#4237,#4238);
#2695=LINE('',#4240,#4241);
#2696=VERTEX_POINT('',#4243);
#2697=VERTEX_POINT('',#4244);
#2698=LINE('',#4245,#4246);
#2699=VERTEX_POINT('',#4248);
#2700=LINE('',#4249,#4250);
#2701=VERTEX_POINT('',#4252);
#2702=LINE('',#4253,#4254);
#2703=LINE('',#4256,#4257);
#2704=VERTEX_POINT('',#4259);
#2705=LINE('',#4260,#4261);
#2706=VERTEX_POINT('',#4263);
#2707=LINE('',#4264,#4265);
#2708=LINE('',#4267,#4268);
#2709=VERTEX_POINT('',#4270);
#2710=LINE('',#4271,#4272);
#2711=VERTEX_POINT('',#4274);
#2712=LINE('',#4275,#4276);
#2713=LINE('',#4278,#4279);
#2714=LINE('',#4281,#4282);
#2715=LINE('',#4284,#4285);
#2716=VERTEX_POINT('',#4287);
#2717=VERTEX_POINT('',#4288);
#2718=LINE('',#4289,#4290);
#2719=VERTEX_POINT('',#4292);
#2720=LINE('',#4293,#4294);
#2721=VERTEX_POINT('',#4296);
#2722=LINE('',#4297,#4298);
#2723=LINE('',#4300,#4301);
#2724=VERTEX_POINT('',#4303);
#2725=LINE('',#4304,#4305);
#2726=VERTEX_POINT('',#4307);
#2727=LINE('',#4308,#4309);
#2728=LINE('',#4311,#4312);
#2729=VERTEX_POINT('',#4314);
#2730=LINE('',#4315,#4316);
#2731=LINE('',#4318,#4319);
#2732=VERTEX_POINT('',#4321);
#2733=LINE('',#4322,#4323);
#2734=LINE('',#4325,#4326);
#2735=LINE('',#4328,#4329);
#2736=CARTESIAN_POINT('',(-7.66553103913712,-9.92806127745124,0.799999999999998));
#2737=CARTESIAN_POINT('',(-5.79524755825663,-11.7341730406446,0.799999999999998));
#2738=CARTESIAN_POINT('',(-7.66553103913712,-9.92806127745124,0.799999999999998));
#2739=VECTOR('',#2740,1.);
#2740=DIRECTION('',(0.719339800338651,-0.694658370458997,0.));
#2741=CARTESIAN_POINT('',(-7.66553103913712,-9.92806127745124,-9.));
#2742=CARTESIAN_POINT('',(-7.66553103913712,-9.92806127745124,0.799999999999998));
#2743=VECTOR('',#2744,1.);
#2744=DIRECTION('',(9.06304509898087E-17,0.,-1.));
#2745=CARTESIAN_POINT('',(-3.92496407737613,-13.540284803838,-9.));
#2746=CARTESIAN_POINT('',(-7.66553103913712,-9.92806127745124,-9.));
#2747=VECTOR('',#2748,1.);
#2748=DIRECTION('',(0.719339800338651,-0.694658370458997,0.));
#2749=CARTESIAN_POINT('',(-3.92496407737614,-13.540284803838,-0.922323132159305));
#2750=CARTESIAN_POINT('',(-3.92496407737613,-13.540284803838,-9.));
#2751=VECTOR('',#2752,1.);
#2752=DIRECTION('',(-5.4977342757804E-17,-2.19909371031216E-16,1.));
#2753=CARTESIAN_POINT('',(-5.79524755825663,-11.7341730406446,0.409921392070812));
#2754=CARTESIAN_POINT('',(-3.92496407737614,-13.540284803838,-0.922323132159304));
#2755=VECTOR('',#2756,1.);
#2756=DIRECTION('',(-0.640189937367528,0.618224236260265,0.45602153216024));
#2757=CARTESIAN_POINT('',(-5.79524755825663,-11.7341730406446,0.799999999999998));
#2758=VECTOR('',#2759,1.);
#2759=DIRECTION('',(0.,0.,-1.));
#2760=CARTESIAN_POINT('',(-11.4365647307765,-4.95178475306044,-9.4));
#2761=CARTESIAN_POINT('',(-6.82661032955081,-0.500003535424322,-9.4));
#2762=CARTESIAN_POINT('',(-11.4365647307765,-4.95178475306044,-9.4));
#2763=VECTOR('',#2764,1.);
#2764=DIRECTION('',(0.719339800338651,0.694658370458997,0.));
#2765=CARTESIAN_POINT('',(-4.3061092379304,5.32071756044024,-9.4));
#2766=AXIS2_PLACEMENT_3D('',#2767,#2768,#2769);
#2767=CARTESIAN_POINT('',(0.,1.77635683940025E-15,-9.4));
#2768=DIRECTION('',(8.65956056235494E-17,8.65956056235493E-17,-1.));
#2769=DIRECTION('',(-0.997328452791941,-0.0730476368654914,-9.2689865728852E-17));
#2770=CARTESIAN_POINT('',(1.91093001498759,6.57274361319428,-9.4));
#2771=CARTESIAN_POINT('',(-4.3061092379304,5.32071756044025,-9.4));
#2772=VECTOR('',#2773,1.);
#2773=DIRECTION('',(0.980318470488543,0.197422634008877,-2.80100438327679E-16));
#2774=CARTESIAN_POINT('',(6.57274357984227,1.91093012970359,-9.4));
#2775=AXIS2_PLACEMENT_3D('',#2776,#2777,#2778);
#2776=CARTESIAN_POINT('',(0.,1.77635683940025E-15,-9.4));
#2777=DIRECTION('',(8.65956056235493E-17,8.65956056235493E-17,-1.));
#2778=DIRECTION('',(0.279175869610044,0.960239987621572,1.07327966776402E-16));
#2779=CARTESIAN_POINT('',(5.32071763559602,-4.30610914506637,-9.4));
#2780=CARTESIAN_POINT('',(6.57274357984227,1.91093012970359,-9.4));
#2781=VECTOR('',#2782,1.);
#2782=DIRECTION('',(-0.197422616899094,-0.980318473934218,0.));
#2783=CARTESIAN_POINT('',(-0.719648249367901,-6.80696103442302,-9.4));
#2784=AXIS2_PLACEMENT_3D('',#2785,#2786,#2787);
#2785=CARTESIAN_POINT('',(0.,1.77635683940025E-15,-9.4));
#2786=DIRECTION('',(8.65956056235493E-17,8.65956056235493E-17,-1.));
#2787=DIRECTION('',(0.777326203061738,-0.629097746009014,1.28359330091249E-17));
#2788=CARTESIAN_POINT('',(0.986372887294259,-8.45444649568166,-9.4));
#2789=CARTESIAN_POINT('',(0.986372887294259,-8.45444649568166,-9.4));
#2790=VECTOR('',#2791,1.);
#2791=DIRECTION('',(-0.719339800338652,0.694658370458996,0.));
#2792=CARTESIAN_POINT('',(0.996245459246123,-9.02004576400072,-9.4));
#2793=AXIS2_PLACEMENT_3D('',#2794,#2795,#2796);
#2794=CARTESIAN_POINT('',(0.708509539110658,-8.74218241581712,-9.4));
#2795=DIRECTION('',(8.65956056235493E-17,8.65956056235493E-17,-1.));
#2796=DIRECTION('',(0.694658370458998,0.71933980033865,1.22446027950813E-16));
#2797=CARTESIAN_POINT('',(-3.08150146087347,-13.2426763117507,-9.4));
#2798=CARTESIAN_POINT('',(-3.08150146087348,-13.2426763117507,-9.4));
#2799=VECTOR('',#2800,1.);
#2800=DIRECTION('',(0.694658370458997,0.719339800338652,3.02608565853636E-16));
#2801=CARTESIAN_POINT('',(-3.64710072919254,-13.2525488837026,-9.4));
#2802=AXIS2_PLACEMENT_3D('',#2803,#2804,#2805);
#2803=CARTESIAN_POINT('',(-3.36923738100894,-12.9648129635671,-9.4));
#2804=DIRECTION('',(8.65956056235493E-17,8.65956056235493E-17,-1.));
#2805=DIRECTION('',(0.719339800338649,-0.694658370459,2.13730336808338E-18));
#2806=CARTESIAN_POINT('',(-7.38766769095352,-9.64032535731578,-9.4));
#2807=CARTESIAN_POINT('',(-7.38766769095352,-9.64032535731578,-9.4));
#2808=VECTOR('',#2809,1.);
#2809=DIRECTION('',(0.719339800338651,-0.694658370458997,0.));
#2810=CARTESIAN_POINT('',(-7.39754026290538,-9.07472608899672,-9.4));
#2811=AXIS2_PLACEMENT_3D('',#2812,#2813,#2814);
#2812=CARTESIAN_POINT('',(-7.10980434276992,-9.35258943718031,-9.4));
#2813=DIRECTION('',(8.65956056235493E-17,8.65956056235493E-17,-1.));
#2814=DIRECTION('',(-0.694658370459,-0.719339800338649,-1.22446027950813E-16));
#2815=CARTESIAN_POINT('',(-2.30211433458899,-3.79825807855063,-9.4));
#2816=CARTESIAN_POINT('',(-7.39754026290539,-9.07472608899672,-9.4));
#2817=VECTOR('',#2818,1.);
#2818=DIRECTION('',(0.694658370458997,0.719339800338651,2.42170363139631E-16));
#2819=CARTESIAN_POINT('',(-3.79825821796879,-2.30211410456297,-9.4));
#2820=AXIS2_PLACEMENT_3D('',#2821,#2822,#2823);
#2821=CARTESIAN_POINT('',(-8.88178419700125E-16,1.77635683940025E-15,-9.4));
#2822=DIRECTION('',(-8.65956056235493E-17,-8.65956056235494E-17,1.));
#2823=DIRECTION('',(-0.51832472681118,-0.855183885241131,-1.18939810089831E-16));
#2824=CARTESIAN_POINT('',(-9.07472627121591,-7.39754007421185,-9.4));
#2825=CARTESIAN_POINT('',(-3.79825821796879,-2.30211410456298,-9.4));
#2826=VECTOR('',#2827,1.);
#2827=DIRECTION('',(-0.719339800338651,-0.694658370458997,-2.42170361175222E-16));
#2828=CARTESIAN_POINT('',(-9.64032553953496,-7.38766750225999,-9.4));
#2829=AXIS2_PLACEMENT_3D('',#2830,#2831,#2832);
#2830=CARTESIAN_POINT('',(-9.35258961939951,-7.10980415407639,-9.4));
#2831=DIRECTION('',(8.65956056235493E-17,8.65956056235493E-17,-1.));
#2832=DIRECTION('',(0.694658370458997,-0.719339800338651,-2.13730336808379E-18));
#2833=CARTESIAN_POINT('',(-11.4464373027284,-5.5173840213795,-9.4));
#2834=CARTESIAN_POINT('',(-9.64032553953497,-7.38766750225999,-9.4));
#2835=VECTOR('',#2836,1.);
#2836=DIRECTION('',(-0.694658370458997,0.719339800338651,0.));
#2837=AXIS2_PLACEMENT_3D('',#2838,#2839,#2840);
#2838=CARTESIAN_POINT('',(-11.1587013825929,-5.2395206731959,-9.4));
#2839=DIRECTION('',(8.65956056235493E-17,8.65956056235493E-17,-1.));
#2840=DIRECTION('',(-0.719339800338652,-0.694658370458996,-1.22446027950813E-16));
#2841=CARTESIAN_POINT('',(-0.153127967536495,-7.04323240212287,-5.29913801339363E-16));
#2842=CARTESIAN_POINT('',(0.197329498748147,-7.24220896077072,-0.199999999710182));
#2843=CARTESIAN_POINT('',(-0.153127967536494,-7.04323240212287,-4.83284109761064E-16));
#2844=CARTESIAN_POINT('',(-0.124442181319877,-7.06062355153457,-0.016763599687008));
#2845=CARTESIAN_POINT('',(-0.0668094759384629,-7.09500610978548,-0.0502447649636111));
#2846=CARTESIAN_POINT('',(0.0204154595300794,-7.14536675014097,-0.10032066382049));
#2847=CARTESIAN_POINT('',(0.108418136636091,-7.19450661522045,-0.150248703325775));
#2848=CARTESIAN_POINT('',(0.167606591344201,-7.2264464262349,-0.183433822010571));
#2849=CARTESIAN_POINT('',(0.197329498908769,-7.2422089609258,-0.199999999274443));
#2850=CARTESIAN_POINT('',(-0.586302101498913,-7.49179734899093,-6.60286660365009E-16));
#2851=CARTESIAN_POINT('',(-0.586302101498914,-7.49179734899093,-5.06961686999581E-16));
#2852=VECTOR('',#2853,1.);
#2853=DIRECTION('',(0.694658370458996,0.719339800338653,3.79704740688705E-17));
#2854=CARTESIAN_POINT('',(1.28398137938158,-9.29790911218432,-1.33224452423011));
#2855=CARTESIAN_POINT('',(1.28398137938158,-9.29790911218432,-1.33224452423011));
#2856=VECTOR('',#2857,1.);
#2857=DIRECTION('',(-0.640189937367528,0.618224236260266,0.456021532160239));
#2858=CARTESIAN_POINT('',(1.26423623547786,-8.1667105755462,-0.922323132159309));
#2859=CARTESIAN_POINT('',(1.26423623547786,-8.1667105755462,-0.922323132159308));
#2860=CARTESIAN_POINT('',(1.60133983474476,-8.49224773730531,-1.16244952412753));
#2861=CARTESIAN_POINT('',(1.60951854114069,-8.96080551291742,-1.33224452423011));
#2862=CARTESIAN_POINT('',(1.28398137938158,-9.29790911218432,-1.33224452423011));
#2863=CARTESIAN_POINT('',(0.303101605643083,-7.23855365243641,-0.237685556767531));
#2864=CARTESIAN_POINT('',(0.303101605643083,-7.23855365243641,-0.237685556767531));
#2865=VECTOR('',#2866,1.);
#2866=DIRECTION('',(0.640189937367528,-0.618224236260266,-0.456021532160239));
#2867=CARTESIAN_POINT('',(0.303101605643092,-7.23855365243641,-0.237685556767536));
#2868=CARTESIAN_POINT('',(0.267853449952657,-7.24002960648728,-0.225218762254304));
#2869=CARTESIAN_POINT('',(0.23259545397195,-7.24124806426734,-0.212656686405734));
#2870=CARTESIAN_POINT('',(0.197329498748148,-7.24220896077072,-0.199999999420363));
#2871=CARTESIAN_POINT('',(1.26423623547786,-8.1667105755462,-9.));
#2872=CARTESIAN_POINT('',(0.303101605643081,-7.23855365243641,-9.));
#2873=CARTESIAN_POINT('',(1.26423623547786,-8.1667105755462,-9.));
#2874=VECTOR('',#2875,1.);
#2875=DIRECTION('',(-0.719339800338652,0.694658370458997,0.));
#2876=CARTESIAN_POINT('',(0.303101605643082,-7.23855365243641,-0.237685556767532));
#2877=VECTOR('',#2878,1.);
#2878=DIRECTION('',(6.33521560894583E-18,0.,-1.));
#2879=CARTESIAN_POINT('',(1.26423623547786,-8.1667105755462,-9.));
#2880=VECTOR('',#2881,1.);
#2881=DIRECTION('',(1.09954685515608E-16,0.,1.));
#2882=CARTESIAN_POINT('',(-0.586302101498912,-7.49179734899093,-0.200000000000001));
#2883=CARTESIAN_POINT('',(-0.730170061566642,-7.35286567489913,3.32247189746078E-16));
#2884=CARTESIAN_POINT('',(-0.586302101498912,-7.49179734899093,-0.200000000000001));
#2885=VECTOR('',#2886,1.);
#2886=DIRECTION('',(-0.508650050796835,0.491197644359555,0.707106781186549));
#2887=CARTESIAN_POINT('',(-0.586302101498912,-7.49179734899093,-8.66762752423011));
#2888=CARTESIAN_POINT('',(-0.586302101498912,-7.49179734899093,-8.66762752423011));
#2889=VECTOR('',#2890,1.);
#2890=DIRECTION('',(2.62227647932849E-17,0.,1.));
#2891=CARTESIAN_POINT('',(1.28398137938158,-9.29790911218432,-8.66762752423011));
#2892=CARTESIAN_POINT('',(-0.586302101498912,-7.49179734899093,-8.66762752423011));
#2893=VECTOR('',#2894,1.);
#2894=DIRECTION('',(0.719339800338652,-0.694658370458997,0.));
#2895=CARTESIAN_POINT('',(1.28398137938158,-9.29790911218432,-1.33224452423011));
#2896=VECTOR('',#2897,1.);
#2897=DIRECTION('',(-6.05406983998058E-17,0.,-1.));
#2898=CARTESIAN_POINT('',(-0.730170061566643,-7.35286567489913,1.51426089423756E-16));
#2899=VECTOR('',#2900,1.);
#2900=DIRECTION('',(0.71933980033865,-0.694658370458998,-4.36818023805194E-15));
#2901=CARTESIAN_POINT('',(-4.61532065016109,-11.6639681909551,-8.66762752423011));
#2902=CARTESIAN_POINT('',(-4.6153206501611,-11.6639681909551,-8.66762752423011));
#2903=VECTOR('',#2904,1.);
#2904=DIRECTION('',(0.694658370458997,0.719339800338652,0.));
#2905=CARTESIAN_POINT('',(-2.7450371692806,-13.4700799541485,-8.66762752423011));
#2906=CARTESIAN_POINT('',(-4.61532065016109,-11.6639681909551,-8.66762752423011));
#2907=VECTOR('',#2908,1.);
#2908=DIRECTION('',(0.719339800338652,-0.694658370458997,0.));
#2909=CARTESIAN_POINT('',(1.28398137938158,-9.29790911218432,-8.66762752423011));
#2910=VECTOR('',#2911,1.);
#2911=DIRECTION('',(-0.694658370458997,-0.719339800338651,3.0626842058625E-16));
#2912=CARTESIAN_POINT('',(-4.66404902161851,-11.7144278967409,5.75651216870342E-15));
#2913=CARTESIAN_POINT('',(-4.61532065016109,-11.6639681909551,5.17999024242584E-15));
#2914=CARTESIAN_POINT('',(-4.66404902161852,-11.7144278967409,5.79062250917655E-15));
#2915=VECTOR('',#2916,1.);
#2916=DIRECTION('',(0.694658370459002,0.719339800338647,5.96137186728326E-17));
#2917=CARTESIAN_POINT('',(-4.66404902161851,-11.7144278967409,6.27276008913213E-15));
#2918=CARTESIAN_POINT('',(-4.98958618337762,-12.0515314960078,6.27276008913213E-15));
#2919=CARTESIAN_POINT('',(-5.45814395898973,-12.0597102024037,0.169795000102593));
#2920=CARTESIAN_POINT('',(-5.79524755825663,-11.7341730406446,0.409921392070811));
#2921=CARTESIAN_POINT('',(-2.79376554073802,-13.5205396599343,-1.33224452423011));
#2922=CARTESIAN_POINT('',(-3.92496407737614,-13.540284803838,-0.922323132159303));
#2923=CARTESIAN_POINT('',(-3.58786047810923,-13.8658219655971,-1.16244952412752));
#2924=CARTESIAN_POINT('',(-3.11930270249713,-13.8576432592012,-1.33224452423011));
#2925=CARTESIAN_POINT('',(-2.79376554073802,-13.5205396599343,-1.33224452423011));
#2926=CARTESIAN_POINT('',(-2.7450371692806,-13.4700799541485,-1.33224452423011));
#2927=CARTESIAN_POINT('',(-2.7450371692806,-13.4700799541485,-1.33224452423011));
#2928=VECTOR('',#2929,1.);
#2929=DIRECTION('',(-0.694658370458991,-0.719339800338657,0.));
#2930=CARTESIAN_POINT('',(-4.61532065016109,-11.6639681909551,5.17999024242584E-15));
#2931=VECTOR('',#2932,1.);
#2932=DIRECTION('',(0.640189937367528,-0.618224236260265,-0.45602153216024));
#2933=CARTESIAN_POINT('',(-4.61532065016109,-11.6639681909551,4.79737745200365E-15));
#2934=VECTOR('',#2935,1.);
#2935=DIRECTION('',(0.,0.,-1.));
#2936=CARTESIAN_POINT('',(-2.7450371692806,-13.4700799541485,-8.66762752423011));
#2937=VECTOR('',#2938,1.);
#2938=DIRECTION('',(1.21081396799612E-16,0.,1.));
#2939=CARTESIAN_POINT('',(2.49347277711459,11.2615968638278,9.97626611815613E-16));
#2940=CARTESIAN_POINT('',(3.53409045563971,6.09432322141238,6.29867077260656E-16));
#2941=CARTESIAN_POINT('',(2.49347277711459,11.2615968638278,9.00875624747669E-16));
#2942=VECTOR('',#2943,1.);
#2943=DIRECTION('',(0.197422626439267,-0.980318472012958,-7.07575573025985E-17));
#2944=CARTESIAN_POINT('',(-0.717713382904349,8.05041070380884,6.34979365357902E-16));
#2945=CARTESIAN_POINT('',(2.49347277711459,11.2615968638278,1.1911285859515E-15));
#2946=VECTOR('',#2947,1.);
#2947=DIRECTION('',(-0.707106781186548,-0.707106781186547,-1.22464679914735E-16));
#2948=CARTESIAN_POINT('',(-2.98045508270131,8.05041070380885,4.39035877494326E-16));
#2949=AXIS2_PLACEMENT_3D('',#2950,#2951,#2952);
#2950=CARTESIAN_POINT('',(-1.84908423280282,9.18178155370732,6.34979365357903E-16));
#2951=DIRECTION('',(8.65956056235493E-17,8.65956056235494E-17,-1.));
#2952=DIRECTION('',(0.707106781186545,-0.70710678118655,-4.08297148210094E-31));
#2953=CARTESIAN_POINT('',(-6.8961891926998,11.9661448138077,-3.81170839423129E-13));
#2954=CARTESIAN_POINT('',(-2.9804550827013,8.05041070380885,4.39035877494326E-16));
#2955=VECTOR('',#2956,1.);
#2956=DIRECTION('',(-0.707106781186548,0.707106781186547,-9.79365822294531E-32));
#2957=CARTESIAN_POINT('',(-6.99743399813998,11.1031971916272,3.1280271273837E-16));
#2958=AXIS2_PLACEMENT_3D('',#2959,#2960,#2961);
#2959=CARTESIAN_POINT('',(-5.62498813732184,11.3795888686422,4.98323135450402E-16));
#2960=DIRECTION('',(8.65956056235493E-17,8.65956056235493E-17,-1.));
#2961=DIRECTION('',(-0.980318472012958,-0.197422626439267,-1.01987203688215E-16));
#2962=CARTESIAN_POINT('',(-5.61755784879749,4.2513074096216,-2.17652067541774E-16));
#2963=CARTESIAN_POINT('',(-5.61755785054816,4.25130741094655,-2.67322459242588E-16));
#2964=VECTOR('',#2965,1.);
#2965=DIRECTION('',(-0.197422626439267,0.980318472012958,7.95649237971643E-17));
#2966=CARTESIAN_POINT('',(-7.03232827731944,-0.420630332184523,4.15824758826531E-17));
#2967=AXIS2_PLACEMENT_3D('',#2968,#2969,#2970);
#2968=CARTESIAN_POINT('',(-2.59583780630552E-31,-2.63362058895763E-31,-4.52848116820967E-47));
#2969=DIRECTION('',(8.65956056235493E-17,8.65956056235493E-17,-1.));
#2970=DIRECTION('',(-0.998215939884365,-0.0597070964021384,-9.16114860303339E-17));
#2971=CARTESIAN_POINT('',(-8.19672321347224,-1.54507344944246,-3.10776088480769E-16));
#2972=CARTESIAN_POINT('',(-8.19672321347224,-1.54507344944245,2.44335423831809E-16));
#2973=VECTOR('',#2974,1.);
#2974=DIRECTION('',(0.719339800338652,0.694658370458996,8.69432695864036E-17));
#2975=CARTESIAN_POINT('',(-5.55702140572804,-4.27856469072933,-9.87909673559129E-16));
#2976=CARTESIAN_POINT('',(-8.19672321347224,-1.54507344944246,-8.4359678188657E-16));
#2977=VECTOR('',#2978,1.);
#2978=DIRECTION('',(0.694658370458998,-0.71933980033865,-2.13730336808365E-18));
#2979=CARTESIAN_POINT('',(-3.54223717468609,-2.33291017515381,-6.4143209976135E-16));
#2980=CARTESIAN_POINT('',(-3.54223717468609,-2.33291017515381,-7.12347969101366E-16));
#2981=VECTOR('',#2982,1.);
#2982=DIRECTION('',(-0.719339800338651,-0.694658370458998,-1.40499752055913E-16));
#2983=CARTESIAN_POINT('',(-2.33291039805137,-3.5422370278862,-5.39661658033952E-16));
#2984=AXIS2_PLACEMENT_3D('',#2985,#2986,#2987);
#2985=CARTESIAN_POINT('',(0.,0.,0.));
#2986=DIRECTION('',(-8.65956056235493E-17,-8.65956056235493E-17,1.));
#2987=DIRECTION('',(-0.550026373438709,-0.835147285526249,-1.19949951891858E-16));
#2988=CARTESIAN_POINT('',(-4.2785648762422,-5.55702122021518,-9.1158184061615E-16));
#2989=CARTESIAN_POINT('',(-4.2785648762422,-5.55702122021518,-9.53215204039594E-16));
#2990=VECTOR('',#2991,1.);
#2991=DIRECTION('',(0.694658370458997,0.719339800338651,1.40499753579172E-16));
#2992=CARTESIAN_POINT('',(-1.54507363495533,-8.19672302795937,-5.05170509681453E-16));
#2993=CARTESIAN_POINT('',(-4.2785648762422,-5.55702122021518,-8.51718534685289E-16));
#2994=VECTOR('',#2995,1.);
#2995=DIRECTION('',(0.719339800338651,-0.694658370458997,2.13730336808383E-18));
#2996=CARTESIAN_POINT('',(-0.730170061566643,-7.35286567489913,-1.69107800504759E-17));
#2997=VECTOR('',#2998,1.);
#2998=DIRECTION('',(-0.694658370458997,-0.719339800338652,-1.08543073815439E-16));
#2999=CARTESIAN_POINT('',(4.2513074209136,-5.61755784025182,-1.25133481011108E-16));
#3000=AXIS2_PLACEMENT_3D('',#3001,#3002,#3003);
#3001=CARTESIAN_POINT('',(-2.59583780630552E-31,-2.63362058895763E-31,-4.52848116820967E-47));
#3002=DIRECTION('',(8.65956056235493E-17,8.65956056235493E-17,-1.));
#3003=DIRECTION('',(0.603459148319228,-0.797393915395542,-1.67938986064353E-17));
#3004=CARTESIAN_POINT('',(11.1031971992537,-6.99743397452439,3.54436077063623E-16));
#3005=CARTESIAN_POINT('',(11.1031971992537,-6.99743397452439,3.44303980189939E-16));
#3006=VECTOR('',#3007,1.);
#3007=DIRECTION('',(-0.980318472409803,0.197422624468704,-6.76517272739914E-17));
#3008=CARTESIAN_POINT('',(11.9661447988052,-6.89618917769711,4.4072032161292E-16));
#3009=AXIS2_PLACEMENT_3D('',#3010,#3011,#3012);
#3010=CARTESIAN_POINT('',(11.3795888735099,-5.62498811315067,4.98323137965045E-16));
#3011=DIRECTION('',(8.65956056235493E-17,8.65956056235493E-17,-1.));
#3012=DIRECTION('',(0.418968518067736,-0.908000760389618,-4.23480431933057E-17));
#3013=CARTESIAN_POINT('',(8.05041070380885,-2.98045508270131,4.39035877494326E-16));
#3014=CARTESIAN_POINT('',(11.9661447988056,-6.89618917769809,4.39035877494326E-16));
#3015=VECTOR('',#3016,1.);
#3016=DIRECTION('',(-0.707106781186547,0.707106781186548,8.01299312220144E-32));
#3017=CARTESIAN_POINT('',(8.05041070380884,-0.717713382904352,6.34979365357902E-16));
#3018=AXIS2_PLACEMENT_3D('',#3019,#3020,#3021);
#3019=CARTESIAN_POINT('',(9.18178155370732,-1.84908423280283,6.34979365357902E-16));
#3020=DIRECTION('',(8.65956056235493E-17,8.65956056235494E-17,-1.));
#3021=DIRECTION('',(-0.707106781186546,-0.707106781186549,-1.22464679914735E-16));
#3022=CARTESIAN_POINT('',(11.2615968818302,2.493472795117,1.1734119261265E-15));
#3023=CARTESIAN_POINT('',(8.05041070380884,-0.717713382904349,6.34979365357902E-16));
#3024=VECTOR('',#3025,1.);
#3025=DIRECTION('',(0.707106781186547,0.707106781186548,1.22464679914735E-16));
#3026=CARTESIAN_POINT('',(6.0943232143084,3.53409046789007,8.33407965405705E-16));
#3027=CARTESIAN_POINT('',(6.09432321620771,3.53409046899142,8.33222791366378E-16));
#3028=VECTOR('',#3029,1.);
#3029=DIRECTION('',(0.980318472409803,-0.197422624468704,6.28590099849411E-17));
#3030=AXIS2_PLACEMENT_3D('',#3031,#3032,#3033);
#3031=CARTESIAN_POINT('',(-2.59583780630552E-31,-2.63362058895763E-31,-4.52848116820967E-47));
#3032=DIRECTION('',(8.65956056235493E-17,8.65956056235493E-17,-1.));
#3033=DIRECTION('',(0.501652551860196,0.865069197932832,1.18352097642204E-16));
#3034=CARTESIAN_POINT('',(-4.66404902161851,-11.7144278967409,0.799999999999998));
#3035=AXIS2_PLACEMENT_3D('',#3036,#3037,#3038);
#3036=CARTESIAN_POINT('',(-5.23952086188943,-11.1587012003737,0.799999999999999));
#3037=DIRECTION('',(-8.65956056235493E-17,-8.65956056235493E-17,1.));
#3038=DIRECTION('',(-0.694658370458997,-0.719339800338651,-1.22446027950813E-16));
#3039=CARTESIAN_POINT('',(-4.66404902161851,-11.7144278967409,0.799999999999998));
#3040=VECTOR('',#3041,1.);
#3041=DIRECTION('',(0.,0.,-1.));
#3042=CARTESIAN_POINT('',(-1.54013734897939,-8.4795226621189,-0.200000000000001));
#3043=CARTESIAN_POINT('',(-0.586302101498912,-7.49179734899093,-0.200000000000001));
#3044=VECTOR('',#3045,1.);
#3045=DIRECTION('',(-0.694658370458997,-0.719339800338651,-1.41496658730775E-16));
#3046=CARTESIAN_POINT('',(-1.5401373489794,-8.4795226621189,0.799999999999999));
#3047=CARTESIAN_POINT('',(-1.54013734897939,-8.4795226621189,-0.200000000000001));
#3048=VECTOR('',#3049,1.);
#3049=DIRECTION('',(-2.22044604925031E-16,0.,1.));
#3050=CARTESIAN_POINT('',(-4.66404902161851,-11.7144278967409,0.799999999999998));
#3051=VECTOR('',#3052,1.);
#3052=DIRECTION('',(0.694658370458997,0.719339800338652,1.72814745922839E-16));
#3053=CARTESIAN_POINT('',(-2.14576964063814,-9.10667325914198,-3.9951589543233));
#3054=CARTESIAN_POINT('',(-3.05585311102187,-10.0490922808041,-3.9951589543233));
#3055=AXIS2_PLACEMENT_3D('',#3056,#3057,#3058);
#3056=CARTESIAN_POINT('',(-2.60081137583,-9.57788276997302,-5.39993602423011));
#3057=DIRECTION('',(0.719339800338651,-0.694658370458997,0.));
#3058=DIRECTION('',(-0.293575313027008,-0.304006136020022,0.90630778703665));
#3059=CARTESIAN_POINT('',(-2.60081137583001,-9.57788276997302,-3.68970024983825));
#3060=CARTESIAN_POINT('',(-2.60081137583,-9.57788276997302,-3.68970024983825));
#3061=VECTOR('',#3062,1.);
#3062=DIRECTION('',(-0.62957429047718,-0.651943262572309,-0.422618261740699));
#3063=CARTESIAN_POINT('',(-2.14576964063814,-9.10667325914198,-3.9951589543233));
#3064=VECTOR('',#3065,1.);
#3065=DIRECTION('',(-0.62957429047718,-0.651943262572309,0.422618261740699));
#3066=CARTESIAN_POINT('',(4.29941052027132,-5.8312604761513,-0.2));
#3067=AXIS2_PLACEMENT_3D('',#3068,#3069,#3070);
#3068=CARTESIAN_POINT('',(1.73191211247096E-17,1.73191211247096E-17,-0.2));
#3069=DIRECTION('',(8.65956056235493E-17,8.65956056235494E-17,-1.));
#3070=DIRECTION('',(0.593439857356164,-0.804878335962085,-1.83096431070017E-17));
#3071=CARTESIAN_POINT('',(4.29941052027132,-5.83126047615129,-9.));
#3072=AXIS2_PLACEMENT_3D('',#3073,#3074,#3075);
#3073=CARTESIAN_POINT('',(7.79360450611944E-16,7.79360450611944E-16,-9.));
#3074=DIRECTION('',(8.65956056235493E-17,8.65956056235494E-17,-1.));
#3075=DIRECTION('',(0.593439857356165,-0.804878335962085,-1.83096431070016E-17));
#3076=CARTESIAN_POINT('',(4.29941052027132,-5.8312604761513,-0.2));
#3077=VECTOR('',#3078,1.);
#3078=DIRECTION('',(0.,1.00929365875014E-16,-1.));
#3079=CARTESIAN_POINT('',(-2.79376554073801,-13.5205396599343,-9.));
#3080=AXIS2_PLACEMENT_3D('',#3081,#3082,#3083);
#3081=CARTESIAN_POINT('',(-3.36923738100894,-12.9648129635671,-9.));
#3082=DIRECTION('',(6.1390201209E-17,1.22780402418E-16,-1.));
#3083=DIRECTION('',(0.71933980033865,-0.694658370458998,-4.11300191875563E-17));
#3084=CARTESIAN_POINT('',(-2.79376554073802,-13.5205396599343,-9.));
#3085=VECTOR('',#3086,1.);
#3086=DIRECTION('',(-1.15832908666267E-16,-2.31665817332535E-16,1.));
#3087=CARTESIAN_POINT('',(-4.80791698168624,-11.5754962226491,0.999999999999998));
#3088=CARTESIAN_POINT('',(-1.54507363495533,-8.19672302795937,0.999999999999999));
#3089=CARTESIAN_POINT('',(-4.80791698168624,-11.5754962226491,0.999999999999998));
#3090=VECTOR('',#3091,1.);
#3091=DIRECTION('',(0.694658370458997,0.719339800338651,1.41819689487368E-16));
#3092=CARTESIAN_POINT('',(-4.2785648762422,-5.55702122021518,0.999999999999999));
#3093=CARTESIAN_POINT('',(-1.54507363495533,-8.19672302795937,0.999999999999999));
#3094=VECTOR('',#3095,1.);
#3095=DIRECTION('',(-0.719339800338651,0.694658370458997,0.));
#3096=CARTESIAN_POINT('',(-7.54140822297312,-8.93579441490492,0.999999999999998));
#3097=CARTESIAN_POINT('',(-4.2785648762422,-5.55702122021518,0.999999999999999));
#3098=VECTOR('',#3099,1.);
#3099=DIRECTION('',(-0.694658370458997,-0.719339800338651,-9.45464596582453E-17));
#3100=CARTESIAN_POINT('',(-7.52659936504532,-9.78419331738351,0.999999999999999));
#3101=AXIS2_PLACEMENT_3D('',#3102,#3103,#3104);
#3102=CARTESIAN_POINT('',(-7.10980434276992,-9.35258943718032,0.999999999999999));
#3103=DIRECTION('',(-8.65956056235493E-17,-8.65956056235493E-17,1.));
#3104=DIRECTION('',(-0.719339800338651,0.694658370458997,-2.13730336808381E-18));
#3105=CARTESIAN_POINT('',(-5.65631588416483,-11.5903050805769,0.999999999999999));
#3106=CARTESIAN_POINT('',(-7.52659936504532,-9.78419331738351,0.999999999999999));
#3107=VECTOR('',#3108,1.);
#3108=DIRECTION('',(0.719339800338652,-0.694658370458997,0.));
#3109=AXIS2_PLACEMENT_3D('',#3110,#3111,#3112);
#3110=CARTESIAN_POINT('',(-5.23952086188943,-11.1587012003737,0.999999999999999));
#3111=DIRECTION('',(-8.65956056235494E-17,-8.65956056235493E-17,1.));
#3112=DIRECTION('',(-0.694658370459,-0.719339800338649,-1.22446027950813E-16));
#3113=CARTESIAN_POINT('',(-7.68527618304085,-8.79686274081312,0.799999999999998));
#3114=AXIS2_PLACEMENT_3D('',#3115,#3116,#3117);
#3115=CARTESIAN_POINT('',(-7.10980434276992,-9.35258943718032,0.799999999999998));
#3116=DIRECTION('',(-8.65956056235493E-17,-8.65956056235493E-17,1.));
#3117=DIRECTION('',(-0.719339800338653,0.694658370458995,-2.13730336808411E-18));
#3118=CARTESIAN_POINT('',(-7.68527618304085,-8.79686274081312,-9.));
#3119=CARTESIAN_POINT('',(-7.68527618304085,-8.79686274081312,0.799999999999998));
#3120=VECTOR('',#3121,1.);
#3121=DIRECTION('',(-9.06304509898087E-17,0.,-1.));
#3122=AXIS2_PLACEMENT_3D('',#3123,#3124,#3125);
#3123=CARTESIAN_POINT('',(-7.10980434276992,-9.35258943718032,-9.));
#3124=DIRECTION('',(8.65956056235493E-17,8.65956056235493E-17,-1.));
#3125=DIRECTION('',(-0.694658370458997,-0.719339800338651,-1.22446027950813E-16));
#3126=CARTESIAN_POINT('',(1.28398137938158,-9.29790911218432,-9.));
#3127=AXIS2_PLACEMENT_3D('',#3128,#3129,#3130);
#3128=CARTESIAN_POINT('',(0.70850953911066,-8.74218241581712,-9.));
#3129=DIRECTION('',(-9.20853018135004E-17,4.00593428432545E-31,-1.));
#3130=DIRECTION('',(0.694658370458998,0.719339800338651,-6.39678257009909E-17));
#3131=CARTESIAN_POINT('',(1.28398137938158,-9.29790911218432,-9.));
#3132=VECTOR('',#3133,1.);
#3133=DIRECTION('',(0.,0.,1.));
#3134=CARTESIAN_POINT('',(-2.79376554073801,-13.5205396599343,-9.));
#3135=VECTOR('',#3136,1.);
#3136=DIRECTION('',(0.694658370458997,0.719339800338651,3.02608565853636E-16));
#3137=CARTESIAN_POINT('',(-4.56136451040173,-5.56195750619111,0.799999999999999));
#3138=CARTESIAN_POINT('',(-4.56136451040173,-5.56195750619111,0.799999999999999));
#3139=VECTOR('',#3140,1.);
#3140=DIRECTION('',(-0.694658370458997,-0.719339800338651,-1.48126925076719E-16));
#3141=CARTESIAN_POINT('',(-4.56136451040173,-5.56195750619111,-0.200000000000001));
#3142=CARTESIAN_POINT('',(-4.56136451040173,-5.56195750619111,-0.200000000000001));
#3143=VECTOR('',#3144,1.);
#3144=DIRECTION('',(0.,0.,1.));
#3145=CARTESIAN_POINT('',(-2.35910813585605,-3.28145427161054,-0.2));
#3146=CARTESIAN_POINT('',(-4.56136451040173,-5.56195750619111,-0.200000000000001));
#3147=VECTOR('',#3148,1.);
#3148=DIRECTION('',(0.694658370458997,0.719339800338651,1.40079188971134E-16));
#3149=CARTESIAN_POINT('',(-2.35910813585605,-3.28145427161054,-9.));
#3150=CARTESIAN_POINT('',(-2.35910813585605,-3.28145427161054,-0.2));
#3151=VECTOR('',#3152,1.);
#3152=DIRECTION('',(0.,0.,-1.));
#3153=CARTESIAN_POINT('',(-7.68527618304085,-8.79686274081312,-9.));
#3154=VECTOR('',#3155,1.);
#3155=DIRECTION('',(0.694658370458997,0.719339800338651,2.31678973791241E-16));
#3156=CARTESIAN_POINT('',(-6.0770802724442,-7.13152712487627,-3.9951589543233));
#3157=CARTESIAN_POINT('',(-5.16699680206048,-6.1891081032142,-3.9951589543233));
#3158=AXIS2_PLACEMENT_3D('',#3159,#3160,#3161);
#3159=CARTESIAN_POINT('',(-5.62203853725234,-6.66031761404523,-5.39993602423011));
#3160=DIRECTION('',(0.719339800338651,-0.694658370458997,0.));
#3161=DIRECTION('',(-0.293575313027008,-0.304006136020023,0.90630778703665));
#3162=CARTESIAN_POINT('',(-5.62203853725234,-6.66031761404523,-3.68970024983825));
#3163=CARTESIAN_POINT('',(-5.62203853725234,-6.66031761404523,-3.68970024983825));
#3164=VECTOR('',#3165,1.);
#3165=DIRECTION('',(0.629574290477179,0.651943262572309,-0.422618261740699));
#3166=CARTESIAN_POINT('',(-6.0770802724442,-7.13152712487627,-3.9951589543233));
#3167=VECTOR('',#3168,1.);
#3168=DIRECTION('',(0.629574290477179,0.651943262572309,0.422618261740699));
#3169=CARTESIAN_POINT('',(-3.28145442634664,-2.3591079206224,-0.200000000000001));
#3170=AXIS2_PLACEMENT_3D('',#3171,#3172,#3173);
#3171=CARTESIAN_POINT('',(1.73191211247099E-17,1.73191211247099E-17,-0.2));
#3172=DIRECTION('',(-8.65956056235493E-17,-8.65956056235493E-17,1.));
#3173=DIRECTION('',(-0.58372787883597,-0.811949360163341,-1.20859515766149E-16));
#3174=CARTESIAN_POINT('',(-3.28145442634664,-2.3591079206224,-9.));
#3175=CARTESIAN_POINT('',(-3.28145442634664,-2.3591079206224,-0.2));
#3176=VECTOR('',#3177,1.);
#3177=DIRECTION('',(2.01858731750028E-16,-5.04646829375071E-17,-1.));
#3178=AXIS2_PLACEMENT_3D('',#3179,#3180,#3181);
#3179=CARTESIAN_POINT('',(7.79360450611944E-16,7.79360450611944E-16,-9.));
#3180=DIRECTION('',(-8.65956056235493E-17,-8.65956056235493E-17,1.));
#3181=DIRECTION('',(-0.58372787883597,-0.811949360163341,-1.20859515766149E-16));
#3182=CARTESIAN_POINT('',(-8.79686292303231,-7.68527599434731,0.799999999999999));
#3183=CARTESIAN_POINT('',(-5.56195769170398,-4.56136432488886,0.799999999999999));
#3184=CARTESIAN_POINT('',(-8.79686292303231,-7.68527599434731,0.799999999999999));
#3185=VECTOR('',#3186,1.);
#3186=DIRECTION('',(0.719339800338651,0.694658370458997,1.48126925227537E-16));
#3187=CARTESIAN_POINT('',(-8.79686292303231,-7.68527599434731,-9.));
#3188=CARTESIAN_POINT('',(-8.79686292303231,-7.68527599434731,0.799999999999999));
#3189=VECTOR('',#3190,1.);
#3190=DIRECTION('',(-1.81260901979617E-16,-9.06304509898087E-17,-1.));
#3191=CARTESIAN_POINT('',(-3.28145442634664,-2.3591079206224,-9.));
#3192=VECTOR('',#3193,1.);
#3193=DIRECTION('',(-0.719339800338651,-0.694658370458997,-2.31678972636793E-16));
#3194=CARTESIAN_POINT('',(-5.56195769170398,-4.56136432488886,-0.200000000000001));
#3195=CARTESIAN_POINT('',(-3.28145442634664,-2.3591079206224,-0.200000000000001));
#3196=VECTOR('',#3197,1.);
#3197=DIRECTION('',(-0.719339800338651,-0.694658370458997,-1.40079187080681E-16));
#3198=CARTESIAN_POINT('',(-5.56195769170398,-4.56136432488886,-0.200000000000001));
#3199=VECTOR('',#3200,1.);
#3200=DIRECTION('',(0.,0.,1.));
#3201=CARTESIAN_POINT('',(-6.18910828543341,-5.16699661336696,-3.9951589543233));
#3202=CARTESIAN_POINT('',(-7.13152730709548,-6.07708008375069,-3.9951589543233));
#3203=AXIS2_PLACEMENT_3D('',#3204,#3205,#3206);
#3204=CARTESIAN_POINT('',(-6.66031779626444,-5.62203834855883,-5.39993602423011));
#3205=DIRECTION('',(-0.694658370458997,0.719339800338651,-2.77555756156289E-17));
#3206=DIRECTION('',(0.304006136020022,0.293575313027008,0.90630778703665));
#3207=CARTESIAN_POINT('',(-6.66031779626444,-5.62203834855883,-3.68970024983825));
#3208=CARTESIAN_POINT('',(-6.66031779626444,-5.62203834855883,-3.68970024983825));
#3209=VECTOR('',#3210,1.);
#3210=DIRECTION('',(-0.651943262572309,-0.629574290477179,-0.4226182617407));
#3211=CARTESIAN_POINT('',(-6.18910828543341,-5.16699661336696,-3.9951589543233));
#3212=VECTOR('',#3213,1.);
#3213=DIRECTION('',(-0.651943262572309,-0.62957429047718,0.422618261740699));
#3214=CARTESIAN_POINT('',(-9.92806145967043,-7.66553085044359,0.799999999999999));
#3215=AXIS2_PLACEMENT_3D('',#3216,#3217,#3218);
#3216=CARTESIAN_POINT('',(-9.35258961939951,-7.10980415407639,0.799999999999999));
#3217=DIRECTION('',(-8.65956056235493E-17,-8.65956056235493E-17,1.));
#3218=DIRECTION('',(-0.71933980033865,-0.694658370458998,-1.22446027950813E-16));
#3219=CARTESIAN_POINT('',(-9.92806145967043,-7.66553085044359,-9.));
#3220=CARTESIAN_POINT('',(-9.92806145967043,-7.66553085044359,0.799999999999998));
#3221=VECTOR('',#3222,1.);
#3222=DIRECTION('',(1.81260901979617E-16,9.06304509898087E-17,-1.));
#3223=AXIS2_PLACEMENT_3D('',#3224,#3225,#3226);
#3224=CARTESIAN_POINT('',(-9.35258961939951,-7.10980415407639,-9.));
#3225=DIRECTION('',(8.65956056235493E-17,8.65956056235493E-17,-1.));
#3226=DIRECTION('',(0.694658370458996,-0.719339800338653,-2.13730336808407E-18));
#3227=CARTESIAN_POINT('',(-11.7341732228638,-5.7952473695631,0.799999999999999));
#3228=CARTESIAN_POINT('',(-11.7341732228638,-5.7952473695631,0.799999999999999));
#3229=VECTOR('',#3230,1.);
#3230=DIRECTION('',(0.694658370458998,-0.719339800338651,-4.2700885562506E-17));
#3231=CARTESIAN_POINT('',(-11.7341732228638,-5.7952473695631,-9.));
#3232=CARTESIAN_POINT('',(-11.7341732228638,-5.7952473695631,0.799999999999999));
#3233=VECTOR('',#3234,1.);
#3234=DIRECTION('',(0.,1.81260901979617E-16,-1.));
#3235=CARTESIAN_POINT('',(-9.92806145967043,-7.66553085044359,-9.));
#3236=VECTOR('',#3237,1.);
#3237=DIRECTION('',(-0.694658370458997,0.719339800338651,0.));
#3238=CARTESIAN_POINT('',(-11.7144280789601,-4.66404883292498,0.799999999999998));
#3239=AXIS2_PLACEMENT_3D('',#3240,#3241,#3242);
#3240=CARTESIAN_POINT('',(-11.1587013825929,-5.2395206731959,0.799999999999999));
#3241=DIRECTION('',(-8.65956056235494E-17,-8.65956056235494E-17,1.));
#3242=DIRECTION('',(-0.694658370459001,0.719339800338647,2.13730336808314E-18));
#3243=CARTESIAN_POINT('',(-11.7144280789601,-4.66404883292498,-9.));
#3244=CARTESIAN_POINT('',(-11.7144280789601,-4.66404883292498,0.799999999999998));
#3245=VECTOR('',#3246,1.);
#3246=DIRECTION('',(0.,9.06304509898087E-17,-1.));
#3247=AXIS2_PLACEMENT_3D('',#3248,#3249,#3250);
#3248=CARTESIAN_POINT('',(-11.1587013825929,-5.2395206731959,-9.));
#3249=DIRECTION('',(8.65956056235494E-17,8.65956056235494E-17,-1.));
#3250=DIRECTION('',(-0.719339800338651,-0.694658370458998,-1.22446027950813E-16));
#3251=CARTESIAN_POINT('',(-8.47952284763177,-1.54013716346653,0.799999999999999));
#3252=CARTESIAN_POINT('',(-8.47952284763177,-1.54013716346653,0.799999999999999));
#3253=VECTOR('',#3254,1.);
#3254=DIRECTION('',(-0.719339800338651,-0.694658370458998,-1.23439104356281E-16));
#3255=CARTESIAN_POINT('',(-8.47952284763177,-1.54013716346653,-0.200000000000001));
#3256=CARTESIAN_POINT('',(-8.47952284763177,-1.54013716346653,-0.200000000000001));
#3257=VECTOR('',#3258,1.);
#3258=DIRECTION('',(0.,0.,1.));
#3259=CARTESIAN_POINT('',(-7.23690699070783,-0.340156979037808,-0.200000000000001));
#3260=CARTESIAN_POINT('',(-8.47952284763177,-1.54013716346653,-0.200000000000001));
#3261=VECTOR('',#3262,1.);
#3262=DIRECTION('',(0.719339800338651,0.694658370458998,9.64048065717848E-17));
#3263=CARTESIAN_POINT('',(-7.23690699070783,-0.340156979037806,-9.));
#3264=CARTESIAN_POINT('',(-7.23690699070783,-0.340156979037808,-0.200000000000001));
#3265=VECTOR('',#3266,1.);
#3266=DIRECTION('',(2.01858731750028E-16,1.89242561015652E-16,-1.));
#3267=CARTESIAN_POINT('',(-11.7144280789601,-4.66404883292498,-9.));
#3268=VECTOR('',#3269,1.);
#3269=DIRECTION('',(0.719339800338651,0.694658370458997,2.85382056052614E-16));
#3270=CARTESIAN_POINT('',(-10.0490924630233,-3.05585292232835,-3.9951589543233));
#3271=CARTESIAN_POINT('',(-9.1066734413612,-2.14576945194463,-3.9951589543233));
#3272=AXIS2_PLACEMENT_3D('',#3273,#3274,#3275);
#3273=CARTESIAN_POINT('',(-9.57788295219223,-2.60081118713649,-5.39993602423011));
#3274=DIRECTION('',(-0.694658370458997,0.719339800338651,0.));
#3275=DIRECTION('',(0.304006136020022,0.293575313027008,0.90630778703665));
#3276=CARTESIAN_POINT('',(-9.57788295219223,-2.60081118713649,-3.68970024983825));
#3277=CARTESIAN_POINT('',(-9.57788295219223,-2.60081118713649,-3.68970024983825));
#3278=VECTOR('',#3279,1.);
#3279=DIRECTION('',(0.651943262572307,0.629574290477181,-0.422618261740699));
#3280=CARTESIAN_POINT('',(-10.0490924630233,-3.05585292232835,-3.9951589543233));
#3281=VECTOR('',#3282,1.);
#3282=DIRECTION('',(0.651943262572308,0.62957429047718,0.4226182617407));
#3283=CARTESIAN_POINT('',(-5.83126048479366,4.29941050854974,-0.2));
#3284=AXIS2_PLACEMENT_3D('',#3285,#3286,#3287);
#3285=CARTESIAN_POINT('',(1.73191211247096E-17,1.73191211247096E-17,-0.2));
#3286=DIRECTION('',(8.65956056235494E-17,8.65956056235494E-17,-1.));
#3287=DIRECTION('',(-0.998897181838421,-0.0469512525419794,-9.05658785656117E-17));
#3288=CARTESIAN_POINT('',(-5.83126048479366,4.29941050854975,-9.));
#3289=CARTESIAN_POINT('',(-5.83126048479366,4.29941050854974,-0.2));
#3290=VECTOR('',#3291,1.);
#3291=DIRECTION('',(1.00929365875014E-16,2.01858731750028E-16,-1.));
#3292=AXIS2_PLACEMENT_3D('',#3293,#3294,#3295);
#3293=CARTESIAN_POINT('',(7.79360450611944E-16,7.79360450611944E-16,-9.));
#3294=DIRECTION('',(8.65956056235494E-17,8.65956056235494E-17,-1.));
#3295=DIRECTION('',(-0.998897181838421,-0.0469512525419794,-9.05658785656117E-17));
#3296=CARTESIAN_POINT('',(-4.47993690397409,5.69374173096699,-9.));
#3297=CARTESIAN_POINT('',(1.92681967296153,6.98397423258869,-8.99999998874024));
#3298=CARTESIAN_POINT('',(-4.47993690397409,5.69374173096699,-9.));
#3299=VECTOR('',#3300,1.);
#3300=DIRECTION('',(0.980318470488543,0.197422634008877,-2.71806084602971E-16));
#3301=CARTESIAN_POINT('',(-4.47993690397409,5.69374173096699,-1.4));
#3302=CARTESIAN_POINT('',(-4.47993690397409,5.69374173096699,-1.4));
#3303=VECTOR('',#3304,1.);
#3304=DIRECTION('',(1.1686558153949E-16,1.1686558153949E-16,-1.));
#3305=CARTESIAN_POINT('',(1.9268196717162,6.98397423877248,-1.4));
#3306=CARTESIAN_POINT('',(1.9268196717162,6.98397423877248,-1.4));
#3307=VECTOR('',#3308,1.);
#3308=DIRECTION('',(-0.980318470488543,-0.197422634008877,-2.03854563452228E-16));
#3309=CARTESIAN_POINT('',(1.9268196717162,6.98397423877248,-1.4));
#3310=VECTOR('',#3311,1.);
#3311=DIRECTION('',(1.1686558153949E-16,1.1686558153949E-16,-1.));
#3312=CARTESIAN_POINT('',(6.22139536402796,3.71251522380654,-0.199999999999999));
#3313=CARTESIAN_POINT('',(3.71251521130074,6.22139537149059,-0.199999999999999));
#3314=AXIS2_PLACEMENT_3D('',#3315,#3316,#3317);
#3315=CARTESIAN_POINT('',(1.73191211247096E-17,1.73191211247096E-17,-0.2));
#3316=DIRECTION('',(8.65956056235493E-17,8.65956056235493E-17,-1.));
#3317=DIRECTION('',(0.512431759432888,0.8587279498913,1.18736405435538E-16));
#3318=CARTESIAN_POINT('',(6.22139536402796,3.71251522380654,-9.));
#3319=CARTESIAN_POINT('',(6.22139536402796,3.71251522380654,-0.199999999999999));
#3320=VECTOR('',#3321,1.);
#3321=DIRECTION('',(1.00929365875014E-16,1.00929365875014E-16,-1.));
#3322=CARTESIAN_POINT('',(3.71251521130074,6.22139537149059,-9.));
#3323=AXIS2_PLACEMENT_3D('',#3324,#3325,#3326);
#3324=CARTESIAN_POINT('',(7.79360450611944E-16,7.79360450611944E-16,-9.));
#3325=DIRECTION('',(8.65956056235493E-17,8.65956056235493E-17,-1.));
#3326=DIRECTION('',(0.512431759432888,0.8587279498913,1.18736405435538E-16));
#3327=CARTESIAN_POINT('',(3.71251521130074,6.22139537149059,-0.199999999999999));
#3328=VECTOR('',#3329,1.);
#3329=DIRECTION('',(1.00929365875014E-16,0.,-1.));
#3330=CARTESIAN_POINT('',(6.98397418542903,1.9268196957175,-9.));
#3331=CARTESIAN_POINT('',(5.69374178501802,-4.47993689901031,-8.99999998874025));
#3332=CARTESIAN_POINT('',(6.98397418542903,1.9268196957175,-9.));
#3333=VECTOR('',#3334,1.);
#3334=DIRECTION('',(-0.197422616899094,-0.980318473934218,0.));
#3335=CARTESIAN_POINT('',(6.98397418542903,1.9268196957175,-1.4));
#3336=CARTESIAN_POINT('',(6.98397418542903,1.9268196957175,-1.4));
#3337=VECTOR('',#3338,1.);
#3338=DIRECTION('',(2.3373116307898E-16,1.1686558153949E-16,-1.));
#3339=CARTESIAN_POINT('',(5.69374178944253,-4.47993690249159,-1.4));
#3340=CARTESIAN_POINT('',(5.69374178944253,-4.47993690249159,-1.4));
#3341=VECTOR('',#3342,1.);
#3342=DIRECTION('',(0.197422616899094,0.980318473934218,2.03854563452228E-16));
#3343=CARTESIAN_POINT('',(5.69374178944253,-4.47993690249159,-1.4));
#3344=VECTOR('',#3345,1.);
#3345=DIRECTION('',(2.3373116307898E-16,1.1686558153949E-16,-1.));
#3346=CARTESIAN_POINT('',(11.06371267436,-7.19349766900635,-0.2));
#3347=CARTESIAN_POINT('',(11.06371267436,-7.19349766900635,-0.2));
#3348=VECTOR('',#3349,1.);
#3349=DIRECTION('',(-0.980318472409803,0.197422624468704,-7.24047287708147E-17));
#3350=CARTESIAN_POINT('',(11.06371267436,-7.19349766900635,-3.04822498736467));
#3351=CARTESIAN_POINT('',(4.29941052027132,-5.83126047615129,-9.));
#3352=CARTESIAN_POINT('',(4.39953933041543,-5.85142503801555,-8.9243422207285));
#3353=CARTESIAN_POINT('',(4.59921684707843,-5.89163733687196,-8.77153974330279));
#3354=CARTESIAN_POINT('',(4.89671308040577,-5.95154897661558,-8.53862864041167));
#3355=CARTESIAN_POINT('',(5.19327401585384,-6.01127226026149,-8.30171911211983));
#3356=CARTESIAN_POINT('',(5.48907775439431,-6.07084305488985,-8.06110813501951));
#3357=CARTESIAN_POINT('',(5.78624106849749,-6.13068764929176,-7.81544438098811));
#3358=CARTESIAN_POINT('',(6.08618278763679,-6.19109177616144,-7.5638096293586));
#3359=CARTESIAN_POINT('',(6.42830938386926,-6.25999135566515,-7.27288793358246));
#3360=CARTESIAN_POINT('',(6.85344328429228,-6.34560746179218,-6.9060582824693));
#3361=CARTESIAN_POINT('',(7.40451495512382,-6.45658569854669,-6.42239016655258));
#3362=CARTESIAN_POINT('',(8.0549894937698,-6.58758230238898,-5.84096542717164));
#3363=CARTESIAN_POINT('',(8.72797957799295,-6.72311322668354,-5.22909458309595));
#3364=CARTESIAN_POINT('',(9.34315484348616,-6.847001043592,-4.66229453966674));
#3365=CARTESIAN_POINT('',(9.84828928308744,-6.94872815532382,-4.1924172158671));
#3366=CARTESIAN_POINT('',(10.2783468953695,-7.03533582913491,-3.78968559457887));
#3367=CARTESIAN_POINT('',(10.6703838621656,-7.11428666914446,-3.42060654202255));
#3368=CARTESIAN_POINT('',(10.9323066940256,-7.16703431629117,-3.17281541590573));
#3369=CARTESIAN_POINT('',(11.0637126742254,-7.19349766897915,-3.04822498616018));
#3370=CARTESIAN_POINT('',(11.06371267436,-7.19349766900635,-0.2));
#3371=VECTOR('',#3372,1.);
#3372=DIRECTION('',(0.,3.11835765657654E-16,-1.));
#3373=CARTESIAN_POINT('',(12.1156054312855,-7.04564980658244,0.8));
#3374=CARTESIAN_POINT('',(12.9480984209883,-5.94086435389869,0.800000000000001));
#3375=AXIS2_PLACEMENT_3D('',#3376,#3377,#3378);
#3376=CARTESIAN_POINT('',(11.3795888735099,-5.62498811315067,0.800000000000001));
#3377=DIRECTION('',(-8.65956056235493E-17,-8.65956056235493E-17,1.));
#3378=DIRECTION('',(0.460010347544874,-0.887913554436266,-3.70545373490191E-17));
#3379=CARTESIAN_POINT('',(12.1156054298201,-7.04564980734162,-0.2));
#3380=CARTESIAN_POINT('',(12.115605434003,-7.04564980878274,-0.2));
#3381=VECTOR('',#3382,1.);
#3382=DIRECTION('',(0.,0.,1.));
#3383=AXIS2_PLACEMENT_3D('',#3384,#3385,#3386);
#3384=CARTESIAN_POINT('',(11.3795888735099,-5.62498811315067,-0.2));
#3385=DIRECTION('',(8.65956056235493E-17,8.65956056235493E-17,-1.));
#3386=DIRECTION('',(0.460010344158418,-0.887913556190722,-3.70545377941994E-17));
#3387=CARTESIAN_POINT('',(12.9480984235205,-5.94086434132488,-1.9989457245669));
#3388=CARTESIAN_POINT('',(12.9480984278286,-5.94086431993273,-1.99894573061812));
#3389=CARTESIAN_POINT('',(12.9436690672944,-5.96286643602981,-1.99379645626839));
#3390=CARTESIAN_POINT('',(12.9338266996342,-6.00693426509762,-1.98426384374317));
#3391=CARTESIAN_POINT('',(12.9171486644338,-6.06908634520553,-1.97306243063889));
#3392=CARTESIAN_POINT('',(12.9003258242163,-6.12320815442939,-1.9651477292366));
#3393=CARTESIAN_POINT('',(12.8852923497739,-6.16665645618279,-1.96001427797655));
#3394=CARTESIAN_POINT('',(12.8711682999027,-6.2043625102738,-1.95641868374132));
#3395=CARTESIAN_POINT('',(12.8561835680294,-6.24164021396936,-1.95367785772885));
#3396=CARTESIAN_POINT('',(12.8390232076787,-6.28128226720816,-1.95173920444548));
#3397=CARTESIAN_POINT('',(12.8244938792626,-6.31242182470912,-1.95105207140459));
#3398=CARTESIAN_POINT('',(12.8109519038453,-6.34010797992342,-1.95093788405431));
#3399=CARTESIAN_POINT('',(12.7966104387426,-6.3683667995542,-1.95123482339948));
#3400=CARTESIAN_POINT('',(12.7760131941402,-6.40650645769398,-1.95262378387937));
#3401=CARTESIAN_POINT('',(12.7519577956199,-6.44801359022069,-1.95544112265421));
#3402=CARTESIAN_POINT('',(12.7263041132812,-6.48936842952038,-1.95959206166495));
#3403=CARTESIAN_POINT('',(12.6985450842864,-6.53120980030154,-1.96523015392384));
#3404=CARTESIAN_POINT('',(12.6630678610168,-6.58112208924748,-1.97384287023477));
#3405=CARTESIAN_POINT('',(12.614129154505,-6.64421285941923,-1.98800295467954));
#3406=CARTESIAN_POINT('',(12.5445683507784,-6.72384586479112,-2.01212011454561));
#3407=CARTESIAN_POINT('',(12.4573687083659,-6.80992387788054,-2.04785427428092));
#3408=CARTESIAN_POINT('',(12.3587400154143,-6.8925474369694,-2.09424072044059));
#3409=CARTESIAN_POINT('',(12.2632889289982,-6.96033074602344,-2.14414319788267));
#3410=CARTESIAN_POINT('',(12.1815273981604,-7.01032003574026,-2.19027033862978));
#3411=CARTESIAN_POINT('',(12.1149299394923,-7.04650853155249,-2.22976992184455));
#3412=CARTESIAN_POINT('',(12.0479501134728,-7.07941021890685,-2.27100127357182));
#3413=CARTESIAN_POINT('',(11.9633956890991,-7.1159360897809,-2.32523397033427));
#3414=CARTESIAN_POINT('',(11.864514456869,-7.15108668698666,-2.39201149978845));
#3415=CARTESIAN_POINT('',(11.7680139047392,-7.17801537152567,-2.46053351376211));
#3416=CARTESIAN_POINT('',(11.6929826956375,-7.19443470318281,-2.5159089299816));
#3417=CARTESIAN_POINT('',(11.636394165915,-7.20447893460946,-2.55877724829508));
#3418=CARTESIAN_POINT('',(11.5918477791046,-7.21103995015954,-2.5931648822953));
#3419=CARTESIAN_POINT('',(11.5499283224517,-7.21606996220773,-2.62607533862099));
#3420=CARTESIAN_POINT('',(11.5091786832413,-7.21990663657665,-2.65857846157422));
#3421=CARTESIAN_POINT('',(11.4683077249122,-7.22270214238217,-2.69169347584069));
#3422=CARTESIAN_POINT('',(11.4273007291026,-7.22445217078824,-2.7254391351397));
#3423=CARTESIAN_POINT('',(11.3977531944957,-7.22495442525687,-2.7501318838588));
#3424=CARTESIAN_POINT('',(11.3704552195656,-7.22501224868567,-2.77314829806931));
#3425=CARTESIAN_POINT('',(11.3431659964086,-7.22472014770133,-2.79633295300457));
#3426=CARTESIAN_POINT('',(11.3046449817862,-7.22340507969903,-2.82951600616784));
#3427=CARTESIAN_POINT('',(11.2639945296791,-7.22097985516225,-2.86506132887244));
#3428=CARTESIAN_POINT('',(11.2235057044723,-7.21752937570415,-2.9009957076063));
#3429=CARTESIAN_POINT('',(11.1831796690757,-7.21305950294912,-2.93731882328553));
#3430=CARTESIAN_POINT('',(11.143072344659,-7.20758259648351,-2.97398065313964));
#3431=CARTESIAN_POINT('',(11.1031954030084,-7.20110650845261,-3.01097069714239));
#3432=CARTESIAN_POINT('',(11.0768410019203,-7.1961415664483,-3.03577736457229));
#3433=CARTESIAN_POINT('',(11.063712673038,-7.19349766873938,-3.0482249872866));
#3434=CARTESIAN_POINT('',(12.9480984275178,-5.9408643214758,-1.97636577128345));
#3435=CARTESIAN_POINT('',(12.9480984278286,-5.94086431993273,-1.97636577124816));
#3436=VECTOR('',#3437,1.);
#3437=DIRECTION('',(0.,0.,-1.));
#3438=CARTESIAN_POINT('',(12.9480984224126,-5.94086434682598,0.800000000000001));
#3439=VECTOR('',#3440,1.);
#3440=DIRECTION('',(3.95807945379446E-10,1.96541937298417E-9,-1.));
#3441=CARTESIAN_POINT('',(11.9661447976922,-6.89618917821063,1.));
#3442=CARTESIAN_POINT('',(12.1156054321373,-7.04564980974931,0.800000000000001));
#3443=CARTESIAN_POINT('',(12.0951203852049,-7.02516476434746,0.82761102462635));
#3444=CARTESIAN_POINT('',(12.05804350074,-6.9880878797865,0.877459686315958));
#3445=CARTESIAN_POINT('',(12.008202500739,-6.93824687902648,0.944095320017426));
#3446=CARTESIAN_POINT('',(11.9788553640848,-6.9088997439924,0.983133042410402));
#3447=CARTESIAN_POINT('',(11.9661447971358,-6.8961891784674,1.));
#3448=CARTESIAN_POINT('',(8.05041070380885,-2.98045508270131,1.));
#3449=CARTESIAN_POINT('',(8.05041070380885,-2.9804550827013,1.));
#3450=VECTOR('',#3451,1.);
#3451=DIRECTION('',(0.707106781186547,-0.707106781186548,0.));
#3452=CARTESIAN_POINT('',(8.05041070380885,-2.9804550827013,1.));
#3453=VECTOR('',#3454,1.);
#3454=DIRECTION('',(0.,0.,-1.));
#3455=CARTESIAN_POINT('',(12.1156054312938,-7.04564981018631,-0.2));
#3456=CARTESIAN_POINT('',(12.0951203852991,-7.02516476419154,-0.172388975256367));
#3457=CARTESIAN_POINT('',(12.0580435008577,-6.98808787975016,-0.122540313706083));
#3458=CARTESIAN_POINT('',(12.0082025005285,-6.93824687942096,-0.0559046802538413));
#3459=CARTESIAN_POINT('',(11.9788553648909,-6.90889974378332,-0.0168669577362629));
#3460=CARTESIAN_POINT('',(11.9661447988049,-6.89618917769736,-2.02893257750247E-14));
#3461=CARTESIAN_POINT('',(8.05041070380884,-0.71771338290435,1.));
#3462=CARTESIAN_POINT('',(8.05041070380884,-0.717713382904351,1.));
#3463=VECTOR('',#3464,1.);
#3464=DIRECTION('',(0.,1.11022302462516E-16,-1.));
#3465=AXIS2_PLACEMENT_3D('',#3466,#3467,#3468);
#3466=CARTESIAN_POINT('',(9.18178155370732,-1.84908423280283,1.));
#3467=DIRECTION('',(8.65956056235493E-17,8.65956056235493E-17,-1.));
#3468=DIRECTION('',(-0.707106781186547,0.707106781186548,3.85185988877447E-32));
#3469=CARTESIAN_POINT('',(8.05041070380885,-0.717713382904353,-1.4));
#3470=AXIS2_PLACEMENT_3D('',#3471,#3472,#3473);
#3471=CARTESIAN_POINT('',(9.18178155370732,-1.84908423280283,-1.4));
#3472=DIRECTION('',(1.73191211247099E-16,1.73191211247099E-16,-1.));
#3473=DIRECTION('',(-0.707106781186548,0.707106781186548,-1.3684555315672E-48));
#3474=CARTESIAN_POINT('',(11.4314134829723,2.66328939906049,-0.199999999999999));
#3475=CARTESIAN_POINT('',(11.4314134822659,2.66328939555268,-0.199999999999999));
#3476=VECTOR('',#3477,1.);
#3477=DIRECTION('',(-0.543359972247589,-0.54335997224759,0.639937404062458));
#3478=CARTESIAN_POINT('',(11.2615968818302,2.493472795117,1.));
#3479=CARTESIAN_POINT('',(11.2615968818302,2.493472795117,1.));
#3480=VECTOR('',#3481,1.);
#3481=DIRECTION('',(-0.707106781186547,-0.707106781186548,-9.77889397650076E-17));
#3482=CARTESIAN_POINT('',(11.4314134759769,2.66328940046926,0.800000000000001));
#3483=CARTESIAN_POINT('',(11.2615968818302,2.493472795117,1.));
#3484=VECTOR('',#3485,1.);
#3485=DIRECTION('',(0.543359955142078,0.543359982032763,-0.639937410278033));
#3486=CARTESIAN_POINT('',(11.4314134752705,2.66328939696145,-0.199999999999999));
#3487=VECTOR('',#3488,1.);
#3488=DIRECTION('',(0.,0.,1.));
#3489=CARTESIAN_POINT('',(6.22139536402796,3.71251522380654,-0.199999999999999));
#3490=VECTOR('',#3491,1.);
#3491=DIRECTION('',(0.980318472409803,-0.197422624468704,5.74474658352365E-17));
#3492=CARTESIAN_POINT('',(12.9856975962637,2.35027801521373,0.800000000000001));
#3493=CARTESIAN_POINT('',(12.9856975835552,2.35027801777306,0.800000000000001));
#3494=VECTOR('',#3495,1.);
#3495=DIRECTION('',(-0.980318472409803,0.197422624468704,-7.00240152503306E-17));
#3496=CARTESIAN_POINT('',(12.9856975895349,2.35027801656882,-3.04822491016585));
#3497=CARTESIAN_POINT('',(12.985697595399,2.35027801538787,0.800000000000001));
#3498=VECTOR('',#3499,1.);
#3499=DIRECTION('',(-1.52384968148931E-9,3.06882329507258E-10,-1.));
#3500=CARTESIAN_POINT('',(6.22139536402796,3.71251522380654,-9.));
#3501=CARTESIAN_POINT('',(6.28392792279883,3.69992202862075,-8.95275348077389));
#3502=CARTESIAN_POINT('',(6.40891572372194,3.67475120875019,-8.85756116961463));
#3503=CARTESIAN_POINT('',(6.59569233226422,3.63713697492153,-8.7131719361995));
#3504=CARTESIAN_POINT('',(6.78240308196636,3.59953600415525,-8.56682440410094));
#3505=CARTESIAN_POINT('',(6.96902616004653,3.5619526892449,-8.41864884970076));
#3506=CARTESIAN_POINT('',(7.15604585704339,3.524289500753,-8.26836327833589));
#3507=CARTESIAN_POINT('',(7.34348960514866,3.48654091421435,-8.11603348284601));
#3508=CARTESIAN_POINT('',(7.53179242865177,3.44861932173484,-7.96138236020714));
#3509=CARTESIAN_POINT('',(7.72057348380516,3.41060141999446,-7.80479420386619));
#3510=CARTESIAN_POINT('',(7.91043794479696,3.37236533525539,-7.64583547882753));
#3511=CARTESIAN_POINT('',(8.10158585155755,3.33387078223364,-7.48439262526312));
#3512=CARTESIAN_POINT('',(8.29518394462173,3.29488279547162,-7.31951627790186));
#3513=CARTESIAN_POINT('',(8.49084412489345,3.25547953277647,-7.15156268469545));
#3514=CARTESIAN_POINT('',(8.72830233070039,3.20765872401745,-6.94619652366201));
#3515=CARTESIAN_POINT('',(9.06508741286913,3.13983485180149,-6.65223312119596));
#3516=CARTESIAN_POINT('',(9.56109200120701,3.03994636623874,-6.21358274196013));
#3517=CARTESIAN_POINT('',(10.1825519968847,2.91479289132008,-5.65499274749255));
#3518=CARTESIAN_POINT('',(10.8167577945822,2.78707258760394,-5.07594879026614));
#3519=CARTESIAN_POINT('',(11.3483142970091,2.68002443670599,-4.58494169810349));
#3520=CARTESIAN_POINT('',(11.7286033528354,2.60343946399462,-4.23103971549347));
#3521=CARTESIAN_POINT('',(12.0115923200276,2.54644938763559,-3.96647748715185));
#3522=CARTESIAN_POINT('',(12.2536525324114,2.49770179820091,-3.73940111713063));
#3523=CARTESIAN_POINT('',(12.4968089461587,2.44873344892519,-3.51055284128959));
#3524=CARTESIAN_POINT('',(12.7410886566066,2.39953888318112,-3.27993638451835));
#3525=CARTESIAN_POINT('',(12.904075657678,2.36671554830433,-3.12561425856273));
#3526=CARTESIAN_POINT('',(12.9856975823262,2.35027801802028,-3.04822492383621));
#3527=CARTESIAN_POINT('',(2.66328938643802,11.4314134731512,0.800000000000001));
#3528=CARTESIAN_POINT('',(2.35027799358918,12.9856975787505,0.800000000000001));
#3529=CARTESIAN_POINT('',(2.66328938643801,11.4314134731512,0.800000000000001));
#3530=VECTOR('',#3531,1.);
#3531=DIRECTION('',(-0.197422626439267,0.980318472012959,1.40048030494979E-16));
#3532=CARTESIAN_POINT('',(2.66328938643802,11.4314134731512,-0.199999999999999));
#3533=CARTESIAN_POINT('',(2.66328938643802,11.4314134731512,-0.199999999999999));
#3534=VECTOR('',#3535,1.);
#3535=DIRECTION('',(0.,0.,1.));
#3536=CARTESIAN_POINT('',(2.66328938643802,11.4314134731512,-0.199999999999999));
#3537=VECTOR('',#3538,1.);
#3538=DIRECTION('',(0.197422626439267,-0.980318472012959,-7.31149568485248E-17));
#3539=CARTESIAN_POINT('',(2.35027799358918,12.9856975787505,-3.04822493172089));
#3540=CARTESIAN_POINT('',(3.71251521130074,6.22139537149059,-9.));
#3541=CARTESIAN_POINT('',(3.69235064923522,6.32152418159417,-8.92434222072851));
#3542=CARTESIAN_POINT('',(3.65213834997743,6.52120169817634,-8.77153974330282));
#3543=CARTESIAN_POINT('',(3.59222670963579,6.81869793138326,-8.53862864041172));
#3544=CARTESIAN_POINT('',(3.53250342539375,7.11525886671133,-8.30171911211989));
#3545=CARTESIAN_POINT('',(3.47293263017078,7.41106260513212,-8.06110813501955));
#3546=CARTESIAN_POINT('',(3.41308803517152,7.70822591911503,-7.81544438098815));
#3547=CARTESIAN_POINT('',(3.35268390769892,8.0081676381329,-7.56380962935869));
#3548=CARTESIAN_POINT('',(3.28378432750753,8.35029423422663,-7.2728879335828));
#3549=CARTESIAN_POINT('',(3.19816822045266,8.77542813484133,-6.90605828215579));
#3550=CARTESIAN_POINT('',(3.08718998229993,9.32649980689223,-6.42239016496409));
#3551=CARTESIAN_POINT('',(2.95619337636003,9.976974349198,-5.84096542203125));
#3552=CARTESIAN_POINT('',(2.82066244939915,10.649964439671,-5.22909457191668));
#3553=CARTESIAN_POINT('',(2.69677462952899,11.2651397134813,-4.66229452041281));
#3554=CARTESIAN_POINT('',(2.59504751499058,11.7702741617724,-4.19241718817775));
#3555=CARTESIAN_POINT('',(2.50843983854023,12.2003317826931,-3.78968555835766));
#3556=CARTESIAN_POINT('',(2.42948899592658,12.5923687583483,-3.42060649739793));
#3557=CARTESIAN_POINT('',(2.37674134709887,12.8542915958349,-3.17281536496917));
#3558=CARTESIAN_POINT('',(2.35027799359221,12.9856975787351,-3.04822493172112));
#3559=CARTESIAN_POINT('',(2.35027799358918,12.9856975787505,0.800000000000001));
#3560=VECTOR('',#3561,1.);
#3561=DIRECTION('',(1.15401053142564E-16,0.,-1.));
#3562=CARTESIAN_POINT('',(2.49347277711459,11.2615968638278,1.));
#3563=CARTESIAN_POINT('',(2.66328938643802,11.4314134731512,0.800000000000001));
#3564=VECTOR('',#3565,1.);
#3565=DIRECTION('',(-0.543359983893511,-0.543359983893531,0.639937384285732));
#3566=CARTESIAN_POINT('',(-0.717713382904349,8.05041070380884,1.));
#3567=CARTESIAN_POINT('',(-0.717713382904348,8.05041070380884,1.));
#3568=VECTOR('',#3569,1.);
#3569=DIRECTION('',(0.707106781186548,0.707106781186547,9.77889403132277E-17));
#3570=CARTESIAN_POINT('',(-0.717713382904348,8.05041070380884,1.));
#3571=VECTOR('',#3572,1.);
#3572=DIRECTION('',(1.11022302462516E-16,0.,-1.));
#3573=CARTESIAN_POINT('',(2.49347277711459,11.2615968638278,9.00875624747669E-16));
#3574=VECTOR('',#3575,1.);
#3575=DIRECTION('',(0.543359983893524,0.543359983893514,-0.639937384285735));
#3576=CARTESIAN_POINT('',(-2.9804550827013,10.3131524036058,1.));
#3577=AXIS2_PLACEMENT_3D('',#3578,#3579,#3580);
#3578=CARTESIAN_POINT('',(-1.84908423280282,9.18178155370732,1.));
#3579=DIRECTION('',(8.65956056235493E-17,8.65956056235493E-17,-1.));
#3580=DIRECTION('',(-0.707106781186548,0.707106781186547,-2.31111593326468E-32));
#3581=CARTESIAN_POINT('',(-2.98045508270131,8.05041070380885,1.));
#3582=AXIS2_PLACEMENT_3D('',#3583,#3584,#3585);
#3583=CARTESIAN_POINT('',(-1.84908423280282,9.18178155370732,1.));
#3584=DIRECTION('',(8.65956056235493E-17,8.65956056235493E-17,-1.));
#3585=DIRECTION('',(-0.707106781186551,-0.707106781186544,-1.22464679914735E-16));
#3586=CARTESIAN_POINT('',(-2.9804550827013,8.05041070380884,1.));
#3587=VECTOR('',#3588,1.);
#3588=DIRECTION('',(0.,0.,-1.));
#3589=CARTESIAN_POINT('',(-2.9804550827013,10.3131524036058,-1.4));
#3590=AXIS2_PLACEMENT_3D('',#3591,#3592,#3593);
#3591=CARTESIAN_POINT('',(-1.84908423280282,9.18178155370732,-1.4));
#3592=DIRECTION('',(1.73191211247099E-16,1.73191211247099E-16,-1.));
#3593=DIRECTION('',(-0.707106781186548,0.707106781186548,-1.3684555315672E-48));
#3594=CARTESIAN_POINT('',(-7.04564981731679,12.1156054384243,0.800000000000001));
#3595=CARTESIAN_POINT('',(-6.8961891926998,11.9661448138077,0.999999999999619));
#3596=CARTESIAN_POINT('',(-7.04564981731679,12.1156054384243,0.800000000000002));
#3597=CARTESIAN_POINT('',(-7.03178003815527,12.1017356480223,0.818694956839818));
#3598=CARTESIAN_POINT('',(-7.00133552980374,12.0712911366377,0.859660111140809));
#3599=CARTESIAN_POINT('',(-6.95154322254226,12.0214988576191,0.926368950456764));
#3600=CARTESIAN_POINT('',(-6.91556100444566,11.9855166433079,0.974293023164548));
#3601=CARTESIAN_POINT('',(-6.89618919269994,11.9661448138075,0.999999999998856));
#3602=CARTESIAN_POINT('',(-7.04564981731679,12.1156054384243,-0.199999999999999));
#3603=CARTESIAN_POINT('',(-7.04564981731679,12.1156054384243,-0.2));
#3604=VECTOR('',#3605,1.);
#3605=DIRECTION('',(0.,0.,1.));
#3606=CARTESIAN_POINT('',(-7.04564981731679,12.1156054384243,-0.199999999999999));
#3607=CARTESIAN_POINT('',(-7.03178003815527,12.1017356480223,-0.181305043160181));
#3608=CARTESIAN_POINT('',(-7.00133552980373,12.0712911366377,-0.140339888859189));
#3609=CARTESIAN_POINT('',(-6.95154322254226,12.0214988576191,-0.0736310495432333));
#3610=CARTESIAN_POINT('',(-6.91556100444566,11.9855166433079,-0.0257069768354511));
#3611=CARTESIAN_POINT('',(-6.89618919269994,11.9661448138075,-1.14439311669055E-12));
#3612=CARTESIAN_POINT('',(-6.8961891927007,11.9661448138082,1.));
#3613=VECTOR('',#3614,1.);
#3614=DIRECTION('',(0.707106781186548,-0.707106781186547,0.));
#3615=CARTESIAN_POINT('',(-5.94086435140185,12.9480984214911,0.800000000000001));
#3616=AXIS2_PLACEMENT_3D('',#3617,#3618,#3619);
#3617=CARTESIAN_POINT('',(-5.62498813732184,11.3795888686422,0.800000000000001));
#3618=DIRECTION('',(-8.65956056235494E-17,-8.65956056235494E-17,1.));
#3619=DIRECTION('',(-0.197422634008876,0.980318470488544,6.7795339100112E-17));
#3620=CARTESIAN_POINT('',(-5.94086434416643,12.9480984229482,-1.97636576471497));
#3621=CARTESIAN_POINT('',(-5.94086435173604,12.9480984214238,0.800000000000001));
#3622=VECTOR('',#3623,1.);
#3623=DIRECTION('',(0.,0.,-1.));
#3624=CARTESIAN_POINT('',(-5.94086435173604,12.9480984214238,-1.99894572139095));
#3625=CARTESIAN_POINT('',(-5.94086434568035,12.9480984226434,-1.97636576467969));
#3626=VECTOR('',#3627,1.);
#3627=DIRECTION('',(0.,0.,-1.));
#3628=CARTESIAN_POINT('',(-7.19349769254258,11.0637126663393,-3.04822498125937));
#3629=CARTESIAN_POINT('',(-7.19349769227529,11.0637126650158,-3.04822498118281));
#3630=CARTESIAN_POINT('',(-7.19951812456204,11.0936084424303,-3.01987887665814));
#3631=CARTESIAN_POINT('',(-7.21062862192991,11.1582118544423,-2.95963126908591));
#3632=CARTESIAN_POINT('',(-7.22209391388045,11.2633990560442,-2.86499206323503));
#3633=CARTESIAN_POINT('',(-7.22499528057356,11.3394175515705,-2.79935936468501));
#3634=CARTESIAN_POINT('',(-7.22497959693483,11.4280313205482,-2.72455791709559));
#3635=CARTESIAN_POINT('',(-7.22046733354702,11.5285911908467,-2.64192896904017));
#3636=CARTESIAN_POINT('',(-7.19831597411097,11.685786909006,-2.52013024723671));
#3637=CARTESIAN_POINT('',(-7.15778244731577,11.849196046472,-2.40178461734304));
#3638=CARTESIAN_POINT('',(-7.09875525179569,12.0102979775262,-2.29379656303472));
#3639=CARTESIAN_POINT('',(-7.02413510389739,12.1615890933811,-2.20082465481593));
#3640=CARTESIAN_POINT('',(-6.93831263888012,12.2979813691708,-2.12491882646518));
#3641=CARTESIAN_POINT('',(-6.84356499007398,12.4200468013289,-2.06443905549235));
#3642=CARTESIAN_POINT('',(-6.7440456409853,12.5260853177753,-2.01890946957836));
#3643=CARTESIAN_POINT('',(-6.64125519713757,12.6177373690178,-1.9862859413707));
#3644=CARTESIAN_POINT('',(-6.52967916768764,12.7017957150611,-1.96323942872625));
#3645=CARTESIAN_POINT('',(-6.42682135685574,12.7658809630643,-1.95269577096042));
#3646=CARTESIAN_POINT('',(-6.33907369874379,12.8119891998379,-1.95051908852719));
#3647=CARTESIAN_POINT('',(-6.25733920819988,12.8504113011186,-1.95209514341378));
#3648=CARTESIAN_POINT('',(-6.17374614616198,12.8837435603951,-1.95845514761236));
#3649=CARTESIAN_POINT('',(-6.0845403491451,12.9128097621204,-1.97043093435694));
#3650=CARTESIAN_POINT('',(-6.01207825210555,12.932639879842,-1.98318162510526));
#3651=CARTESIAN_POINT('',(-5.96434292433599,12.9433724289407,-1.99345045495529));
#3652=CARTESIAN_POINT('',(-5.94086433944654,12.9480984231793,-1.99894572561591));
#3653=CARTESIAN_POINT('',(-7.19349769254258,11.0637126663393,-0.2));
#3654=CARTESIAN_POINT('',(-7.19349769254258,11.0637126663393,-0.2));
#3655=VECTOR('',#3656,1.);
#3656=DIRECTION('',(0.,0.,-1.));
#3657=AXIS2_PLACEMENT_3D('',#3658,#3659,#3660);
#3658=CARTESIAN_POINT('',(-5.62498813732184,11.3795888686422,-0.2));
#3659=DIRECTION('',(8.65956056235494E-17,8.65956056235494E-17,-1.));
#3660=DIRECTION('',(-0.980318472012959,-0.197422626439266,-1.01987203688215E-16));
#3661=CARTESIAN_POINT('',(-5.83126048479365,4.29941050854974,-0.2));
#3662=VECTOR('',#3663,1.);
#3663=DIRECTION('',(-0.197422626439267,0.980318472012958,7.64272136297726E-17));
#3664=CARTESIAN_POINT('',(-5.83126048479366,4.29941050854975,-9.));
#3665=CARTESIAN_POINT('',(-5.85142504688336,4.39953931877338,-8.92434222063867));
#3666=CARTESIAN_POINT('',(-5.89163734620595,4.59921683567737,-8.77153974296524));
#3667=CARTESIAN_POINT('',(-5.95154898673956,4.89671306983753,-8.53862863931335));
#3668=CARTESIAN_POINT('',(-6.01127227118734,5.19327400618719,-8.3017191101766));
#3669=CARTESIAN_POINT('',(-6.07084306669328,5.48907774601304,-8.06110813189309));
#3670=CARTESIAN_POINT('',(-6.13068766239819,5.78624106349993,-7.81544437490196));
#3671=CARTESIAN_POINT('',(-6.19109179101494,6.0861827881991,-7.56380961839644));
#3672=CARTESIAN_POINT('',(-6.25999137376729,6.42830939700946,-7.27288791160247));
#3673=CARTESIAN_POINT('',(-6.34560748297269,6.85344330830273,-6.90605825048955));
#3674=CARTESIAN_POINT('',(-6.45658571537924,7.40451495182041,-6.4223901577219));
#3675=CARTESIAN_POINT('',(-6.58758230545012,8.05498941532706,-5.84096548558521));
#3676=CARTESIAN_POINT('',(-6.72311291150262,8.72797791230261,-5.22909608567477));
#3677=CARTESIAN_POINT('',(-6.84699979568447,9.34314853987461,-4.66230034257567));
#3678=CARTESIAN_POINT('',(-6.94872377594981,9.84826742467195,-4.1924375597679));
#3679=CARTESIAN_POINT('',(-7.03533086081428,10.2783221080236,-3.78970885930415));
#3680=CARTESIAN_POINT('',(-7.11428265036953,10.6703637857959,-3.420625512149));
#3681=CARTESIAN_POINT('',(-7.167033419534,10.9323021175743,-3.17281974114175));
#3682=CARTESIAN_POINT('',(-7.19349769251582,11.0637126662048,-3.04822498005502));
#3683=CARTESIAN_POINT('',(-8.19672321347224,-1.54507344944246,0.999999999999999));
#3684=CARTESIAN_POINT('',(-8.19672321347224,-1.54507344944246,-8.65887600793348E-16));
#3685=VECTOR('',#3686,1.);
#3686=DIRECTION('',(0.,0.,1.));
#3687=CARTESIAN_POINT('',(-5.55702140572804,-4.27856469072933,1.));
#3688=CARTESIAN_POINT('',(-5.55702140572804,-4.27856469072933,0.999999999999999));
#3689=VECTOR('',#3690,1.);
#3690=DIRECTION('',(-0.694658370458998,0.71933980033865,0.));
#3691=CARTESIAN_POINT('',(-5.55702140572804,-4.27856469072933,-8.69948477192707E-16));
#3692=VECTOR('',#3693,1.);
#3693=DIRECTION('',(0.,0.,1.));
#3694=CARTESIAN_POINT('',(-1.54507363495533,-8.19672302795937,-8.6609838457591E-16));
#3695=VECTOR('',#3696,1.);
#3696=DIRECTION('',(-2.22044604925031E-16,0.,1.));
#3697=CARTESIAN_POINT('',(-4.2785648762422,-5.55702122021518,-8.69948477192707E-16));
#3698=VECTOR('',#3699,1.);
#3699=DIRECTION('',(0.,0.,1.));
#3700=CARTESIAN_POINT('',(-5.16699680206048,-6.1891081032142,-3.9951589543233));
#3701=VECTOR('',#3702,1.);
#3702=DIRECTION('',(0.719339800338651,-0.694658370458997,0.));
#3703=CARTESIAN_POINT('',(-6.0770802724442,-7.13152712487627,-3.9951589543233));
#3704=VECTOR('',#3705,1.);
#3705=DIRECTION('',(0.719339800338651,-0.694658370458997,0.));
#3706=CARTESIAN_POINT('',(-5.62203853725234,-6.66031761404523,-3.68970024983825));
#3707=VECTOR('',#3708,1.);
#3708=DIRECTION('',(0.719339800338651,-0.694658370458997,0.));
#3709=CARTESIAN_POINT('',(-11.5754964048683,-4.80791679299271,0.999999999999998));
#3710=CARTESIAN_POINT('',(-8.19672321347224,-1.54507344944246,0.999999999999998));
#3711=VECTOR('',#3712,1.);
#3712=DIRECTION('',(-0.719339800338651,-0.694658370458997,-1.41819689625616E-16));
#3713=CARTESIAN_POINT('',(-11.5903052627961,-5.6563156954713,0.999999999999998));
#3714=AXIS2_PLACEMENT_3D('',#3715,#3716,#3717);
#3715=CARTESIAN_POINT('',(-11.1587013825929,-5.2395206731959,0.999999999999999));
#3716=DIRECTION('',(-8.65956056235493E-17,-8.65956056235493E-17,1.));
#3717=DIRECTION('',(-0.694658370458998,0.71933980033865,2.13730336808367E-18));
#3718=CARTESIAN_POINT('',(-9.7841934996027,-7.52659917635179,0.999999999999998));
#3719=CARTESIAN_POINT('',(-11.5903052627961,-5.6563156954713,0.999999999999998));
#3720=VECTOR('',#3721,1.);
#3721=DIRECTION('',(0.694658370458997,-0.719339800338651,0.));
#3722=CARTESIAN_POINT('',(-8.93579459712411,-7.54140803427958,0.999999999999999));
#3723=AXIS2_PLACEMENT_3D('',#3724,#3725,#3726);
#3724=CARTESIAN_POINT('',(-9.35258961939951,-7.10980415407639,0.999999999999999));
#3725=DIRECTION('',(-8.65956056235494E-17,-8.65956056235493E-17,1.));
#3726=DIRECTION('',(-0.719339800338651,-0.694658370458997,-1.22446027950813E-16));
#3727=CARTESIAN_POINT('',(-8.9357945971241,-7.54140803427958,0.999999999999999));
#3728=VECTOR('',#3729,1.);
#3729=DIRECTION('',(0.719339800338651,0.694658370458997,1.41819689625616E-16));
#3730=CARTESIAN_POINT('',(-7.13152730709548,-6.07708008375069,-3.9951589543233));
#3731=VECTOR('',#3732,1.);
#3732=DIRECTION('',(-0.694658370458998,0.719339800338651,0.));
#3733=CARTESIAN_POINT('',(-6.18910828543341,-5.16699661336696,-3.9951589543233));
#3734=VECTOR('',#3735,1.);
#3735=DIRECTION('',(-0.694658370458997,0.719339800338651,0.));
#3736=CARTESIAN_POINT('',(-6.66031779626444,-5.62203834855883,-3.68970024983825));
#3737=VECTOR('',#3738,1.);
#3738=DIRECTION('',(-0.694658370458997,0.719339800338651,0.));
#3739=CARTESIAN_POINT('',(-5.78292624594216,12.16384368334,-2.77636572689465));
#3740=CARTESIAN_POINT('',(-5.62498813732184,11.3795888686421,-2.77636572689465));
#3741=CARTESIAN_POINT('',(-5.78292624594216,12.16384368334,-2.77636572689465));
#3742=VECTOR('',#3743,1.);
#3743=DIRECTION('',(0.197422626439268,-0.980318472012958,0.));
#3744=CARTESIAN_POINT('',(-5.62498813732184,11.3795888686421,-1.4));
#3745=CARTESIAN_POINT('',(-5.62498813732184,11.3795888686421,-1.4));
#3746=VECTOR('',#3747,1.);
#3747=DIRECTION('',(0.,0.,-1.));
#3748=CARTESIAN_POINT('',(-4.47993690397409,5.69374173096699,-1.4));
#3749=VECTOR('',#3750,1.);
#3750=DIRECTION('',(-0.197422626439267,0.980318472012958,1.53134210293125E-16));
#3751=CARTESIAN_POINT('',(-4.47993690397409,5.69374173096699,-9.));
#3752=CARTESIAN_POINT('',(-4.5138881883664,5.86232965748102,-8.84648732901612));
#3753=CARTESIAN_POINT('',(-4.58316581035895,6.2063334515817,-8.53079633453493));
#3754=CARTESIAN_POINT('',(-4.68884730966736,6.73110372635022,-8.04261997309113));
#3755=CARTESIAN_POINT('',(-4.8161792036068,7.36338083640899,-7.44765112788154));
#3756=CARTESIAN_POINT('',(-4.96718816077576,8.11322837324986,-6.73343723948337));
#3757=CARTESIAN_POINT('',(-5.14394519262653,8.99093011649355,-5.88783132025145));
#3758=CARTESIAN_POINT('',(-5.31516514590992,9.84113703556997,-5.06104301828046));
#3759=CARTESIAN_POINT('',(-5.47807942077094,10.6501014176237,-4.26910374713252));
#3760=CARTESIAN_POINT('',(-5.62985524342259,11.4037568888021,-3.52767825311131));
#3761=CARTESIAN_POINT('',(-5.73165628276064,11.9092584168345,-3.02829108170534));
#3762=CARTESIAN_POINT('',(-5.78292624590825,12.1638436831716,-2.77636572705273));
#3763=CARTESIAN_POINT('',(0.781768438368454,12.6698213764476,-1.4));
#3764=CARTESIAN_POINT('',(-5.62498813732184,11.3795888686421,-1.4));
#3765=VECTOR('',#3766,1.);
#3766=DIRECTION('',(0.980318470488543,0.197422634008878,2.03854563452228E-16));
#3767=CARTESIAN_POINT('',(0.781768438368454,12.6698213764476,-1.4));
#3768=VECTOR('',#3769,1.);
#3769=DIRECTION('',(0.197422626439267,-0.980318472012959,-1.53134210293125E-16));
#3770=CARTESIAN_POINT('',(0.623830339710768,13.4540761416752,-2.77636572689465));
#3771=CARTESIAN_POINT('',(1.9268196717162,6.98397423877248,-8.99999995496097));
#3772=CARTESIAN_POINT('',(1.90984333585207,7.06827164649552,-8.92325064856869));
#3773=CARTESIAN_POINT('',(1.86976405385425,7.26728865480974,-8.74132915606357));
#3774=CARTESIAN_POINT('',(1.80009812705273,7.61322060873622,-8.42236319314819));
#3775=CARTESIAN_POINT('',(1.7049023423695,8.08592319539461,-7.98216489074226));
#3776=CARTESIAN_POINT('',(1.58243144237274,8.69406263572265,-7.40929007738838));
#3777=CARTESIAN_POINT('',(1.4307073499902,9.44746123594715,-6.69113570378695));
#3778=CARTESIAN_POINT('',(1.26441376364808,10.2732058702309,-5.8954063098478));
#3779=CARTESIAN_POINT('',(1.09418434987384,11.1184941829873,-5.07359885739097));
#3780=CARTESIAN_POINT('',(0.932262346784197,11.9225313570288,-4.28662641987553));
#3781=CARTESIAN_POINT('',(0.776353645766313,12.6967089794827,-3.52499412027029));
#3782=CARTESIAN_POINT('',(0.674826682526021,13.2008495598554,-3.02694639658491));
#3783=CARTESIAN_POINT('',(0.623830339704793,13.4540761417038,-2.7763657268582));
#3784=CARTESIAN_POINT('',(0.781768438368454,12.6698213764476,-2.77636572689465));
#3785=CARTESIAN_POINT('',(0.781768438368454,12.6698213764476,-1.4));
#3786=VECTOR('',#3787,1.);
#3787=DIRECTION('',(1.61326746653309E-16,0.,-1.));
#3788=CARTESIAN_POINT('',(0.623830339710768,13.4540761416752,-2.77636572689465));
#3789=VECTOR('',#3790,1.);
#3790=DIRECTION('',(0.197422626439268,-0.980318472012958,0.));
#3791=AXIS2_PLACEMENT_3D('',#3792,#3793,#3794);
#3792=CARTESIAN_POINT('',(7.79360450611944E-16,7.79360450611944E-16,-9.));
#3793=DIRECTION('',(8.65956056235493E-17,8.65956056235493E-17,-1.));
#3794=DIRECTION('',(0.858727948861247,0.51243176115904,1.18736405495817E-16));
#3795=CARTESIAN_POINT('',(14.2383309306891,0.465892231203052,-1.99894567624453));
#3796=CARTESIAN_POINT('',(12.985697596728,2.35027801512024,-3.04822491016585));
#3797=CARTESIAN_POINT('',(13.014526698648,2.34447205493069,-3.02089018116197));
#3798=CARTESIAN_POINT('',(13.0766173373617,2.33018684151668,-2.96230848827551));
#3799=CARTESIAN_POINT('',(13.1761111681908,2.30091558611251,-2.86942650791263));
#3800=CARTESIAN_POINT('',(13.290939305986,2.25826659331599,-2.7635319858723));
#3801=CARTESIAN_POINT('',(13.4186004714056,2.19847815819493,-2.6474943607997));
#3802=CARTESIAN_POINT('',(13.555488691489,2.11771471145394,-2.5251352289208));
#3803=CARTESIAN_POINT('',(13.6916969665995,2.01706190055339,-2.4056231622296));
#3804=CARTESIAN_POINT('',(13.81918932085,1.89936262569076,-2.29602498831802));
#3805=CARTESIAN_POINT('',(13.9313857312218,1.7706110203813,-2.20169007053189));
#3806=CARTESIAN_POINT('',(14.0247499330368,1.63763583045076,-2.12510040270653));
#3807=CARTESIAN_POINT('',(14.1008542539951,1.50262026645523,-2.06443856627603));
#3808=CARTESIAN_POINT('',(14.1611326018497,1.36751116086342,-2.01811982093418));
#3809=CARTESIAN_POINT('',(14.2080630728907,1.22977139148576,-1.98394459009927));
#3810=CARTESIAN_POINT('',(14.2414767656296,1.0923312002838,-1.9618166230657));
#3811=CARTESIAN_POINT('',(14.2592941620173,0.975103712762174,-1.95243382344391));
#3812=CARTESIAN_POINT('',(14.266751750409,0.887524714915885,-1.95061351261581));
#3813=CARTESIAN_POINT('',(14.2693535855688,0.829818531432177,-1.95146336893912));
#3814=CARTESIAN_POINT('',(14.2701098639348,0.776698973870964,-1.95369843645017));
#3815=CARTESIAN_POINT('',(14.2688445759952,0.710128991858159,-1.95846212807168));
#3816=CARTESIAN_POINT('',(14.263566632447,0.631677695260023,-1.96743737625996));
#3817=CARTESIAN_POINT('',(14.2531338159727,0.54646590945543,-1.98136703052479));
#3818=CARTESIAN_POINT('',(14.243741477176,0.492739182410956,-1.99266065133797));
#3819=CARTESIAN_POINT('',(14.2383309371711,0.46589226338969,-1.99894566871343));
#3820=CARTESIAN_POINT('',(13.4540761404212,0.623830366755145,-2.77636572689465));
#3821=CARTESIAN_POINT('',(13.4540761404354,0.623830366752067,-2.77636572687224));
#3822=CARTESIAN_POINT('',(13.5207965966618,0.61039378675835,-2.71033916918612));
#3823=CARTESIAN_POINT('',(13.6746923866495,0.579401296451397,-2.55797407986462));
#3824=CARTESIAN_POINT('',(13.9361341052485,0.526750538882219,-2.29887006802268));
#3825=CARTESIAN_POINT('',(14.1307950971991,0.487548498938638,-2.10571556991903));
#3826=CARTESIAN_POINT('',(14.2383309371719,0.465892263389071,-1.99894566871442));
#3827=CARTESIAN_POINT('',(6.98397418542903,1.92681969571751,-9.));
#3828=CARTESIAN_POINT('',(7.08124034517067,1.90723163217629,-8.91144174089387));
#3829=CARTESIAN_POINT('',(7.30879274914081,1.86140571533366,-8.70330902512431));
#3830=CARTESIAN_POINT('',(7.69959395883927,1.78270373976591,-8.34235657917373));
#3831=CARTESIAN_POINT('',(8.20193055054664,1.68154007602535,-7.87336810731526));
#3832=CARTESIAN_POINT('',(8.80544157917502,1.56000127560396,-7.30346620219095));
#3833=CARTESIAN_POINT('',(9.5197810760108,1.41614314970302,-6.62156814242999));
#3834=CARTESIAN_POINT('',(10.2816651999376,1.26271019141457,-5.88702803065757));
#3835=CARTESIAN_POINT('',(11.0401093740787,1.10996999158562,-5.14983790142129));
#3836=CARTESIAN_POINT('',(11.7083566487755,0.975394203739492,-4.4964136996509));
#3837=CARTESIAN_POINT('',(12.3095400978505,0.854324145749307,-3.90605419098803));
#3838=CARTESIAN_POINT('',(12.8769582796595,0.740053947057043,-3.34697690817092));
#3839=CARTESIAN_POINT('',(13.2600088254337,0.662912848343481,-2.96841093274775));
#3840=CARTESIAN_POINT('',(13.4540761404354,0.623830366752541,-2.7763657268722));
#3841=CARTESIAN_POINT('',(12.6698213254059,0.781768473799021,-2.77636572689465));
#3842=CARTESIAN_POINT('',(13.4540761404212,0.623830366755147,-2.77636572689465));
#3843=VECTOR('',#3844,1.);
#3844=DIRECTION('',(-0.980318472409803,0.197422624468705,5.55111486061293E-16));
#3845=CARTESIAN_POINT('',(12.6698213254059,0.781768473799021,-1.4));
#3846=CARTESIAN_POINT('',(12.6698213254059,0.781768473799021,-1.4));
#3847=VECTOR('',#3848,1.);
#3848=DIRECTION('',(0.,2.41990119979963E-16,-1.));
#3849=CARTESIAN_POINT('',(6.98397418542903,1.9268196957175,-1.4));
#3850=VECTOR('',#3851,1.);
#3851=DIRECTION('',(0.980318472409803,-0.197422624468704,1.53134210293125E-16));
#3852=CARTESIAN_POINT('',(11.3795889294194,-5.62498812441007,-1.4));
#3853=CARTESIAN_POINT('',(12.6698213254059,0.781768473799021,-1.4));
#3854=VECTOR('',#3855,1.);
#3855=DIRECTION('',(-0.197422616899093,-0.980318473934218,-2.03854563452228E-16));
#3856=CARTESIAN_POINT('',(11.3795889294194,-5.62498812441007,-1.4));
#3857=VECTOR('',#3858,1.);
#3858=DIRECTION('',(-0.980318472409803,0.197422624468704,-1.53134210293125E-16));
#3859=CARTESIAN_POINT('',(12.1638436949644,-5.78292622149131,-2.77636572689465));
#3860=CARTESIAN_POINT('',(5.69374178944252,-4.47993690249159,-8.99999995496098));
#3861=CARTESIAN_POINT('',(5.77803919719971,-4.49691323818628,-8.92325064856867));
#3862=CARTESIAN_POINT('',(5.97705620559448,-4.53699251978404,-8.74132915606357));
#3863=CARTESIAN_POINT('',(6.32298815966083,-4.60665844589016,-8.42236319314833));
#3864=CARTESIAN_POINT('',(6.79569074651048,-4.70185422962318,-7.98216489074251));
#3865=CARTESIAN_POINT('',(7.4038301870888,-4.82432512839831,-7.40929007738476));
#3866=CARTESIAN_POINT('',(8.15722878762217,-4.97604921926718,-6.69113570377955));
#3867=CARTESIAN_POINT('',(8.98297342224482,-5.14234280395033,-5.89540630983593));
#3868=CARTESIAN_POINT('',(9.82826173540388,-5.31257221603754,-5.07359885732012));
#3869=CARTESIAN_POINT('',(10.6322989097902,-5.4744942175148,-4.28662641978507));
#3870=CARTESIAN_POINT('',(11.4064765324984,-5.63040291696454,-3.52499412023751));
#3871=CARTESIAN_POINT('',(11.9106171129317,-5.73192987916249,-3.02694639669397));
#3872=CARTESIAN_POINT('',(12.1638436947961,-5.78292622145725,-2.77636572705304));
#3873=CARTESIAN_POINT('',(11.3795889294194,-5.62498812441007,-2.77636572689465));
#3874=CARTESIAN_POINT('',(11.3795889294194,-5.62498812441007,-1.4));
#3875=VECTOR('',#3876,1.);
#3876=DIRECTION('',(0.,0.,-1.));
#3877=CARTESIAN_POINT('',(12.1638436949644,-5.78292622149131,-2.77636572689465));
#3878=VECTOR('',#3879,1.);
#3879=DIRECTION('',(-0.980318472409803,0.197422624468706,0.));
#3880=CARTESIAN_POINT('',(14.2383309293113,0.465892224361205,0.800000000000001));
#3881=CARTESIAN_POINT('',(12.9480984215212,-5.94086435125262,0.800000000000001));
#3882=VECTOR('',#3883,1.);
#3883=DIRECTION('',(0.197422634008877,0.980318470488544,6.79515211507428E-17));
#3884=CARTESIAN_POINT('',(14.2383309329346,0.465892242353296,-1.97636570768301));
#3885=CARTESIAN_POINT('',(14.2383309306891,0.46589223120305,-1.97636570769477));
#3886=VECTOR('',#3887,1.);
#3887=DIRECTION('',(-0.197422634008877,-0.980318470488543,-9.73170769470311E-9));
#3888=CARTESIAN_POINT('',(14.2383309293267,0.46589222443767,0.800000000000001));
#3889=VECTOR('',#3890,1.);
#3890=DIRECTION('',(4.86774748070099E-10,2.41711777910547E-9,-1.));
#3891=CARTESIAN_POINT('',(12.75203472613,-5.90137983087351,1.));
#3892=AXIS2_PLACEMENT_3D('',#3893,#3894,#3895);
#3893=CARTESIAN_POINT('',(11.3795888735099,-5.62498811315067,1.));
#3894=DIRECTION('',(-8.65956056235493E-17,-8.65956056235493E-17,1.));
#3895=DIRECTION('',(0.418968518067737,-0.908000760389618,-4.23480431933056E-17));
#3896=CARTESIAN_POINT('',(14.0422672354949,0.505376752560222,1.));
#3897=CARTESIAN_POINT('',(12.7520347274235,-5.90137982445084,1.));
#3898=VECTOR('',#3899,1.);
#3899=DIRECTION('',(0.197422634008877,0.980318470488544,6.79515211507428E-17));
#3900=CARTESIAN_POINT('',(12.9462130703708,2.15421432093299,1.));
#3901=AXIS2_PLACEMENT_3D('',#3902,#3903,#3904);
#3902=CARTESIAN_POINT('',(12.6698213813154,0.781768462539628,1.));
#3903=DIRECTION('',(-8.65956056235493E-17,-8.65956056235493E-17,1.));
#3904=DIRECTION('',(0.980318467446205,-0.197422649115863,6.77953375284601E-17));
#3905=CARTESIAN_POINT('',(12.9462130586614,2.1542143232911,1.));
#3906=VECTOR('',#3907,1.);
#3907=DIRECTION('',(-0.980318472409803,0.197422624468703,-1.29213069956619E-16));
#3908=AXIS2_PLACEMENT_3D('',#3909,#3910,#3911);
#3909=CARTESIAN_POINT('',(12.6698213813154,0.781768462539627,0.800000000000001));
#3910=DIRECTION('',(-8.65956056235493E-17,-8.65956056235493E-17,1.));
#3911=DIRECTION('',(0.980318467507051,-0.197422648813723,6.77953375598933E-17));
#3912=CARTESIAN_POINT('',(14.2383309332002,0.465892243671971,-1.97636570764773));
#3913=VECTOR('',#3914,1.);
#3914=DIRECTION('',(0.,0.,-1.));
#3915=CARTESIAN_POINT('',(0.465892223990693,14.2383309292367,0.800000000000001));
#3916=AXIS2_PLACEMENT_3D('',#3917,#3918,#3919);
#3917=CARTESIAN_POINT('',(0.781768438368448,12.6698213764476,0.800000000000001));
#3918=DIRECTION('',(-8.65956056235493E-17,-8.65956056235493E-17,1.));
#3919=DIRECTION('',(0.980318472012959,0.197422626439267,1.01987203688215E-16));
#3920=CARTESIAN_POINT('',(0.465892223954247,14.2383309292293,-1.99894567881293));
#3921=CARTESIAN_POINT('',(0.465892230094365,14.2383309298251,-1.99894567572739));
#3922=CARTESIAN_POINT('',(0.488745663136147,14.2429346603524,-1.99359724182071));
#3923=CARTESIAN_POINT('',(0.530984933637953,14.250486090364,-1.98456873092698));
#3924=CARTESIAN_POINT('',(0.589297556899396,14.2584996440072,-1.97425688905614));
#3925=CARTESIAN_POINT('',(0.637629925455152,14.263513321914,-1.96716009408497));
#3926=CARTESIAN_POINT('',(0.68097136552661,14.2668235395809,-1.96185065290768));
#3927=CARTESIAN_POINT('',(0.728129881754325,14.2691956913203,-1.95716603550098));
#3928=CARTESIAN_POINT('',(0.763851002920918,14.2698512937441,-1.95463057143119));
#3929=CARTESIAN_POINT('',(0.806243612065566,14.2697864231777,-1.95236911349769));
#3930=CARTESIAN_POINT('',(0.839113372120262,14.2690323076526,-1.9512398004598));
#3931=CARTESIAN_POINT('',(0.881522354277613,14.2668145981632,-1.95088608206278));
#3932=CARTESIAN_POINT('',(0.917278413131831,14.2642305937084,-1.9512209018341));
#3933=CARTESIAN_POINT('',(0.956241218709643,14.2604640792177,-1.95242852939126));
#3934=CARTESIAN_POINT('',(0.995827446143571,14.2555886547096,-1.95458528291652));
#3935=CARTESIAN_POINT('',(1.03265153547982,14.2501652880884,-1.95737938245674));
#3936=CARTESIAN_POINT('',(1.0680056743134,14.2441454894872,-1.96078347391302));
#3937=CARTESIAN_POINT('',(1.10314660532257,14.2373487687585,-1.96488933873847));
#3938=CARTESIAN_POINT('',(1.1418374179316,14.2289645391784,-1.97021083429951));
#3939=CARTESIAN_POINT('',(1.18387897574949,14.2187062545396,-1.97701464592501));
#3940=CARTESIAN_POINT('',(1.22904197298164,14.2062691897333,-1.9855864778402));
#3941=CARTESIAN_POINT('',(1.26970482446845,14.1937850810596,-1.99445241777365));
#3942=CARTESIAN_POINT('',(1.30601797815076,14.1816260810554,-2.00327354913439));
#3943=CARTESIAN_POINT('',(1.33929318011497,14.1696862856611,-2.0120715119645));
#3944=CARTESIAN_POINT('',(1.37433808075449,14.1562178888332,-2.02213910385055));
#3945=CARTESIAN_POINT('',(1.41899704314449,14.1377855041415,-2.03610939252854));
#3946=CARTESIAN_POINT('',(1.47917005136215,14.1105499813211,-2.05709478014965));
#3947=CARTESIAN_POINT('',(1.55301348590907,14.0726567149784,-2.08689003603255));
#3948=CARTESIAN_POINT('',(1.62605429646683,14.0297576914166,-2.12128802299135));
#3949=CARTESIAN_POINT('',(1.68671166770288,13.989828247992,-2.15379170977322));
#3950=CARTESIAN_POINT('',(1.73656733666213,13.9541124688529,-2.18317110770326));
#3951=CARTESIAN_POINT('',(1.78795077532882,13.9145109065012,-2.21602757399187));
#3952=CARTESIAN_POINT('',(1.85028056429836,13.861959570658,-2.26006730499084));
#3953=CARTESIAN_POINT('',(1.92010211405181,13.7957543376049,-2.31624275143223));
#3954=CARTESIAN_POINT('',(1.98478435262169,13.7260021166666,-2.37619388092006));
#3955=CARTESIAN_POINT('',(2.03931606079862,13.6600640850513,-2.43348483280503));
#3956=CARTESIAN_POINT('',(2.0881911495135,13.5947662831948,-2.49072978972394));
#3957=CARTESIAN_POINT('',(2.13391243536754,13.5266390160649,-2.55101162002792));
#3958=CARTESIAN_POINT('',(2.17287471406054,13.4613097379282,-2.60936912461567));
#3959=CARTESIAN_POINT('',(2.20064116477578,13.4097906837044,-2.65574521642753));
#3960=CARTESIAN_POINT('',(2.22016223997633,13.370867758047,-2.69096465799255));
#3961=CARTESIAN_POINT('',(2.23564983585199,13.3381481742685,-2.72068921934376));
#3962=CARTESIAN_POINT('',(2.25021686542264,13.3054936971303,-2.75047150578777));
#3963=CARTESIAN_POINT('',(2.26386134395435,13.2729876419972,-2.78023357959211));
#3964=CARTESIAN_POINT('',(2.27664003211146,13.2405739123546,-2.81002487293582));
#3965=CARTESIAN_POINT('',(2.28856615522797,13.2082927249259,-2.8398068248886));
#3966=CARTESIAN_POINT('',(2.29967642206669,13.1761183460375,-2.86960164225031));
#3967=CARTESIAN_POINT('',(2.30997313291139,13.1441236324145,-2.8993400744725));
#3968=CARTESIAN_POINT('',(2.319499441036,13.1122555054894,-2.92906968340555));
#3969=CARTESIAN_POINT('',(2.3282756921003,13.0805204958934,-2.95878297897577));
#3970=CARTESIAN_POINT('',(2.33633727891668,13.0488577036908,-2.98853599646106));
#3971=CARTESIAN_POINT('',(2.34370082617282,13.017263343303,-3.01833162031236));
#3972=CARTESIAN_POINT('',(2.34816004014267,12.9962144891469,-3.03825334634089));
#3973=CARTESIAN_POINT('',(2.35027799335208,12.9856975774399,-3.04822493303757));
#3974=CARTESIAN_POINT('',(0.465892231523858,14.2383309307537,-1.97636571427499));
#3975=CARTESIAN_POINT('',(0.465892230009934,14.2383309304488,-1.97636571431027));
#3976=VECTOR('',#3977,1.);
#3977=DIRECTION('',(0.,0.,-1.));
#3978=CARTESIAN_POINT('',(0.465892223954245,14.2383309292293,0.800000000000001));
#3979=VECTOR('',#3980,1.);
#3980=DIRECTION('',(-1.59953426729271E-16,0.,-1.));
#3981=CARTESIAN_POINT('',(2.15421429918659,12.9462130534626,1.));
#3982=CARTESIAN_POINT('',(2.49347277711459,11.2615968638278,1.));
#3983=VECTOR('',#3984,1.);
#3984=DIRECTION('',(-0.197422626439268,0.980318472012958,2.58426137844504E-16));
#3985=CARTESIAN_POINT('',(0.505376748786055,14.0422672347349,1.));
#3986=AXIS2_PLACEMENT_3D('',#3987,#3988,#3989);
#3987=CARTESIAN_POINT('',(0.781768438368449,12.6698213764476,1.));
#3988=DIRECTION('',(-8.65956056235493E-17,-8.65956056235493E-17,1.));
#3989=DIRECTION('',(0.980318472012959,0.197422626439266,1.01987203688215E-16));
#3990=CARTESIAN_POINT('',(-5.90137982448868,12.7520347274158,1.));
#3991=CARTESIAN_POINT('',(0.505376744773228,14.0422672339268,1.));
#3992=VECTOR('',#3993,1.);
#3993=DIRECTION('',(-0.980318470488543,-0.197422634008878,-6.79515212212867E-17));
#3994=AXIS2_PLACEMENT_3D('',#3995,#3996,#3997);
#3995=CARTESIAN_POINT('',(-5.62498813732184,11.3795888686422,1.));
#3996=DIRECTION('',(-8.65956056235493E-17,-8.65956056235493E-17,1.));
#3997=DIRECTION('',(-0.197422634008876,0.980318470488543,6.7795339100112E-17));
#3998=CARTESIAN_POINT('',(0.465892224027141,14.238330929244,0.800000000000001));
#3999=VECTOR('',#4000,1.);
#4000=DIRECTION('',(-0.980318470488543,-0.197422634008878,-1.01927281735588E-16));
#4001=CARTESIAN_POINT('',(-5.94086433962467,12.9480984238629,-1.97636576472673));
#4002=VECTOR('',#4003,1.);
#4003=DIRECTION('',(0.980318470488543,0.197422634008879,7.72158385621149E-9));
#4004=CARTESIAN_POINT('',(12.9480984293656,-5.9408643123006,-1.97636577129521));
#4005=VECTOR('',#4006,1.);
#4006=DIRECTION('',(-0.693189839563408,0.139598876521467,-0.707106781186548));
#4007=CARTESIAN_POINT('',(12.1638436947959,-5.78292622145755,-2.7763657270529));
#4008=CARTESIAN_POINT('',(12.2305641511126,-5.79636280146948,-2.71033916927735));
#4009=CARTESIAN_POINT('',(12.3844599342743,-5.82735529040179,-2.55797408671378));
#4010=CARTESIAN_POINT('',(12.6459016320578,-5.88000604377902,-2.2988700955123));
#4011=CARTESIAN_POINT('',(12.8405626032029,-5.91920807953261,-2.10571561808539));
#4012=CARTESIAN_POINT('',(12.9480984293656,-5.94086431230096,-1.99894573061819));
#4013=CARTESIAN_POINT('',(-5.78292624590844,12.1638436831716,-2.77636572705278));
#4014=CARTESIAN_POINT('',(-5.79636282277827,12.230564123193,-2.71033918540588));
#4015=CARTESIAN_POINT('',(-5.82735530891503,12.3844598908747,-2.55797411809416));
#4016=CARTESIAN_POINT('',(-5.88000606338726,12.6459015913802,-2.29887012405697));
#4017=CARTESIAN_POINT('',(-5.91920810339196,12.8405625816129,-2.10571562795634));
#4018=CARTESIAN_POINT('',(-5.94086434001611,12.948098425805,-1.99894572300535));
#4019=CARTESIAN_POINT('',(-5.94086433962467,12.9480984238629,-1.97636576472673));
#4020=VECTOR('',#4021,1.);
#4021=DIRECTION('',(0.139598877914864,-0.693189839282797,-0.707106781186548));
#4022=CARTESIAN_POINT('',(-5.62498813732184,11.3795888686421,-2.77636572689465));
#4023=VECTOR('',#4024,1.);
#4024=DIRECTION('',(0.980318470488543,0.197422634008878,2.03854563452228E-16));
#4025=CARTESIAN_POINT('',(-5.78292624594216,12.16384368334,-2.77636572689465));
#4026=VECTOR('',#4027,1.);
#4027=DIRECTION('',(0.980318472012958,0.197422626439267,1.35903042301485E-16));
#4028=CARTESIAN_POINT('',(14.2383309371711,0.465892263389692,-1.97636570769477));
#4029=VECTOR('',#4030,1.);
#4030=DIRECTION('',(-0.693189839563409,0.139598876521466,-0.707106781186547));
#4031=CARTESIAN_POINT('',(0.465892236065625,14.2383309316684,-1.97636571426323));
#4032=VECTOR('',#4033,1.);
#4033=DIRECTION('',(0.139598877914864,-0.693189839282799,-0.707106781186546));
#4034=CARTESIAN_POINT('',(0.623830339704747,13.4540761417037,-2.77636572685806));
#4035=CARTESIAN_POINT('',(0.610393762824234,13.5207965817783,-2.71033918515805));
#4036=CARTESIAN_POINT('',(0.579401275619552,13.6746923547633,-2.55797411259588));
#4037=CARTESIAN_POINT('',(0.526750518039552,13.9361340707007,-2.29887010325627));
#4038=CARTESIAN_POINT('',(0.487548474924699,14.1307950763764,-2.10571559180517));
#4039=CARTESIAN_POINT('',(0.465892236173877,14.2383309311282,-1.99894567634818));
#4040=CARTESIAN_POINT('',(12.6698213254059,0.78176847379902,-2.77636572689465));
#4041=VECTOR('',#4042,1.);
#4042=DIRECTION('',(-0.197422616899093,-0.980318473934218,-1.35903042301486E-16));
#4043=CARTESIAN_POINT('',(13.4540761404212,0.623830366755145,-2.77636572689465));
#4044=VECTOR('',#4045,1.);
#4045=DIRECTION('',(-0.197422624468704,-0.980318472409803,-2.03854563452228E-16));
#4046=CARTESIAN_POINT('',(-7.23690699070783,-0.340156979037806,-9.));
#4047=CARTESIAN_POINT('',(-7.16877583455507,-0.367214826235512,-9.06679166435371));
#4048=CARTESIAN_POINT('',(-7.03227728807239,-0.420907538331588,-9.20023482706456));
#4049=CARTESIAN_POINT('',(-6.89524460598723,-0.473779010921375,-9.33345828119545));
#4050=CARTESIAN_POINT('',(-6.82661032955079,-0.500003535424278,-9.39999999999999));
#4051=CARTESIAN_POINT('',(-11.7144280789601,-4.66404883292498,-9.));
#4052=VECTOR('',#4053,1.);
#4053=DIRECTION('',(0.491197644359555,-0.508650050796835,-0.707106781186549));
#4054=CARTESIAN_POINT('',(-4.47993690397409,5.69374173096699,-9.));
#4055=CARTESIAN_POINT('',(-4.45118889987949,5.6314924397569,-9.06669963663893));
#4056=CARTESIAN_POINT('',(-4.39347153793069,5.50707664836126,-9.2000614485885));
#4057=CARTESIAN_POINT('',(-4.33530375886482,5.38280966942273,-9.33336629947138));
#4058=CARTESIAN_POINT('',(-4.30610923793037,5.32071756044026,-9.39999999999999));
#4059=CARTESIAN_POINT('',(1.92681967669751,6.98397421403733,-9.));
#4060=CARTESIAN_POINT('',(1.92440765706274,6.91544973601442,-9.06669963683302));
#4061=CARTESIAN_POINT('',(1.91934750691087,6.77839143552428,-9.20006144898585));
#4062=CARTESIAN_POINT('',(1.91381451742805,6.64129599961938,-9.33336629966546));
#4063=CARTESIAN_POINT('',(1.91093001498761,6.57274361319429,-9.4));
#4064=CARTESIAN_POINT('',(6.98397418542903,1.9268196957175,-9.));
#4065=CARTESIAN_POINT('',(6.91544970513719,1.92440772633231,-9.06669963663893));
#4066=CARTESIAN_POINT('',(6.77839140159718,1.91934764237395,-9.20006144858849));
#4067=CARTESIAN_POINT('',(6.64129596557985,1.91381465049024,-9.33336629947138));
#4068=CARTESIAN_POINT('',(6.57274357984226,1.91093012970355,-9.39999999999999));
#4069=CARTESIAN_POINT('',(5.69374177174451,-4.47993688856648,-9.));
#4070=CARTESIAN_POINT('',(5.63149249896415,-4.45118884367877,-9.06669963639766));
#4071=CARTESIAN_POINT('',(5.50707673171816,-4.39347142802858,-9.20006144811423));
#4072=CARTESIAN_POINT('',(5.38280975154706,-4.33530365103038,-9.33336629923016));
#4073=CARTESIAN_POINT('',(5.32071763559599,-4.30610914506646,-9.40000000000001));
#4074=CARTESIAN_POINT('',(0.303101605643081,-7.23855365243641,-9.));
#4075=CARTESIAN_POINT('',(0.285546848817012,-7.23188483113652,-9.00739741018825));
#4076=CARTESIAN_POINT('',(0.250106133239077,-7.21834889696833,-9.02227966373757));
#4077=CARTESIAN_POINT('',(0.196474470850013,-7.19764198296961,-9.0446400395563));
#4078=CARTESIAN_POINT('',(0.141582391474477,-7.17621365704925,-9.06735703427726));
#4079=CARTESIAN_POINT('',(0.0854639101421611,-7.15405812133019,-9.09040284843166));
#4080=CARTESIAN_POINT('',(0.0250578292236059,-7.1299332133405,-9.11501043167186));
#4081=CARTESIAN_POINT('',(-0.042087656674107,-7.1027761507333,-9.14211844949557));
#4082=CARTESIAN_POINT('',(-0.119163592996272,-7.07114601369629,-9.17290707736183));
#4083=CARTESIAN_POINT('',(-0.203156878396602,-7.03610406689428,-9.20604664911145));
#4084=CARTESIAN_POINT('',(-0.29195770025266,-6.9983979177061,-9.2406093494888));
#4085=CARTESIAN_POINT('',(-0.382645314463054,-6.95919220922928,-9.27540403328911));
#4086=CARTESIAN_POINT('',(-0.473246328958277,-6.91929682256233,-9.30964244690081));
#4087=CARTESIAN_POINT('',(-0.560669756105649,-6.88009942679665,-9.34217561549901));
#4088=CARTESIAN_POINT('',(-0.642276293958658,-6.84288635218657,-9.37209543444272));
#4089=CARTESIAN_POINT('',(-0.694548795153759,-6.81867443432721,-9.39099036878392));
#4090=CARTESIAN_POINT('',(-0.719648249368131,-6.80696103442319,-9.39999999999962));
#4091=CARTESIAN_POINT('',(1.26423623547786,-8.1667105755462,-9.));
#4092=VECTOR('',#4093,1.);
#4093=DIRECTION('',(-0.49119764435955,-0.508650050796837,-0.70710678118655));
#4094=CARTESIAN_POINT('',(0.996245459246123,-9.02004576400072,-9.4));
#4095=VECTOR('',#4096,1.);
#4096=DIRECTION('',(0.508650050796837,-0.491197644359548,0.707106781186552));
#4097=CARTESIAN_POINT('',(-2.79376554073801,-13.5205396599343,-9.));
#4098=VECTOR('',#4099,1.);
#4099=DIRECTION('',(-0.508650050796836,0.491197644359551,-0.70710678118655));
#4100=CARTESIAN_POINT('',(-3.64710072919254,-13.2525488837026,-9.4));
#4101=VECTOR('',#4102,1.);
#4102=DIRECTION('',(-0.491197644359548,-0.508650050796839,0.70710678118655));
#4103=CARTESIAN_POINT('',(-7.66553103913712,-9.92806127745124,-9.));
#4104=VECTOR('',#4105,1.);
#4105=DIRECTION('',(0.491197644359554,0.508650050796837,-0.707106781186547));
#4106=CARTESIAN_POINT('',(-7.68527618304085,-8.79686274081312,-9.));
#4107=VECTOR('',#4108,1.);
#4108=DIRECTION('',(0.508650050796841,-0.491197644359553,-0.707106781186546));
#4109=CARTESIAN_POINT('',(-2.35910813585606,-3.28145427161055,-9.));
#4110=CARTESIAN_POINT('',(-2.35519711611358,-3.32490053196484,-9.03299366058092));
#4111=CARTESIAN_POINT('',(-2.34693283267538,-3.4115699784662,-9.09914414505452));
#4112=CARTESIAN_POINT('',(-2.33325691148923,-3.54103149740026,-9.19891330724989));
#4113=CARTESIAN_POINT('',(-2.31836362784108,-3.66993642294175,-9.29917152445653));
#4114=CARTESIAN_POINT('',(-2.3076538869935,-3.75554528062517,-9.36634437687472));
#4115=CARTESIAN_POINT('',(-2.30211433458896,-3.79825807855062,-9.40000000000001));
#4116=CARTESIAN_POINT('',(-3.28145442634664,-2.3591079206224,-9.));
#4117=CARTESIAN_POINT('',(-3.32485683456312,-2.35520084773891,-9.03296035919358));
#4118=CARTESIAN_POINT('',(-3.41146811633474,-2.34694257493773,-9.09906611536036));
#4119=CARTESIAN_POINT('',(-3.54088668238269,-2.33327272993655,-9.19880106913217));
#4120=CARTESIAN_POINT('',(-3.66983559692067,-2.31837583350088,-9.29909244248528));
#4121=CARTESIAN_POINT('',(-3.75550225756158,-2.30765925548242,-9.36631036646087));
#4122=CARTESIAN_POINT('',(-3.79825821796881,-2.30211410456301,-9.39999999999998));
#4123=CARTESIAN_POINT('',(-8.79686292303231,-7.68527599434731,-9.));
#4124=VECTOR('',#4125,1.);
#4125=DIRECTION('',(-0.491197644359551,0.508650050796836,-0.70710678118655));
#4126=CARTESIAN_POINT('',(-9.92806145967043,-7.66553085044359,-9.));
#4127=VECTOR('',#4128,1.);
#4128=DIRECTION('',(0.508650050796836,0.491197644359553,-0.707106781186549));
#4129=CARTESIAN_POINT('',(-11.7341732228638,-5.7952473695631,-9.));
#4130=VECTOR('',#4131,1.);
#4131=DIRECTION('',(0.508650050796837,0.491197644359554,-0.707106781186547));
#4132=CARTESIAN_POINT('',(-1.54013734897939,-8.4795226621189,-0.200000000000001));
#4133=VECTOR('',#4134,1.);
#4134=DIRECTION('',(-0.0142498301850043,0.816372224543659,0.577350269189628));
#4135=CARTESIAN_POINT('',(-1.5401373489794,-8.4795226621189,0.799999999999999));
#4136=VECTOR('',#4137,1.);
#4137=DIRECTION('',(-0.0142498301850057,0.816372224543659,0.577350269189628));
#4138=CARTESIAN_POINT('',(-4.66404902161851,-11.7144278967409,0.799999999999998));
#4139=VECTOR('',#4140,1.);
#4140=DIRECTION('',(-0.50865005079684,0.491197644359556,0.707106781186544));
#4141=CARTESIAN_POINT('',(-5.79524755825663,-11.7341730406446,0.799999999999998));
#4142=VECTOR('',#4143,1.);
#4143=DIRECTION('',(0.491197644359554,0.508650050796837,0.707106781186548));
#4144=CARTESIAN_POINT('',(-7.66553103913712,-9.92806127745124,0.799999999999998));
#4145=VECTOR('',#4146,1.);
#4146=DIRECTION('',(0.491197644359553,0.508650050796837,0.707106781186548));
#4147=CARTESIAN_POINT('',(-7.68527618304085,-8.79686274081312,0.799999999999998));
#4148=VECTOR('',#4149,1.);
#4149=DIRECTION('',(0.50865005079684,-0.491197644359547,0.70710678118655));
#4150=CARTESIAN_POINT('',(-4.56136451040173,-5.56195750619111,0.799999999999999));
#4151=VECTOR('',#4152,1.);
#4152=DIRECTION('',(0.816372224543662,0.0142498301850055,0.577350269189623));
#4153=CARTESIAN_POINT('',(-4.2785648762422,-5.55702122021518,-9.71445146547012E-16));
#4154=VECTOR('',#4155,1.);
#4155=DIRECTION('',(-0.816372224543661,-0.014249830185003,-0.577350269189625));
#4156=CARTESIAN_POINT('',(-2.35910813585605,-3.28145427161054,-0.2));
#4157=CARTESIAN_POINT('',(-2.35714430634361,-3.30327155929595,-0.183431777759246));
#4158=CARTESIAN_POINT('',(-2.35310409512509,-3.34685801848804,-0.15024779431153));
#4159=CARTESIAN_POINT('',(-2.34671210382323,-3.41211220440033,-0.100320414113226));
#4160=CARTESIAN_POINT('',(-2.33999573442051,-3.47724473542741,-0.0502442044209306));
#4161=CARTESIAN_POINT('',(-2.33530650163539,-3.52058719547954,-0.0167628499740441));
#4162=CARTESIAN_POINT('',(-2.33291039805138,-3.5422370278862,-4.05231403988182E-15));
#4163=CARTESIAN_POINT('',(-3.28145442634664,-2.3591079206224,-0.200000000000001));
#4164=CARTESIAN_POINT('',(-3.30327171336767,-2.35714409044846,-0.183431777744912));
#4165=CARTESIAN_POINT('',(-3.34685817123346,-2.35310387791881,-0.150247794275382));
#4166=CARTESIAN_POINT('',(-3.41211235515992,-2.3467118846848,-0.100320414066676));
#4167=CARTESIAN_POINT('',(-3.47724488420509,-2.33999551338346,-0.0502442043853819));
#4168=CARTESIAN_POINT('',(-3.52058734293805,-2.33530627935445,-0.0167628499600906));
#4169=CARTESIAN_POINT('',(-3.54223717468609,-2.33291017515382,-6.80011602582908E-15));
#4170=CARTESIAN_POINT('',(-5.56195769170398,-4.56136432488886,-0.200000000000001));
#4171=VECTOR('',#4172,1.);
#4172=DIRECTION('',(0.014249830185003,0.816372224543661,0.577350269189626));
#4173=CARTESIAN_POINT('',(-5.55702140572804,-4.27856469072933,1.));
#4174=VECTOR('',#4175,1.);
#4175=DIRECTION('',(-0.014249830185003,-0.816372224543659,-0.577350269189628));
#4176=CARTESIAN_POINT('',(11.06371267436,-7.19349766900635,-0.2));
#4177=VECTOR('',#4178,1.);
#4178=DIRECTION('',(0.139598876521466,0.693189839563409,0.707106781186548));
#4179=CARTESIAN_POINT('',(4.29941052027132,-5.8312604761513,-0.2));
#4180=CARTESIAN_POINT('',(4.29150894322415,-5.79563715077405,-0.166637746489788));
#4181=CARTESIAN_POINT('',(4.27559100688493,-5.72440048984837,-0.0999456932098305));
#4182=CARTESIAN_POINT('',(4.25944018566912,-5.65316872735955,-0.0333044185311563));
#4183=CARTESIAN_POINT('',(4.25130742091355,-5.61755784025183,-1.03528297046296E-14));
#4184=CARTESIAN_POINT('',(-8.47952284763177,-1.54013716346653,0.799999999999999));
#4185=VECTOR('',#4186,1.);
#4186=DIRECTION('',(0.816372224543663,-0.0142498301850017,0.577350269189623));
#4187=CARTESIAN_POINT('',(-8.19672321347224,-1.54507344944246,2.22044604925031E-16));
#4188=VECTOR('',#4189,1.);
#4189=DIRECTION('',(-0.81637222454366,0.0142498301849978,-0.577350269189626));
#4190=CARTESIAN_POINT('',(-7.23690699070783,-0.340156979037807,-0.200000000000001));
#4191=CARTESIAN_POINT('',(-7.2028721238556,-0.353670722090004,-0.166636421976425));
#4192=CARTESIAN_POINT('',(-7.13474454091148,-0.380595193354208,-0.0999431830364837));
#4193=CARTESIAN_POINT('',(-7.06648630055804,-0.407319602181482,-0.033303094489492));
#4194=CARTESIAN_POINT('',(-7.0323282773194,-0.420630332184462,-1.59594559789866E-14));
#4195=CARTESIAN_POINT('',(-5.61755784879749,4.2513074096216,-2.67322459205723E-16));
#4196=CARTESIAN_POINT('',(-5.65316873592156,4.25944017430557,-0.0333044185311487));
#4197=CARTESIAN_POINT('',(-5.72440049844285,4.27559099537818,-0.0999456932098278));
#4198=CARTESIAN_POINT('',(-5.79563715940053,4.29150893157418,-0.166637746489788));
#4199=CARTESIAN_POINT('',(-5.83126048479366,4.29941050854973,-0.200000000000002));
#4200=CARTESIAN_POINT('',(-7.19349769254258,11.0637126663393,-0.2));
#4201=VECTOR('',#4202,1.);
#4202=DIRECTION('',(0.6931898392828,0.139598877914866,0.707106781186545));
#4203=CARTESIAN_POINT('',(12.9480984195639,-5.9408643609714,0.800000000000001));
#4204=VECTOR('',#4205,1.);
#4205=DIRECTION('',(-0.693189836285773,0.139598892796825,0.70710678118655));
#4206=CARTESIAN_POINT('',(14.2383309292959,0.46589222428474,0.800000000000001));
#4207=VECTOR('',#4208,1.);
#4208=DIRECTION('',(-0.693189837137151,0.139598888569276,0.707106781186543));
#4209=CARTESIAN_POINT('',(12.9856975971284,2.35027801503959,0.800000000000001));
#4210=VECTOR('',#4211,1.);
#4211=DIRECTION('',(-0.139598883202824,-0.693189838217881,0.707106781186542));
#4212=CARTESIAN_POINT('',(3.71251521130074,6.22139537149059,-0.199999999999999));
#4213=CARTESIAN_POINT('',(3.68272726928334,6.20032086696182,-0.166637746489787));
#4214=CARTESIAN_POINT('',(3.62320502558969,6.1580698898984,-0.0999456932098284));
#4215=CARTESIAN_POINT('',(3.56377744219537,6.11560607771532,-0.0333044185311519));
#4216=CARTESIAN_POINT('',(3.53409045563971,6.09432322141236,-4.8017145815038E-15));
#4217=CARTESIAN_POINT('',(6.09432321430841,3.53409046789007,8.33222791106535E-16));
#4218=CARTESIAN_POINT('',(6.11560607055169,3.56377745448851,-0.0333044185311466));
#4219=CARTESIAN_POINT('',(6.15806988261531,3.62320503796819,-0.0999456932098239));
#4220=CARTESIAN_POINT('',(6.20032085955907,3.68272728174677,-0.166637746489785));
#4221=CARTESIAN_POINT('',(6.22139536402796,3.71251522380654,-0.199999999999999));
#4222=CARTESIAN_POINT('',(-11.7144280789601,-4.66404883292498,0.799999999999998));
#4223=VECTOR('',#4224,1.);
#4224=DIRECTION('',(0.491197644359558,-0.508650050796835,0.707106781186546));
#4225=CARTESIAN_POINT('',(-11.7341732228638,-5.7952473695631,0.799999999999998));
#4226=VECTOR('',#4227,1.);
#4227=DIRECTION('',(0.508650050796838,0.491197644359555,0.707106781186546));
#4228=CARTESIAN_POINT('',(-9.92806145967043,-7.66553085044359,0.799999999999999));
#4229=VECTOR('',#4230,1.);
#4230=DIRECTION('',(0.508650050796839,0.491197644359555,0.707106781186546));
#4231=CARTESIAN_POINT('',(-8.79686292303231,-7.68527599434731,0.799999999999999));
#4232=VECTOR('',#4233,1.);
#4233=DIRECTION('',(-0.491197644359551,0.508650050796838,0.707106781186549));
#4234=CARTESIAN_POINT('',(2.35027799358918,12.9856975787505,0.800000000000001));
#4235=VECTOR('',#4236,1.);
#4236=DIRECTION('',(-0.693189839282796,-0.139598877914866,0.707106781186549));
#4237=CARTESIAN_POINT('',(0.46589222402714,14.238330929244,0.800000000000001));
#4238=VECTOR('',#4239,1.);
#4239=DIRECTION('',(0.139598883267388,-0.693189838204872,0.707106781186549));
#4240=CARTESIAN_POINT('',(-5.94086435106766,12.9480984215584,0.800000000000001));
#4241=VECTOR('',#4242,1.);
#4242=DIRECTION('',(0.139598883267387,-0.693189838204872,0.707106781186549));
#4243=CARTESIAN_POINT('',(-4.47993690397409,5.69374173096699,-1.2));
#4244=CARTESIAN_POINT('',(-5.62498813732184,11.3795888686421,-1.2));
#4245=CARTESIAN_POINT('',(-4.47993690397409,5.69374173096699,-1.2));
#4246=VECTOR('',#4247,1.);
#4247=DIRECTION('',(-0.197422626439267,0.980318472012958,1.53134210293125E-16));
#4248=CARTESIAN_POINT('',(-5.62498813732184,11.3795888686421,-1.4));
#4249=CARTESIAN_POINT('',(-5.62498813732184,11.3795888686421,-1.2));
#4250=VECTOR('',#4251,1.);
#4251=DIRECTION('',(0.,0.,-1.));
#4252=CARTESIAN_POINT('',(-4.47993690397409,5.69374173096699,-1.4));
#4253=CARTESIAN_POINT('',(-4.47993690397409,5.69374173096699,-1.4));
#4254=VECTOR('',#4255,1.);
#4255=DIRECTION('',(-0.197422626439267,0.980318472012958,1.53134210293125E-16));
#4256=CARTESIAN_POINT('',(-4.47993690397409,5.69374173096699,-1.2));
#4257=VECTOR('',#4258,1.);
#4258=DIRECTION('',(0.,0.,-1.));
#4259=CARTESIAN_POINT('',(0.781768438368454,12.6698213764476,-1.2));
#4260=CARTESIAN_POINT('',(-5.62498813732184,11.3795888686421,-1.2));
#4261=VECTOR('',#4262,1.);
#4262=DIRECTION('',(0.980318470488543,0.197422634008878,2.03854563452228E-16));
#4263=CARTESIAN_POINT('',(0.781768438368454,12.6698213764476,-1.4));
#4264=CARTESIAN_POINT('',(0.781768438368454,12.6698213764476,-1.2));
#4265=VECTOR('',#4266,1.);
#4266=DIRECTION('',(0.,0.,-1.));
#4267=CARTESIAN_POINT('',(-5.62498813732184,11.3795888686421,-1.4));
#4268=VECTOR('',#4269,1.);
#4269=DIRECTION('',(0.980318470488543,0.197422634008878,2.03854563452228E-16));
#4270=CARTESIAN_POINT('',(1.9268196717162,6.98397423877248,-1.2));
#4271=CARTESIAN_POINT('',(0.781768438368454,12.6698213764476,-1.2));
#4272=VECTOR('',#4273,1.);
#4273=DIRECTION('',(0.197422626439267,-0.980318472012959,-1.53134210293125E-16));
#4274=CARTESIAN_POINT('',(1.9268196717162,6.98397423877248,-1.4));
#4275=CARTESIAN_POINT('',(1.9268196717162,6.98397423877248,-1.2));
#4276=VECTOR('',#4277,1.);
#4277=DIRECTION('',(0.,0.,-1.));
#4278=CARTESIAN_POINT('',(0.781768438368454,12.6698213764476,-1.4));
#4279=VECTOR('',#4280,1.);
#4280=DIRECTION('',(0.197422626439267,-0.980318472012959,-1.53134210293125E-16));
#4281=CARTESIAN_POINT('',(1.9268196717162,6.98397423877248,-1.2));
#4282=VECTOR('',#4283,1.);
#4283=DIRECTION('',(-0.980318470488543,-0.197422634008877,-2.03854563452228E-16));
#4284=CARTESIAN_POINT('',(1.9268196717162,6.98397423877248,-1.4));
#4285=VECTOR('',#4286,1.);
#4286=DIRECTION('',(-0.980318470488543,-0.197422634008877,-2.03854563452228E-16));
#4287=CARTESIAN_POINT('',(12.6698213254059,0.781768473799021,-1.2));
#4288=CARTESIAN_POINT('',(11.3795889294194,-5.62498812441007,-1.2));
#4289=CARTESIAN_POINT('',(12.6698213254059,0.781768473799021,-1.2));
#4290=VECTOR('',#4291,1.);
#4291=DIRECTION('',(-0.197422616899093,-0.980318473934218,-2.03854563452228E-16));
#4292=CARTESIAN_POINT('',(11.3795889294194,-5.62498812441007,-1.4));
#4293=CARTESIAN_POINT('',(11.3795889294194,-5.62498812441007,-1.2));
#4294=VECTOR('',#4295,1.);
#4295=DIRECTION('',(0.,0.,-1.));
#4296=CARTESIAN_POINT('',(12.6698213254059,0.781768473799021,-1.4));
#4297=CARTESIAN_POINT('',(12.6698213254059,0.781768473799021,-1.4));
#4298=VECTOR('',#4299,1.);
#4299=DIRECTION('',(-0.197422616899093,-0.980318473934218,-2.03854563452228E-16));
#4300=CARTESIAN_POINT('',(12.6698213254059,0.781768473799021,-1.2));
#4301=VECTOR('',#4302,1.);
#4302=DIRECTION('',(0.,0.,-1.));
#4303=CARTESIAN_POINT('',(6.98397418542903,1.9268196957175,-1.2));
#4304=CARTESIAN_POINT('',(6.98397418542903,1.9268196957175,-1.2));
#4305=VECTOR('',#4306,1.);
#4306=DIRECTION('',(0.980318472409803,-0.197422624468704,1.53134210293125E-16));
#4307=CARTESIAN_POINT('',(5.69374178944253,-4.47993690249159,-1.2));
#4308=CARTESIAN_POINT('',(5.69374178944253,-4.47993690249159,-1.2));
#4309=VECTOR('',#4310,1.);
#4310=DIRECTION('',(0.197422616899094,0.980318473934218,2.03854563452228E-16));
#4311=CARTESIAN_POINT('',(11.3795889294194,-5.62498812441007,-1.2));
#4312=VECTOR('',#4313,1.);
#4313=DIRECTION('',(-0.980318472409803,0.197422624468704,-1.53134210293125E-16));
#4314=CARTESIAN_POINT('',(5.69374178944253,-4.47993690249159,-1.4));
#4315=CARTESIAN_POINT('',(5.69374178944253,-4.47993690249159,-1.2));
#4316=VECTOR('',#4317,1.);
#4317=DIRECTION('',(0.,0.,-1.));
#4318=CARTESIAN_POINT('',(11.3795889294194,-5.62498812441007,-1.4));
#4319=VECTOR('',#4320,1.);
#4320=DIRECTION('',(-0.980318472409803,0.197422624468704,-1.53134210293125E-16));
#4321=CARTESIAN_POINT('',(6.98397418542903,1.9268196957175,-1.4));
#4322=CARTESIAN_POINT('',(5.69374178944253,-4.47993690249159,-1.4));
#4323=VECTOR('',#4324,1.);
#4324=DIRECTION('',(0.197422616899094,0.980318473934218,2.03854563452228E-16));
#4325=CARTESIAN_POINT('',(6.98397418542903,1.9268196957175,-1.4));
#4326=VECTOR('',#4327,1.);
#4327=DIRECTION('',(0.980318472409803,-0.197422624468704,1.53134210293125E-16));
#4328=CARTESIAN_POINT('',(6.98397418542903,1.9268196957175,-1.2));
#4329=VECTOR('',#4330,1.);
#4330=DIRECTION('',(0.,0.,-1.));
ENDSEC;
END-ISO-10303-21;
