ISO-10303-21;
HEADER;
FILE_DESCRIPTION(('STEP AP242'),
    '1');
FILE_NAME('fly adxl345 nozzle bracket v1-tighter',
    '',
    ('UNSPECIFIED'),
    ('UNSPECIFIED'),
    'C3D Converter',
    'C3D Toolkit',
    '');
FILE_SCHEMA(('AP242_MANAGED_MODEL_BASED_3D_ENGINEERING_MIM_LF { 1 0 10303 442 1 1 4 }'));
ENDSEC;

DATA;
#1=PRODUCT_DEFINITION('','UNSPECIFIED',#48,#51);
#2=SHAPE_DEFINITION_REPRESENTATION(#46,#3);
#3=SHAPE_REPRESENTATION('NONE',(#4),#8);
#4=AXIS2_PLACEMENT_3D('',#5,#6,#7);
#5=CARTESIAN_POINT('',(0.,0.,0.));
#6=DIRECTION('',(0.,0.,1.));
#7=DIRECTION('',(1.,0.,0.));
#8=(GEOMETRIC_REPRESENTATION_CONTEXT(3)GLOBAL_UNCERTAINTY_ASSIGNED_CONTEXT((#10))
GLOBAL_UNIT_ASSIGNED_CONTEXT((#9,#11,#12))REPRESENTATION_CONTEXT('NONE','NONE'));
#9=(LENGTH_UNIT()NAMED_UNIT(*)SI_UNIT(.MILLI.,.METRE.));
#10=UNCERTAINTY_MEASURE_WITH_UNIT(LENGTH_MEASURE(1.E-5),#9,'NONE','NONE');
#11=(NAMED_UNIT(*)PLANE_ANGLE_UNIT()SI_UNIT($,.RADIAN.));
#12=(NAMED_UNIT(*)SI_UNIT($,.STERADIAN.)SOLID_ANGLE_UNIT());
#13=MANIFOLD_SOLID_BREP('',#14);
#14=CLOSED_SHELL('',(#73,#74,#75,#76,#77,#78));
#15=COLOUR_RGB('',0.564705882352941,0.564705882352941,0.564705882352941);
#16=FILL_AREA_STYLE_COLOUR('',#15);
#17=FILL_AREA_STYLE($,(#16));
#18=SURFACE_STYLE_FILL_AREA(#17);
#19=SURFACE_SIDE_STYLE('',(#18));
#20=SURFACE_STYLE_USAGE(.BOTH.,#19);
#21=PRESENTATION_STYLE_ASSIGNMENT((#20));
#22=MECHANICAL_DESIGN_GEOMETRIC_PRESENTATION_REPRESENTATION('NONE',(#23,#33,#43),
#8);
#23=STYLED_ITEM('',(#21),#13);
#24=MANIFOLD_SOLID_BREP('',#25);
#25=CLOSED_SHELL('',(#79,#80,#81,#82,#83,#84));
#26=COLOUR_RGB('',0.564705882352941,0.564705882352941,0.564705882352941);
#27=FILL_AREA_STYLE_COLOUR('',#26);
#28=FILL_AREA_STYLE($,(#27));
#29=SURFACE_STYLE_FILL_AREA(#28);
#30=SURFACE_SIDE_STYLE('',(#29));
#31=SURFACE_STYLE_USAGE(.BOTH.,#30);
#32=PRESENTATION_STYLE_ASSIGNMENT((#31));
#33=STYLED_ITEM('',(#32),#24);
#34=MANIFOLD_SOLID_BREP('',#35);
#35=CLOSED_SHELL('',(#85,#86,#87,#88,#89,#90,#91,#92,#93,#94,#95,#96,#97,#98,#99,
#100,#101,#102,#103,#104,#105,#106,#107,#108,#109,#110,#111,#112,#113,#114,#115,
#116,#117,#118,#119,#120,#121,#122,#123,#124,#125,#126,#127,#128,#129,#130,#131,
#132,#133,#134,#135,#136,#137,#138,#139,#140,#141,#142,#143,#144,#145,#146,#147,
#148,#149,#150,#151,#152,#153,#154,#155,#156,#157,#158,#159,#160,#161,#162,#163,
#164,#165,#166,#167,#168,#169,#170,#171,#172,#173,#174,#175,#176,#177,#178,#179,
#180,#181,#182,#183,#184,#185,#186,#187,#188,#189,#190,#191,#192,#193,#194,#195,
#196,#197,#198,#199,#200,#201,#202,#203,#204,#205,#206,#207,#208,#209,#210,#211,
#212));
#36=COLOUR_RGB('',0.564705882352941,0.564705882352941,0.564705882352941);
#37=FILL_AREA_STYLE_COLOUR('',#36);
#38=FILL_AREA_STYLE($,(#37));
#39=SURFACE_STYLE_FILL_AREA(#38);
#40=SURFACE_SIDE_STYLE('',(#39));
#41=SURFACE_STYLE_USAGE(.BOTH.,#40);
#42=PRESENTATION_STYLE_ASSIGNMENT((#41));
#43=STYLED_ITEM('',(#42),#34);
#44=ADVANCED_BREP_SHAPE_REPRESENTATION('NONE',(#13,#24,#34),#8);
#45=SHAPE_REPRESENTATION_RELATIONSHIP('','',#3,#44);
#46=PRODUCT_DEFINITION_SHAPE('NONE','NONE',#1);
#47=MECHANICAL_CONTEXT('NONE',#52,'mechanical');
#48=PRODUCT_DEFINITION_FORMATION_WITH_SPECIFIED_SOURCE('ANY','UNSPECIFIED',#49,.NOT_KNOWN.);
#49=PRODUCT('','\X2\0414043504420430043B044C\X0\','NONE',(#47));
#50=PRODUCT_RELATED_PRODUCT_CATEGORY('detail','',(#49));
#51=DESIGN_CONTEXT('detailed design',#52,'design');
#52=APPLICATION_CONTEXT('configuration controlled 3d designs of mechanical parts and assemblies');
#53=APPLICATION_PROTOCOL_DEFINITION('international standard','config_control_design',
1994,#52);
#54=CC_DESIGN_DATE_AND_TIME_ASSIGNMENT(#55,#59,(#1));
#55=DATE_AND_TIME(#56,#57);
#56=CALENDAR_DATE(0,1,1);
#57=LOCAL_TIME(0,0,0.,#58);
#58=COORDINATED_UNIVERSAL_TIME_OFFSET(0,0,.AHEAD.);
#59=DATE_TIME_ROLE('creation_date');
#60=CC_DESIGN_APPROVAL(#61,(#1));
#61=APPROVAL(#62,'UNSPECIFIED');
#62=APPROVAL_STATUS('not_yet_approved');
#63=APPROVAL_DATE_TIME(#64,#61);
#64=DATE_AND_TIME(#65,#66);
#65=CALENDAR_DATE(0,1,1);
#66=LOCAL_TIME(0,0,0.,#67);
#67=COORDINATED_UNIVERSAL_TIME_OFFSET(0,0,.AHEAD.);
#68=PERSON('UNSPECIFIED','UNSPECIFIED','UNSPECIFIED',('UNSPECIFIED'),('UNSPECIFIED'),
('UNSPECIFIED'));
#69=ORGANIZATION('UNSPECIFIED','UNSPECIFIED','UNSPECIFIED');
#70=PERSON_AND_ORGANIZATION(#68,#69);
#71=PERSON_AND_ORGANIZATION_ROLE('creator');
#72=CC_DESIGN_PERSON_AND_ORGANIZATION_ASSIGNMENT(#70,#71,(#48,#1));
#73=ADVANCED_FACE('',(#213),#215,.T.);
#74=ADVANCED_FACE('',(#220),#222,.T.);
#75=ADVANCED_FACE('',(#227),#229,.T.);
#76=ADVANCED_FACE('',(#234),#236,.T.);
#77=ADVANCED_FACE('',(#241),#243,.T.);
#78=ADVANCED_FACE('',(#248),#250,.F.);
#79=ADVANCED_FACE('',(#255),#257,.T.);
#80=ADVANCED_FACE('',(#262),#264,.F.);
#81=ADVANCED_FACE('',(#269),#271,.T.);
#82=ADVANCED_FACE('',(#276),#278,.T.);
#83=ADVANCED_FACE('',(#283),#285,.T.);
#84=ADVANCED_FACE('',(#290),#292,.T.);
#85=ADVANCED_FACE('',(#297,#299),#301,.T.);
#86=ADVANCED_FACE('',(#306,#308),#310,.T.);
#87=ADVANCED_FACE('',(#315),#317,.F.);
#88=ADVANCED_FACE('',(#322),#324,.F.);
#89=ADVANCED_FACE('',(#329),#331,.T.);
#90=ADVANCED_FACE('',(#336),#338,.F.);
#91=ADVANCED_FACE('',(#343),#345,.F.);
#92=ADVANCED_FACE('',(#350),#352,.F.);
#93=ADVANCED_FACE('',(#357),#359,.T.);
#94=ADVANCED_FACE('',(#364),#366,.T.);
#95=ADVANCED_FACE('',(#371),#373,.F.);
#96=ADVANCED_FACE('',(#378),#380,.F.);
#97=ADVANCED_FACE('',(#385),#387,.F.);
#98=ADVANCED_FACE('',(#392),#394,.T.);
#99=ADVANCED_FACE('',(#399),#401,.T.);
#100=ADVANCED_FACE('',(#406),#408,.T.);
#101=ADVANCED_FACE('',(#413),#415,.F.);
#102=ADVANCED_FACE('',(#420),#422,.F.);
#103=ADVANCED_FACE('',(#427),#429,.F.);
#104=ADVANCED_FACE('',(#434),#436,.F.);
#105=ADVANCED_FACE('',(#441),#443,.F.);
#106=ADVANCED_FACE('',(#448),#450,.T.);
#107=ADVANCED_FACE('',(#455),#457,.F.);
#108=ADVANCED_FACE('',(#462),#464,.T.);
#109=ADVANCED_FACE('',(#469),#471,.T.);
#110=ADVANCED_FACE('',(#476),#478,.T.);
#111=ADVANCED_FACE('',(#483),#485,.T.);
#112=ADVANCED_FACE('',(#490),#492,.T.);
#113=ADVANCED_FACE('',(#497,#499),#501,.T.);
#114=ADVANCED_FACE('',(#506),#508,.T.);
#115=ADVANCED_FACE('',(#513),#515,.T.);
#116=ADVANCED_FACE('',(#520),#522,.T.);
#117=ADVANCED_FACE('',(#527),#529,.T.);
#118=ADVANCED_FACE('',(#534),#536,.T.);
#119=ADVANCED_FACE('',(#541,#543),#545,.T.);
#120=ADVANCED_FACE('',(#550),#552,.T.);
#121=ADVANCED_FACE('',(#557),#559,.T.);
#122=ADVANCED_FACE('',(#564),#566,.T.);
#123=ADVANCED_FACE('',(#571),#573,.T.);
#124=ADVANCED_FACE('',(#578),#580,.T.);
#125=ADVANCED_FACE('',(#585),#587,.T.);
#126=ADVANCED_FACE('',(#592),#594,.F.);
#127=ADVANCED_FACE('',(#599),#601,.T.);
#128=ADVANCED_FACE('',(#606),#608,.F.);
#129=ADVANCED_FACE('',(#613),#615,.T.);
#130=ADVANCED_FACE('',(#620),#622,.F.);
#131=ADVANCED_FACE('',(#627),#629,.T.);
#132=ADVANCED_FACE('',(#634),#636,.T.);
#133=ADVANCED_FACE('',(#641),#643,.F.);
#134=ADVANCED_FACE('',(#648),#650,.T.);
#135=ADVANCED_FACE('',(#655,#657),#659,.F.);
#136=ADVANCED_FACE('',(#664),#666,.T.);
#137=ADVANCED_FACE('',(#671),#673,.T.);
#138=ADVANCED_FACE('',(#678),#680,.F.);
#139=ADVANCED_FACE('',(#685),#687,.T.);
#140=ADVANCED_FACE('',(#692),#694,.F.);
#141=ADVANCED_FACE('',(#699),#701,.F.);
#142=ADVANCED_FACE('',(#706),#708,.T.);
#143=ADVANCED_FACE('',(#713),#715,.T.);
#144=ADVANCED_FACE('',(#720),#722,.T.);
#145=ADVANCED_FACE('',(#727),#729,.F.);
#146=ADVANCED_FACE('',(#734),#736,.T.);
#147=ADVANCED_FACE('',(#741),#743,.T.);
#148=ADVANCED_FACE('',(#748,#750),#752,.F.);
#149=ADVANCED_FACE('',(#757),#759,.T.);
#150=ADVANCED_FACE('',(#764),#766,.F.);
#151=ADVANCED_FACE('',(#771),#773,.T.);
#152=ADVANCED_FACE('',(#778),#780,.T.);
#153=ADVANCED_FACE('',(#785),#787,.T.);
#154=ADVANCED_FACE('',(#792),#794,.T.);
#155=ADVANCED_FACE('',(#799),#801,.F.);
#156=ADVANCED_FACE('',(#806),#808,.T.);
#157=ADVANCED_FACE('',(#813),#815,.T.);
#158=ADVANCED_FACE('',(#820),#822,.T.);
#159=ADVANCED_FACE('',(#827),#829,.T.);
#160=ADVANCED_FACE('',(#834),#836,.T.);
#161=ADVANCED_FACE('',(#841),#843,.T.);
#162=ADVANCED_FACE('',(#848),#850,.T.);
#163=ADVANCED_FACE('',(#855),#857,.T.);
#164=ADVANCED_FACE('',(#862),#864,.T.);
#165=ADVANCED_FACE('',(#869),#871,.F.);
#166=ADVANCED_FACE('',(#876),#878,.T.);
#167=ADVANCED_FACE('',(#883),#885,.T.);
#168=ADVANCED_FACE('',(#890),#892,.T.);
#169=ADVANCED_FACE('',(#897),#899,.F.);
#170=ADVANCED_FACE('',(#904),#906,.F.);
#171=ADVANCED_FACE('',(#911),#913,.F.);
#172=ADVANCED_FACE('',(#918),#920,.T.);
#173=ADVANCED_FACE('',(#925),#927,.T.);
#174=ADVANCED_FACE('',(#932),#934,.F.);
#175=ADVANCED_FACE('',(#939),#941,.F.);
#176=ADVANCED_FACE('',(#946),#948,.T.);
#177=ADVANCED_FACE('',(#953),#955,.T.);
#178=ADVANCED_FACE('',(#960),#962,.F.);
#179=ADVANCED_FACE('',(#967),#969,.T.);
#180=ADVANCED_FACE('',(#974),#976,.F.);
#181=ADVANCED_FACE('',(#981),#983,.F.);
#182=ADVANCED_FACE('',(#988),#990,.T.);
#183=ADVANCED_FACE('',(#995),#997,.T.);
#184=ADVANCED_FACE('',(#1002),#1004,.T.);
#185=ADVANCED_FACE('',(#1009),#1011,.T.);
#186=ADVANCED_FACE('',(#1016),#1018,.T.);
#187=ADVANCED_FACE('',(#1023),#1025,.T.);
#188=ADVANCED_FACE('',(#1030),#1032,.T.);
#189=ADVANCED_FACE('',(#1037,#1039),#1041,.T.);
#190=ADVANCED_FACE('',(#1046),#1048,.T.);
#191=ADVANCED_FACE('',(#1053),#1055,.T.);
#192=ADVANCED_FACE('',(#1060),#1062,.T.);
#193=ADVANCED_FACE('',(#1067,#1069),#1071,.T.);
#194=ADVANCED_FACE('',(#1076),#1078,.T.);
#195=ADVANCED_FACE('',(#1083),#1085,.T.);
#196=ADVANCED_FACE('',(#1090),#1092,.T.);
#197=ADVANCED_FACE('',(#1097),#1099,.F.);
#198=ADVANCED_FACE('',(#1104),#1106,.F.);
#199=ADVANCED_FACE('',(#1111),#1113,.F.);
#200=ADVANCED_FACE('',(#1118),#1120,.T.);
#201=ADVANCED_FACE('',(#1125),#1127,.F.);
#202=ADVANCED_FACE('',(#1132),#1134,.F.);
#203=ADVANCED_FACE('',(#1139),#1141,.T.);
#204=ADVANCED_FACE('',(#1146),#1148,.F.);
#205=ADVANCED_FACE('',(#1153),#1155,.F.);
#206=ADVANCED_FACE('',(#1160),#1162,.F.);
#207=ADVANCED_FACE('',(#1167),#1169,.T.);
#208=ADVANCED_FACE('',(#1174),#1176,.T.);
#209=ADVANCED_FACE('',(#1181),#1183,.T.);
#210=ADVANCED_FACE('',(#1188),#1190,.T.);
#211=ADVANCED_FACE('',(#1195),#1197,.F.);
#212=ADVANCED_FACE('',(#1202),#1204,.F.);
#213=FACE_BOUND('',#214,.T.);
#214=EDGE_LOOP('',(#1209,#1210,#1211,#1212));
#215=PLANE('',#216);
#216=AXIS2_PLACEMENT_3D('',#217,#218,#219);
#217=CARTESIAN_POINT('',(-4.47993690397409,5.69374173096699,-1.2));
#218=DIRECTION('',(-0.980318472012958,-0.197422626439267,0.));
#219=DIRECTION('',(-0.197422626439267,0.980318472012958,1.53134210293125E-16));
#220=FACE_BOUND('',#221,.T.);
#221=EDGE_LOOP('',(#1213,#1214,#1215,#1216));
#222=PLANE('',#223);
#223=AXIS2_PLACEMENT_3D('',#224,#225,#226);
#224=CARTESIAN_POINT('',(-5.62498813732184,11.3795888686421,-1.2));
#225=DIRECTION('',(-0.197422634008878,0.980318470488543,0.));
#226=DIRECTION('',(0.980318470488543,0.197422634008878,2.03854563452228E-16));
#227=FACE_BOUND('',#228,.T.);
#228=EDGE_LOOP('',(#1217,#1218,#1219,#1220));
#229=PLANE('',#230);
#230=AXIS2_PLACEMENT_3D('',#231,#232,#233);
#231=CARTESIAN_POINT('',(0.781768438368454,12.6698213764476,-1.2));
#232=DIRECTION('',(0.980318472012959,0.197422626439267,-6.16297582203915E-33));
#233=DIRECTION('',(0.197422626439267,-0.980318472012959,-1.53134210293125E-16));
#234=FACE_BOUND('',#235,.T.);
#235=EDGE_LOOP('',(#1221,#1222,#1223,#1224));
#236=PLANE('',#237);
#237=AXIS2_PLACEMENT_3D('',#238,#239,#240);
#238=CARTESIAN_POINT('',(1.9268196717162,6.98397423877248,-1.2));
#239=DIRECTION('',(0.197422634008877,-0.980318470488543,0.));
#240=DIRECTION('',(-0.980318470488543,-0.197422634008877,-2.03854563452228E-16));
#241=FACE_BOUND('',#242,.T.);
#242=EDGE_LOOP('',(#1225,#1226,#1227,#1228));
#243=PLANE('',#244);
#244=AXIS2_PLACEMENT_3D('',#245,#246,#247);
#245=CARTESIAN_POINT('',(2.42467695745938E-16,2.42467695745938E-16,-1.4));
#246=DIRECTION('',(1.73191211247099E-16,1.73191211247099E-16,-1.));
#247=DIRECTION('',(-1.,2.99951956532372E-32,-1.73191211247099E-16));
#248=FACE_BOUND('',#249,.T.);
#249=EDGE_LOOP('',(#1229,#1230,#1231,#1232));
#250=PLANE('',#251);
#251=AXIS2_PLACEMENT_3D('',#252,#253,#254);
#252=CARTESIAN_POINT('',(2.07829453496518E-16,2.07829453496518E-16,-1.2));
#253=DIRECTION('',(1.73191211247099E-16,1.73191211247099E-16,-1.));
#254=DIRECTION('',(-1.,2.99951956532372E-32,-1.73191211247099E-16));
#255=FACE_BOUND('',#256,.T.);
#256=EDGE_LOOP('',(#1233,#1234,#1235,#1236));
#257=PLANE('',#258);
#258=AXIS2_PLACEMENT_3D('',#259,#260,#261);
#259=CARTESIAN_POINT('',(12.6698213254059,0.781768473799021,-1.2));
#260=DIRECTION('',(0.980318473934218,-0.197422616899093,-6.16297582203915E-33));
#261=DIRECTION('',(-0.197422616899093,-0.980318473934218,-2.03854563452228E-16));
#262=FACE_BOUND('',#263,.T.);
#263=EDGE_LOOP('',(#1237,#1238,#1239,#1240));
#264=PLANE('',#265);
#265=AXIS2_PLACEMENT_3D('',#266,#267,#268);
#266=CARTESIAN_POINT('',(2.07829453496518E-16,2.07829453496518E-16,-1.2));
#267=DIRECTION('',(1.73191211247099E-16,1.73191211247099E-16,-1.));
#268=DIRECTION('',(-1.,2.99951956532372E-32,-1.73191211247099E-16));
#269=FACE_BOUND('',#270,.T.);
#270=EDGE_LOOP('',(#1241,#1242,#1243,#1244));
#271=PLANE('',#272);
#272=AXIS2_PLACEMENT_3D('',#273,#274,#275);
#273=CARTESIAN_POINT('',(11.3795889294194,-5.62498812441007,-1.2));
#274=DIRECTION('',(-0.197422624468704,-0.980318472409803,0.));
#275=DIRECTION('',(-0.980318472409803,0.197422624468704,-1.53134210293125E-16));
#276=FACE_BOUND('',#277,.T.);
#277=EDGE_LOOP('',(#1245,#1246,#1247,#1248));
#278=PLANE('',#279);
#279=AXIS2_PLACEMENT_3D('',#280,#281,#282);
#280=CARTESIAN_POINT('',(2.42467695745938E-16,2.42467695745938E-16,-1.4));
#281=DIRECTION('',(1.73191211247099E-16,1.73191211247099E-16,-1.));
#282=DIRECTION('',(-1.,2.99951956532372E-32,-1.73191211247099E-16));
#283=FACE_BOUND('',#284,.T.);
#284=EDGE_LOOP('',(#1249,#1250,#1251,#1252));
#285=PLANE('',#286);
#286=AXIS2_PLACEMENT_3D('',#287,#288,#289);
#287=CARTESIAN_POINT('',(6.98397418542903,1.9268196957175,-1.2));
#288=DIRECTION('',(0.197422624468704,0.980318472409803,0.));
#289=DIRECTION('',(0.980318472409803,-0.197422624468704,1.53134210293125E-16));
#290=FACE_BOUND('',#291,.T.);
#291=EDGE_LOOP('',(#1253,#1254,#1255,#1256));
#292=PLANE('',#293);
#293=AXIS2_PLACEMENT_3D('',#294,#295,#296);
#294=CARTESIAN_POINT('',(5.69374178944253,-4.47993690249159,-1.2));
#295=DIRECTION('',(-0.980318473934218,0.197422616899094,0.));
#296=DIRECTION('',(0.197422616899094,0.980318473934218,2.03854563452228E-16));
#297=FACE_BOUND('',#298,.T.);
#298=EDGE_LOOP('',(#1257,#1258,#1259,#1260,#1261,#1262));
#299=FACE_BOUND('',#300,.T.);
#300=EDGE_LOOP('',(#1263,#1264,#1265));
#301=PLANE('',#302);
#302=AXIS2_PLACEMENT_3D('',#303,#304,#305);
#303=CARTESIAN_POINT('',(-7.68527618304084,-8.79686274081312,-1.42728080208261E-15));
#304=DIRECTION('',(-0.719339800338651,0.694658370458997,-2.13730336808381E-18));
#305=DIRECTION('',(0.694658370458997,0.719339800338651,1.22446027950813E-16));
#306=FACE_BOUND('',#307,.T.);
#307=EDGE_LOOP('',(#1266,#1267,#1268,#1269,#1270,#1271));
#308=FACE_BOUND('',#309,.T.);
#309=EDGE_LOOP('',(#1272,#1273,#1274));
#310=PLANE('',#311);
#311=AXIS2_PLACEMENT_3D('',#312,#313,#314);
#312=CARTESIAN_POINT('',(-3.28145442634664,-2.3591079206224,-4.88447912493173E-16));
#313=DIRECTION('',(0.694658370458997,-0.719339800338651,-2.13730336808378E-18));
#314=DIRECTION('',(-0.719339800338651,-0.694658370458997,-1.22446027950813E-16));
#315=FACE_BOUND('',#316,.T.);
#316=EDGE_LOOP('',(#1275,#1276,#1277,#1278,#1279,#1280));
#317=CONICAL_SURFACE('',#318,4.19145188432504,0.785398163397449);
#318=AXIS2_PLACEMENT_3D('',#319,#320,#321);
#319=CARTESIAN_POINT('',(7.92349791455274E-16,7.92349791455274E-16,-9.14999999999766));
#320=DIRECTION('',(8.65956056235493E-17,8.65956056235493E-17,-1.));
#321=DIRECTION('',(0.703562446501193,0.710633438471098,1.22463149129507E-16));
#322=FACE_BOUND('',#323,.T.);
#323=EDGE_LOOP('',(#1281,#1282,#1283,#1284,#1285,#1286));
#324=CONICAL_SURFACE('',#325,4.09145188432738,0.785398163397449);
#325=AXIS2_PLACEMENT_3D('',#326,#327,#328);
#326=CARTESIAN_POINT('',(1.29893408435324E-17,1.29893408435324E-17,-0.15));
#327=DIRECTION('',(-8.65956056235493E-17,-8.65956056235493E-17,1.));
#328=DIRECTION('',(-0.65759332301174,-0.75337309583657,-1.2218349155466E-16));
#329=FACE_BOUND('',#330,.T.);
#330=EDGE_LOOP('',(#1287,#1288,#1289,#1290));
#331=PLANE('',#332);
#332=AXIS2_PLACEMENT_3D('',#333,#334,#335);
#333=CARTESIAN_POINT('',(-3.86670613994273,-4.84261770585246,0.799999999999999));
#334=DIRECTION('',(-0.508650050796837,0.491197644359553,0.707106781186549));
#335=DIRECTION('',(-0.694658370458997,-0.719339800338651,-1.20390977563421E-16));
#336=FACE_BOUND('',#337,.T.);
#337=EDGE_LOOP('',(#1291,#1292,#1293,#1294));
#338=PLANE('',#339);
#339=AXIS2_PLACEMENT_3D('',#340,#341,#342);
#340=CARTESIAN_POINT('',(-4.2785648762422,-5.55702122021518,-0.800000000000001));
#341=DIRECTION('',(0.0174524064372834,-0.999847695156391,0.));
#342=DIRECTION('',(0.,0.,1.));
#343=FACE_BOUND('',#344,.T.);
#344=EDGE_LOOP('',(#1295,#1296,#1297,#1298,#1299));
#345=PLANE('',#346);
#346=AXIS2_PLACEMENT_3D('',#347,#348,#349);
#347=CARTESIAN_POINT('',(-4.97815953267713,-5.9935613863943,-0.200000000000001));
#348=DIRECTION('',(0.508650050796837,-0.491197644359554,-0.707106781186548));
#349=DIRECTION('',(0.694658370458997,0.719339800338651,1.32476132871596E-16));
#350=FACE_BOUND('',#351,.T.);
#351=EDGE_LOOP('',(#1300,#1301,#1302,#1303));
#352=CYLINDRICAL_SURFACE('',#353,3.94145188432738);
#353=AXIS2_PLACEMENT_3D('',#354,#355,#356);
#354=CARTESIAN_POINT('',(1.19461621399079E-15,1.19461621399079E-15,-13.7953445257263));
#355=DIRECTION('',(8.65956056235493E-17,8.65956056235493E-17,-1.));
#356=DIRECTION('',(-0.814101497512545,-0.580722611707028,-1.20785638476197E-16));
#357=FACE_BOUND('',#358,.T.);
#358=EDGE_LOOP('',(#1304,#1305,#1306,#1307,#1308));
#359=PLANE('',#360);
#360=AXIS2_PLACEMENT_3D('',#361,#362,#363);
#361=CARTESIAN_POINT('',(-8.79672957577524,-9.94780642135496,-9.));
#362=DIRECTION('',(-0.508650050796837,0.491197644359554,-0.707106781186548));
#363=DIRECTION('',(0.694658370458997,0.719339800338651,8.17292962889944E-17));
#364=FACE_BOUND('',#365,.T.);
#365=EDGE_LOOP('',(#1309,#1310,#1311,#1312));
#366=CYLINDRICAL_SURFACE('',#367,0.800000000000001);
#367=AXIS2_PLACEMENT_3D('',#368,#369,#370);
#368=CARTESIAN_POINT('',(-7.10980434276992,-9.35258943718032,-1.42557095938814E-15));
#369=DIRECTION('',(8.65956056235493E-17,8.65956056235493E-17,-1.));
#370=DIRECTION('',(-0.694658370458997,-0.719339800338652,-1.22446027950813E-16));
#371=FACE_BOUND('',#372,.T.);
#372=EDGE_LOOP('',(#1313,#1314,#1315,#1316));
#373=CYLINDRICAL_SURFACE('',#374,1.55);
#374=AXIS2_PLACEMENT_3D('',#375,#376,#377);
#375=CARTESIAN_POINT('',(-7.15171453040234,-5.18312667836841,-5.39993602423011));
#376=DIRECTION('',(0.719339800338652,-0.694658370458997,2.13730336808384E-18));
#377=DIRECTION('',(-0.293575313027008,-0.304006136020023,0.90630778703665));
#378=FACE_BOUND('',#379,.T.);
#379=EDGE_LOOP('',(#1317,#1318,#1319,#1320));
#380=PLANE('',#381);
#381=AXIS2_PLACEMENT_3D('',#382,#383,#384);
#382=CARTESIAN_POINT('',(-6.69667279521048,-4.71191716753738,-3.9951589543233));
#383=DIRECTION('',(0.293575313027008,0.304006136020022,0.90630778703665));
#384=DIRECTION('',(-0.629574290477179,-0.651943262572309,0.422618261740699));
#385=FACE_BOUND('',#386,.T.);
#386=EDGE_LOOP('',(#1321,#1322,#1323,#1324));
#387=PLANE('',#388);
#388=AXIS2_PLACEMENT_3D('',#389,#390,#391);
#389=CARTESIAN_POINT('',(-7.15171453040234,-5.18312667836842,-3.68970024983825));
#390=DIRECTION('',(-0.293575313027008,-0.304006136020022,0.90630778703665));
#391=DIRECTION('',(-0.629574290477179,-0.651943262572309,-0.422618261740699));
#392=FACE_BOUND('',#393,.T.);
#393=EDGE_LOOP('',(#1325,#1326,#1327,#1328));
#394=PLANE('',#395);
#395=AXIS2_PLACEMENT_3D('',#396,#397,#398);
#396=CARTESIAN_POINT('',(-9.37233476330324,-8.24100269071451,0.799999999999998));
#397=DIRECTION('',(0.491197644359557,-0.508650050796841,0.707106781186543));
#398=DIRECTION('',(0.719339800338651,0.694658370458997,1.15235538753633E-16));
#399=FACE_BOUND('',#400,.T.);
#400=EDGE_LOOP('',(#1329,#1330,#1331,#1332));
#401=CYLINDRICAL_SURFACE('',#402,0.8);
#402=AXIS2_PLACEMENT_3D('',#403,#404,#405);
#403=CARTESIAN_POINT('',(-9.35258961939951,-7.10980415407639,-1.42557095882749E-15));
#404=DIRECTION('',(8.65956056235493E-17,8.65956056235493E-17,-1.));
#405=DIRECTION('',(0.694658370458996,-0.719339800338653,-2.13730336808409E-18));
#406=FACE_BOUND('',#407,.T.);
#407=EDGE_LOOP('',(#1333,#1334,#1335,#1336,#1337));
#408=PLANE('',#409);
#409=AXIS2_PLACEMENT_3D('',#410,#411,#412);
#410=CARTESIAN_POINT('',(-2.1305107458048,-1.247654527888,-9.));
#411=DIRECTION('',(0.491197644359555,-0.508650050796838,-0.707106781186546));
#412=DIRECTION('',(-0.719339800338651,-0.694658370458997,-1.10624965713849E-16));
#413=FACE_BOUND('',#414,.T.);
#414=EDGE_LOOP('',(#1338,#1339,#1340,#1341,#1342));
#415=PLANE('',#416);
#416=AXIS2_PLACEMENT_3D('',#417,#418,#419);
#417=CARTESIAN_POINT('',(-2.70598258607572,-1.8033812242552,-0.2));
#418=DIRECTION('',(-0.491197644359553,0.508650050796837,-0.707106781186548));
#419=DIRECTION('',(-0.719339800338651,-0.694658370458997,-1.29439597709695E-16));
#420=FACE_BOUND('',#421,.T.);
#421=EDGE_LOOP('',(#1343,#1344,#1345,#1346));
#422=PLANE('',#423);
#423=AXIS2_PLACEMENT_3D('',#424,#425,#426);
#424=CARTESIAN_POINT('',(-5.56195769170397,-4.56136432488886,-0.800000000000001));
#425=DIRECTION('',(-0.999847695156391,0.0174524064372866,0.));
#426=DIRECTION('',(0.,0.,1.));
#427=FACE_BOUND('',#428,.T.);
#428=EDGE_LOOP('',(#1347,#1348,#1349,#1350));
#429=CYLINDRICAL_SURFACE('',#430,1.55);
#430=AXIS2_PLACEMENT_3D('',#431,#432,#433);
#431=CARTESIAN_POINT('',(-5.10228355753819,-7.23543003268347,-5.39993602423011));
#432=DIRECTION('',(-0.694658370458998,0.719339800338651,2.13730336808375E-18));
#433=DIRECTION('',(0.304006136020022,0.293575313027008,0.90630778703665));
#434=FACE_BOUND('',#435,.T.);
#435=EDGE_LOOP('',(#1351,#1352,#1353,#1354));
#436=PLANE('',#437);
#437=AXIS2_PLACEMENT_3D('',#438,#439,#440);
#438=CARTESIAN_POINT('',(-5.57349306836922,-7.69047176787534,-3.9951589543233));
#439=DIRECTION('',(-0.304006136020022,-0.293575313027008,0.90630778703665));
#440=DIRECTION('',(0.651943262572309,0.629574290477179,0.422618261740699));
#441=FACE_BOUND('',#442,.T.);
#442=EDGE_LOOP('',(#1355,#1356,#1357,#1358));
#443=PLANE('',#444);
#444=AXIS2_PLACEMENT_3D('',#445,#446,#447);
#445=CARTESIAN_POINT('',(-5.10228355753819,-7.23543003268347,-3.68970024983825));
#446=DIRECTION('',(0.304006136020022,0.293575313027008,0.90630778703665));
#447=DIRECTION('',(0.651943262572309,0.62957429047718,-0.422618261740699));
#448=FACE_BOUND('',#449,.T.);
#449=EDGE_LOOP('',(#1359,#1360,#1361,#1362,#1363,#1364,#1365,#1366,#1367,#1368,#1369,
#1370,#1371,#1372,#1373,#1374,#1375,#1376));
#450=PLANE('',#451);
#451=AXIS2_PLACEMENT_3D('',#452,#453,#454);
#452=CARTESIAN_POINT('',(-5.83126048479365,4.29941050854975,-9.4));
#453=DIRECTION('',(8.65956056235493E-17,8.65956056235493E-17,-1.));
#454=DIRECTION('',(0.593439855738257,0.804878337154974,1.21088210768016E-16));
#455=FACE_BOUND('',#456,.T.);
#456=EDGE_LOOP('',(#1377,#1378,#1379,#1380,#1381,#1382,#1383,#1384,#1385,#1386,#1387,
#1388,#1389,#1390,#1391,#1392,#1393,#1394,#1395,#1396,#1397,#1398,#1399,#1400));
#457=PLANE('',#458);
#458=AXIS2_PLACEMENT_3D('',#459,#460,#461);
#459=CARTESIAN_POINT('',(0.,0.,0.));
#460=DIRECTION('',(8.65956056235493E-17,8.65956056235493E-17,-1.));
#461=DIRECTION('',(0.707106781186547,0.707106781186548,1.22464679914735E-16));
#462=FACE_BOUND('',#463,.T.);
#463=EDGE_LOOP('',(#1401,#1402,#1403,#1404));
#464=CONICAL_SURFACE('',#465,0.700000000000002,0.785398163397447);
#465=AXIS2_PLACEMENT_3D('',#466,#467,#468);
#466=CARTESIAN_POINT('',(-7.10980434276992,-9.35258943718032,0.899999999999998));
#467=DIRECTION('',(8.65956056235493E-17,8.65956056235493E-17,-1.));
#468=DIRECTION('',(0.0174524064372873,-0.999847695156391,-8.50711149883524E-17));
#469=FACE_BOUND('',#470,.T.);
#470=EDGE_LOOP('',(#1405,#1406,#1407,#1408,#1409,#1410));
#471=PLANE('',#472);
#472=AXIS2_PLACEMENT_3D('',#473,#474,#475);
#473=CARTESIAN_POINT('',(-8.65956056235493E-17,-8.65956056235493E-17,1.));
#474=DIRECTION('',(-8.65956056235493E-17,-8.65956056235493E-17,1.));
#475=DIRECTION('',(0.707106781186548,-0.707106781186548,7.49879891330929E-33));
#476=FACE_BOUND('',#477,.T.);
#477=EDGE_LOOP('',(#1411,#1412,#1413,#1414));
#478=PLANE('',#479);
#479=AXIS2_PLACEMENT_3D('',#480,#481,#482);
#480=CARTESIAN_POINT('',(-1.4012056748876,-8.33565470205117,-8.43169321212953E-16));
#481=DIRECTION('',(0.694658370458997,0.719339800338652,1.22446027950813E-16));
#482=DIRECTION('',(-0.719339800338652,0.694658370458997,-2.13730336808382E-18));
#483=FACE_BOUND('',#484,.T.);
#484=EDGE_LOOP('',(#1415,#1416,#1417,#1418));
#485=CONICAL_SURFACE('',#486,0.599999999999999,0.785398163397453);
#486=AXIS2_PLACEMENT_3D('',#487,#488,#489);
#487=CARTESIAN_POINT('',(-7.10980434276992,-9.35258943718032,-9.2));
#488=DIRECTION('',(-8.65956056235494E-17,-8.65956056235493E-17,1.));
#489=DIRECTION('',(-0.0174524064372861,0.999847695156391,8.50711149883525E-17));
#490=FACE_BOUND('',#491,.T.);
#491=EDGE_LOOP('',(#1419,#1420,#1421,#1422,#1423,#1424));
#492=PLANE('',#493);
#493=AXIS2_PLACEMENT_3D('',#494,#495,#496);
#494=CARTESIAN_POINT('',(-5.79524755825663,-11.7341730406446,-1.51797079299178E-15));
#495=DIRECTION('',(-0.694658370458997,-0.719339800338652,-1.22446027950813E-16));
#496=DIRECTION('',(-0.719339800338652,0.694658370458997,-2.13730336808386E-18));
#497=FACE_BOUND('',#498,.T.);
#498=EDGE_LOOP('',(#1425,#1426,#1427,#1428,#1429,#1430,#1431,#1432));
#499=FACE_BOUND('',#500,.T.);
#500=EDGE_LOOP('',(#1433,#1434,#1435));
#501=PLANE('',#502);
#502=AXIS2_PLACEMENT_3D('',#503,#504,#505);
#503=CARTESIAN_POINT('',(0.0181529663256632,-6.86586580293425,-5.92981840222273E-16));
#504=DIRECTION('',(0.719339800338651,-0.694658370458997,2.13730336808384E-18));
#505=DIRECTION('',(-0.694658370458997,-0.719339800338651,-1.22446027950813E-16));
#506=FACE_BOUND('',#507,.T.);
#507=EDGE_LOOP('',(#1436,#1437,#1438,#1439,#1440,#1441));
#508=PLANE('',#509);
#509=AXIS2_PLACEMENT_3D('',#510,#511,#512);
#510=CARTESIAN_POINT('',(-8.65956056235493E-17,-8.65956056235493E-17,1.));
#511=DIRECTION('',(-8.65956056235493E-17,-8.65956056235493E-17,1.));
#512=DIRECTION('',(0.707106781186548,-0.707106781186548,7.49879891330929E-33));
#513=FACE_BOUND('',#514,.T.);
#514=EDGE_LOOP('',(#1442,#1443,#1444,#1445));
#515=CONICAL_SURFACE('',#516,0.700000000000001,0.785398163397451);
#516=AXIS2_PLACEMENT_3D('',#517,#518,#519);
#517=CARTESIAN_POINT('',(-9.35258961939951,-7.10980415407639,0.899999999999999));
#518=DIRECTION('',(8.65956056235493E-17,8.65956056235493E-17,-1.));
#519=DIRECTION('',(0.999847695156391,-0.0174524064372822,8.50711149883528E-17));
#520=FACE_BOUND('',#521,.T.);
#521=EDGE_LOOP('',(#1446,#1447,#1448,#1449));
#522=PLANE('',#523);
#523=AXIS2_PLACEMENT_3D('',#524,#525,#526);
#524=CARTESIAN_POINT('',(-9.92806145967043,-7.66553085044359,-1.52352778118814E-15));
#525=DIRECTION('',(-0.719339800338651,-0.694658370458998,-1.22446027950813E-16));
#526=DIRECTION('',(-0.694658370458998,0.719339800338651,2.13730336808369E-18));
#527=FACE_BOUND('',#528,.T.);
#528=EDGE_LOOP('',(#1450,#1451,#1452,#1453));
#529=CONICAL_SURFACE('',#530,0.6,0.785398163397449);
#530=AXIS2_PLACEMENT_3D('',#531,#532,#533);
#531=CARTESIAN_POINT('',(-9.35258961939951,-7.10980415407639,-9.2));
#532=DIRECTION('',(-8.65956056235494E-17,-8.65956056235494E-17,1.));
#533=DIRECTION('',(-0.999847695156391,0.0174524064372846,-8.50711149883527E-17));
#534=FACE_BOUND('',#535,.T.);
#535=EDGE_LOOP('',(#1454,#1455,#1456,#1457));
#536=PLANE('',#537);
#537=AXIS2_PLACEMENT_3D('',#538,#539,#540);
#538=CARTESIAN_POINT('',(-5.41808973163624,-4.42243265079706,-8.52145995358904E-16));
#539=DIRECTION('',(0.71933980033865,0.694658370458998,1.22446027950813E-16));
#540=DIRECTION('',(-0.694658370458998,0.71933980033865,2.13730336808366E-18));
#541=FACE_BOUND('',#542,.T.);
#542=EDGE_LOOP('',(#1458,#1459,#1460,#1461,#1462,#1463));
#543=FACE_BOUND('',#544,.T.);
#544=EDGE_LOOP('',(#1464,#1465,#1466));
#545=PLANE('',#546);
#546=AXIS2_PLACEMENT_3D('',#547,#548,#549);
#547=CARTESIAN_POINT('',(-11.7144280789601,-4.66404883292498,-1.41830412737601E-15));
#548=DIRECTION('',(-0.694658370458997,0.719339800338651,2.13730336808375E-18));
#549=DIRECTION('',(0.719339800338651,0.694658370458997,1.22446027950813E-16));
#550=FACE_BOUND('',#551,.T.);
#551=EDGE_LOOP('',(#1467,#1468,#1469,#1470));
#552=PLANE('',#553);
#553=AXIS2_PLACEMENT_3D('',#554,#555,#556);
#554=CARTESIAN_POINT('',(-12.8653717595019,-5.77550222565938,-9.));
#555=DIRECTION('',(-0.491197644359556,0.508650050796839,-0.707106781186545));
#556=DIRECTION('',(0.719339800338651,0.694658370458997,1.60880420989555E-16));
#557=FACE_BOUND('',#558,.T.);
#558=EDGE_LOOP('',(#1471,#1472,#1473,#1474,#1475,#1476,#1477,#1478));
#559=CONICAL_SURFACE('',#560,10.5694073417071,0.785398163397449);
#560=AXIS2_PLACEMENT_3D('',#561,#562,#563);
#561=CARTESIAN_POINT('',(4.91472446372199E-16,4.91472446372199E-16,-5.67548945276439));
#562=DIRECTION('',(-8.65956056235494E-17,-8.65956056235494E-17,1.));
#563=DIRECTION('',(0.986607586210409,0.163111835352531,9.95606496073996E-17));
#564=FACE_BOUND('',#565,.T.);
#565=EDGE_LOOP('',(#1479,#1480,#1481,#1482));
#566=PLANE('',#567);
#567=AXIS2_PLACEMENT_3D('',#568,#569,#570);
#568=CARTESIAN_POINT('',(-6.04844645675576,5.37786551655279,-9.));
#569=DIRECTION('',(-0.139598883267387,0.693189838204875,-0.707106781186546));
#570=DIRECTION('',(0.980318470488543,0.197422634008877,-1.87998141659923E-16));
#571=FACE_BOUND('',#572,.T.);
#572=EDGE_LOOP('',(#1483,#1484,#1485,#1486,#1487,#1488,#1489,#1490,#1491));
#573=CONICAL_SURFACE('',#574,10.5694078110888,0.785398163397448);
#574=AXIS2_PLACEMENT_3D('',#575,#576,#577);
#575=CARTESIAN_POINT('',(4.91472405725812E-16,4.91472405725812E-16,-5.67548898338275));
#576=DIRECTION('',(-8.65956056235494E-17,-8.65956056235494E-17,1.));
#577=DIRECTION('',(-0.151731207767965,-0.988421792854283,-9.87322395923906E-17));
#578=FACE_BOUND('',#579,.T.);
#579=EDGE_LOOP('',(#1492,#1493,#1494,#1495));
#580=PLANE('',#581);
#581=AXIS2_PLACEMENT_3D('',#582,#583,#584);
#582=CARTESIAN_POINT('',(7.29985037246758,3.49532925401225,-9.));
#583=DIRECTION('',(0.693189840641331,-0.139598871168943,-0.70710678118655));
#584=DIRECTION('',(-0.197422616899094,-0.980318473934218,1.71870450806439E-16));
#585=FACE_BOUND('',#586,.T.);
#586=EDGE_LOOP('',(#1496,#1497,#1498,#1499,#1500,#1501,#1502,#1503));
#587=CONICAL_SURFACE('',#588,10.5694077923003,0.785398163397447);
#588=AXIS2_PLACEMENT_3D('',#589,#590,#591);
#589=CARTESIAN_POINT('',(4.91472407352808E-16,4.91472407352808E-16,-5.6754890021712));
#590=DIRECTION('',(-8.65956056235493E-17,-8.65956056235493E-17,1.));
#591=DIRECTION('',(-0.852641726062527,0.522496016230856,-2.85891676868901E-17));
#592=FACE_BOUND('',#593,.T.);
#593=EDGE_LOOP('',(#1504,#1505,#1506,#1507));
#594=PLANE('',#595);
#595=AXIS2_PLACEMENT_3D('',#596,#597,#598);
#596=CARTESIAN_POINT('',(2.4151799160197,-9.2781639682806,-9.));
#597=DIRECTION('',(-0.491197644359557,-0.508650050796841,0.707106781186543));
#598=DIRECTION('',(-0.719339800338652,0.694658370458997,-3.46130059462117E-17));
#599=FACE_BOUND('',#600,.T.);
#600=EDGE_LOOP('',(#1508,#1509,#1510,#1511));
#601=CONICAL_SURFACE('',#602,0.600000000000002,0.785398163397445);
#602=AXIS2_PLACEMENT_3D('',#603,#604,#605);
#603=CARTESIAN_POINT('',(0.70850953911066,-8.74218241581712,-9.2));
#604=DIRECTION('',(-8.65956056235494E-17,-8.65956056235494E-17,1.));
#605=DIRECTION('',(0.017452406437286,-0.999847695156391,-8.50711149883525E-17));
#606=FACE_BOUND('',#607,.T.);
#607=EDGE_LOOP('',(#1512,#1513,#1514,#1515));
#608=PLANE('',#609);
#609=AXIS2_PLACEMENT_3D('',#610,#611,#612);
#610=CARTESIAN_POINT('',(-3.90521893347241,-14.6714833404761,-9.));
#611=DIRECTION('',(-0.508650050796839,0.491197644359554,0.707106781186546));
#612=DIRECTION('',(0.694658370458997,0.719339800338652,5.7073860574792E-16));
#613=FACE_BOUND('',#614,.T.);
#614=EDGE_LOOP('',(#1516,#1517,#1518,#1519));
#615=CONICAL_SURFACE('',#616,0.600000000000002,0.785398163397442);
#616=AXIS2_PLACEMENT_3D('',#617,#618,#619);
#617=CARTESIAN_POINT('',(-3.36923738100894,-12.9648129635671,-9.2));
#618=DIRECTION('',(-8.65956056235494E-17,-8.65956056235494E-17,1.));
#619=DIRECTION('',(-0.999847695156391,-0.017452406437289,-8.8093718398403E-17));
#620=FACE_BOUND('',#621,.T.);
#621=EDGE_LOOP('',(#1520,#1521,#1522,#1523));
#622=PLANE('',#623);
#623=AXIS2_PLACEMENT_3D('',#624,#625,#626);
#624=CARTESIAN_POINT('',(-8.81647471967896,-8.81660788471684,-9.));
#625=DIRECTION('',(0.491197644359553,0.508650050796837,0.707106781186549));
#626=DIRECTION('',(0.719339800338651,-0.694658370458997,-3.73831537781852E-17));
#627=FACE_BOUND('',#628,.T.);
#628=EDGE_LOOP('',(#1524,#1525,#1526,#1527));
#629=PLANE('',#630);
#630=AXIS2_PLACEMENT_3D('',#631,#632,#633);
#631=CARTESIAN_POINT('',(-8.81660806693603,-8.81647453098543,-9.));
#632=DIRECTION('',(-0.508650050796836,-0.491197644359553,-0.707106781186549));
#633=DIRECTION('',(-0.694658370458998,0.719339800338651,5.41411192649578E-17));
#634=FACE_BOUND('',#635,.T.);
#635=EDGE_LOOP('',(#1528,#1529,#1530,#1531));
#636=CONICAL_SURFACE('',#637,0.6,0.78539816339745);
#637=AXIS2_PLACEMENT_3D('',#638,#639,#640);
#638=CARTESIAN_POINT('',(-11.1587013825929,-5.2395206731959,-9.2));
#639=DIRECTION('',(-8.65956056235494E-17,-8.65956056235494E-17,1.));
#640=DIRECTION('',(0.0174524064372801,0.999847695156391,8.80937183984023E-17));
#641=FACE_BOUND('',#642,.T.);
#642=EDGE_LOOP('',(#1532,#1533,#1534,#1535));
#643=PLANE('',#644);
#644=AXIS2_PLACEMENT_3D('',#645,#646,#647);
#645=CARTESIAN_POINT('',(2.34741318413519,12.9999230283719,-0.199999999999999));
#646=DIRECTION('',(-0.693189839282795,-0.139598877914864,-0.70710678118655));
#647=DIRECTION('',(0.197422626439267,-0.980318472012958,-7.48833535730436E-17));
#648=FACE_BOUND('',#649,.T.);
#649=EDGE_LOOP('',(#1536,#1537,#1538,#1539,#1540,#1541));
#650=PLANE('',#651);
#651=AXIS2_PLACEMENT_3D('',#652,#653,#654);
#652=CARTESIAN_POINT('',(-0.717713382904348,8.05041070380884,6.34979365357902E-16));
#653=DIRECTION('',(0.707106781186548,-0.707106781186548,0.));
#654=DIRECTION('',(0.707106781186548,0.707106781186548,1.22464679914735E-16));
#655=FACE_BOUND('',#656,.T.);
#656=EDGE_LOOP('',(#1542,#1543,#1544,#1545,#1546));
#657=FACE_OUTER_BOUND('',#658,.T.);
#658=EDGE_LOOP('',(#1547));
#659=CYLINDRICAL_SURFACE('',#660,1.6);
#660=AXIS2_PLACEMENT_3D('',#661,#662,#663);
#661=CARTESIAN_POINT('',(-1.84908423280282,9.18178155370732,1.));
#662=DIRECTION('',(8.65956056235493E-17,8.65956056235493E-17,-1.));
#663=DIRECTION('',(-0.707106781186548,0.707106781186548,-7.49879891330929E-33));
#664=FACE_BOUND('',#665,.T.);
#665=EDGE_LOOP('',(#1548,#1549,#1550,#1551,#1552,#1553));
#666=PLANE('',#667);
#667=AXIS2_PLACEMENT_3D('',#668,#669,#670);
#668=CARTESIAN_POINT('',(-7.04564981731679,12.1156054384243,4.39035877494326E-16));
#669=DIRECTION('',(-0.707106781186547,-0.707106781186548,-1.22464679914735E-16));
#670=DIRECTION('',(0.707106781186548,-0.707106781186547,8.51387422485639E-32));
#671=FACE_BOUND('',#672,.T.);
#672=EDGE_LOOP('',(#1554,#1555,#1556,#1557));
#673=CONICAL_SURFACE('',#674,1.5,0.78539816339745);
#674=AXIS2_PLACEMENT_3D('',#675,#676,#677);
#675=CARTESIAN_POINT('',(-5.62498813732184,11.3795888686422,-0.0999999999999995));
#676=DIRECTION('',(8.65956056235494E-17,8.65956056235494E-17,-1.));
#677=DIRECTION('',(-0.8849347747232,-0.465714982028279,-1.16960333671194E-16));
#678=FACE_BOUND('',#679,.T.);
#679=EDGE_LOOP('',(#1558,#1559,#1560,#1561));
#680=PLANE('',#681);
#681=AXIS2_PLACEMENT_3D('',#682,#683,#684);
#682=CARTESIAN_POINT('',(-5.67332238364224,3.51515573093938,-0.2));
#683=DIRECTION('',(0.693189839282796,0.139598877914864,-0.707106781186549));
#684=DIRECTION('',(-0.197422626439267,0.980318472012958,8.97002001557251E-17));
#685=FACE_BOUND('',#686,.T.);
#686=EDGE_LOOP('',(#1562,#1563,#1564,#1565));
#687=CONICAL_SURFACE('',#688,7.14489679447153,0.78539816339745);
#688=AXIS2_PLACEMENT_3D('',#689,#690,#691);
#689=CARTESIAN_POINT('',(8.65956056235466E-18,8.65956056235466E-18,-0.1));
#690=DIRECTION('',(8.65956056235493E-17,8.65956056235493E-17,-1.));
#691=DIRECTION('',(-0.994623083860683,-0.103561194718217,-9.50979326898005E-17));
#692=FACE_BOUND('',#693,.T.);
#693=EDGE_LOOP('',(#1566,#1567,#1568,#1569));
#694=PLANE('',#695);
#695=AXIS2_PLACEMENT_3D('',#696,#697,#698);
#696=CARTESIAN_POINT('',(-8.91112672783495,-1.95693218574192,-0.200000000000001));
#697=DIRECTION('',(0.491197644359555,-0.508650050796838,-0.707106781186546));
#698=DIRECTION('',(0.719339800338651,0.694658370458998,1.62531537377615E-16));
#699=FACE_BOUND('',#700,.T.);
#700=EDGE_LOOP('',(#1570,#1571,#1572,#1573));
#701=PLANE('',#702);
#702=AXIS2_PLACEMENT_3D('',#703,#704,#705);
#703=CARTESIAN_POINT('',(0.525151291235483,-6.34085366844909,-0.200000000000001));
#704=DIRECTION('',(-0.508650050796839,0.491197644359556,-0.707106781186545));
#705=DIRECTION('',(-0.694658370458997,-0.719339800338651,-1.53911427091523E-16));
#706=FACE_BOUND('',#707,.T.);
#707=EDGE_LOOP('',(#1574,#1575,#1576,#1577,#1578,#1579));
#708=PLANE('',#709);
#709=AXIS2_PLACEMENT_3D('',#710,#711,#712);
#710=CARTESIAN_POINT('',(-1.30564190183756,-6.79713897853193,-2.13224452423011));
#711=DIRECTION('',(-0.694658370458997,-0.719339800338652,5.05573736442561E-17));
#712=DIRECTION('',(6.79515201863552E-17,-1.3590304037271E-16,-1.));
#713=FACE_BOUND('',#714,.T.);
#714=EDGE_LOOP('',(#1580,#1581,#1582,#1583,#1584,#1585));
#715=PLANE('',#716);
#716=AXIS2_PLACEMENT_3D('',#717,#718,#719);
#717=CARTESIAN_POINT('',(6.53798789822457,-3.85722609306914,-1.33224452423011));
#718=DIRECTION('',(0.328034437894272,-0.316779174424647,0.889968742263586));
#719=DIRECTION('',(-0.640189937367528,0.618224236260265,0.456021532160239));
#720=FACE_BOUND('',#721,.T.);
#721=EDGE_LOOP('',(#1586,#1587,#1588,#1589));
#722=CONICAL_SURFACE('',#723,7.14489679447153,0.785398163397451);
#723=AXIS2_PLACEMENT_3D('',#724,#725,#726);
#724=CARTESIAN_POINT('',(8.65956056235466E-18,8.65956056235466E-18,-0.1));
#725=DIRECTION('',(8.65956056235493E-17,8.65956056235493E-17,-1.));
#726=DIRECTION('',(0.638158928315663,-0.769904657870704,-1.14086012391351E-17));
#727=FACE_BOUND('',#728,.T.);
#728=EDGE_LOOP('',(#1590,#1591,#1592,#1593));
#729=PLANE('',#730);
#730=AXIS2_PLACEMENT_3D('',#731,#732,#733);
#731=CARTESIAN_POINT('',(11.8479674522878,-7.35143576858131,-0.2));
#732=DIRECTION('',(0.139598876521466,0.693189839563409,-0.707106781186547));
#733=DIRECTION('',(-0.980318472409803,0.197422624468704,-7.12287563209126E-17));
#734=FACE_BOUND('',#735,.T.);
#735=EDGE_LOOP('',(#1594,#1595,#1596,#1597));
#736=CONICAL_SURFACE('',#737,1.5,0.785398163397447);
#737=AXIS2_PLACEMENT_3D('',#738,#739,#740);
#738=CARTESIAN_POINT('',(11.3795888735099,-5.62498811315067,-0.0999999999999995));
#739=DIRECTION('',(8.65956056235493E-17,8.65956056235493E-17,-1.));
#740=DIRECTION('',(0.867142170537471,-0.498060695172349,3.19608338836759E-17));
#741=FACE_BOUND('',#742,.T.);
#742=EDGE_LOOP('',(#1598,#1599,#1600,#1601,#1602,#1603));
#743=PLANE('',#744);
#744=AXIS2_PLACEMENT_3D('',#745,#746,#747);
#745=CARTESIAN_POINT('',(8.05041070380885,-2.9804550827013,4.39035877494326E-16));
#746=DIRECTION('',(-0.707106781186548,-0.707106781186547,-1.22464679914735E-16));
#747=DIRECTION('',(0.707106781186547,-0.707106781186548,-8.51387422485639E-32));
#748=FACE_BOUND('',#749,.T.);
#749=EDGE_LOOP('',(#1604,#1605,#1606,#1607));
#750=FACE_OUTER_BOUND('',#751,.T.);
#751=EDGE_LOOP('',(#1608));
#752=CYLINDRICAL_SURFACE('',#753,1.6);
#753=AXIS2_PLACEMENT_3D('',#754,#755,#756);
#754=CARTESIAN_POINT('',(9.18178155370732,-1.84908423280283,1.));
#755=DIRECTION('',(8.65956056235493E-17,8.65956056235493E-17,-1.));
#756=DIRECTION('',(-0.707106781186548,0.707106781186548,-7.49879891330929E-33));
#757=FACE_BOUND('',#758,.T.);
#758=EDGE_LOOP('',(#1609,#1610,#1611,#1612,#1613,#1614));
#759=PLANE('',#760);
#760=AXIS2_PLACEMENT_3D('',#761,#762,#763);
#761=CARTESIAN_POINT('',(11.4314134731512,2.66328938643802,1.2205393302101E-15));
#762=DIRECTION('',(-0.707106781186548,0.707106781186547,-4.54967673218792E-32));
#763=DIRECTION('',(-0.707106781186547,-0.707106781186548,-1.22464679914735E-16));
#764=FACE_BOUND('',#765,.T.);
#765=EDGE_LOOP('',(#1615,#1616,#1617,#1618));
#766=PLANE('',#767);
#767=AXIS2_PLACEMENT_3D('',#768,#769,#770);
#768=CARTESIAN_POINT('',(5.43714058610012,3.8704533233815,-0.199999999999999));
#769=DIRECTION('',(-0.139598876521466,-0.693189839563408,-0.707106781186548));
#770=DIRECTION('',(0.980318472409803,-0.197422624468704,5.45311795077576E-17));
#771=FACE_BOUND('',#772,.T.);
#772=EDGE_LOOP('',(#1619,#1620,#1621,#1622));
#773=CONICAL_SURFACE('',#774,7.14489679447154,0.785398163397451);
#774=AXIS2_PLACEMENT_3D('',#775,#776,#777);
#775=CARTESIAN_POINT('',(8.65956056235466E-18,8.65956056235466E-18,-0.1));
#776=DIRECTION('',(8.65956056235493E-17,8.65956056235494E-17,-1.));
#777=DIRECTION('',(0.46287473418786,0.88642370255455,1.16843315296617E-16));
#778=FACE_BOUND('',#779,.T.);
#779=EDGE_LOOP('',(#1623,#1624,#1625,#1626));
#780=PLANE('',#781);
#781=AXIS2_PLACEMENT_3D('',#782,#783,#784);
#782=CARTESIAN_POINT('',(-8.24100287940804,-9.37233458108404,0.799999999999998));
#783=DIRECTION('',(-0.491197644359554,-0.508650050796838,0.707106781186547));
#784=DIRECTION('',(0.719339800338651,-0.694658370458997,-3.73831537781851E-17));
#785=FACE_BOUND('',#786,.T.);
#786=EDGE_LOOP('',(#1627,#1628,#1629,#1630));
#787=PLANE('',#788);
#788=AXIS2_PLACEMENT_3D('',#789,#790,#791);
#789=CARTESIAN_POINT('',(-5.21977571798571,-12.2898997370118,0.799999999999998));
#790=DIRECTION('',(0.508650050796835,-0.491197644359552,0.707106781186551));
#791=DIRECTION('',(0.694658370458997,0.719339800338652,1.79073978491207E-16));
#792=FACE_BOUND('',#793,.T.);
#793=EDGE_LOOP('',(#1631,#1632,#1633,#1634));
#794=CONICAL_SURFACE('',#795,0.700000000000002,0.785398163397447);
#795=AXIS2_PLACEMENT_3D('',#796,#797,#798);
#796=CARTESIAN_POINT('',(-5.23952086188943,-11.1587012003737,0.899999999999999));
#797=DIRECTION('',(8.65956056235494E-17,8.65956056235494E-17,-1.));
#798=DIRECTION('',(0.999847695156391,0.017452406437286,8.80937183984028E-17));
#799=FACE_BOUND('',#800,.T.);
#800=EDGE_LOOP('',(#1635,#1636,#1637,#1638));
#801=PLANE('',#802);
#802=AXIS2_PLACEMENT_3D('',#803,#804,#805);
#803=CARTESIAN_POINT('',(-1.54013734897939,-8.4795226621189,-0.800000000000001));
#804=DIRECTION('',(-0.999847695156391,-0.0174524064372843,-8.53887640216169E-17));
#805=DIRECTION('',(-8.5401771125012E-17,-1.65475013706744E-34,1.));
#806=FACE_BOUND('',#807,.T.);
#807=EDGE_LOOP('',(#1639,#1640,#1641,#1642));
#808=CYLINDRICAL_SURFACE('',#809,0.8);
#809=AXIS2_PLACEMENT_3D('',#810,#811,#812);
#810=CARTESIAN_POINT('',(-3.36923738100894,-12.9648129635671,-12.6));
#811=DIRECTION('',(6.1390201209E-17,1.22780402418E-16,-1.));
#812=DIRECTION('',(0.71933980033865,-0.694658370458998,-4.11300191875563E-17));
#813=FACE_BOUND('',#814,.T.);
#814=EDGE_LOOP('',(#1643,#1644,#1645,#1646,#1647,#1648));
#815=PLANE('',#816);
#816=AXIS2_PLACEMENT_3D('',#817,#818,#819);
#817=CARTESIAN_POINT('',(2.1775670043574,-8.37257410955437,-1.33224452423011));
#818=DIRECTION('',(0.328034437894273,-0.316779174424647,0.889968742263585));
#819=DIRECTION('',(-0.640189937367528,0.618224236260265,0.45602153216024));
#820=FACE_BOUND('',#821,.T.);
#821=EDGE_LOOP('',(#1649,#1650,#1651,#1652));
#822=CYLINDRICAL_SURFACE('',#823,0.800000000000001);
#823=AXIS2_PLACEMENT_3D('',#824,#825,#826);
#824=CARTESIAN_POINT('',(-5.23952086188943,-11.1587012003737,-1.42001397063112E-15));
#825=DIRECTION('',(8.65956056235493E-17,8.65956056235493E-17,-1.));
#826=DIRECTION('',(0.719339800338652,-0.694658370458997,2.13730336808384E-18));
#827=FACE_BOUND('',#828,.T.);
#828=EDGE_LOOP('',(#1653,#1654,#1655,#1656));
#829=PLANE('',#830);
#830=AXIS2_PLACEMENT_3D('',#831,#832,#833);
#831=CARTESIAN_POINT('',(-5.33466045049975,-10.9693098204961,-8.66762752423011));
#832=DIRECTION('',(0.694658370458997,0.719339800338651,-9.44061845657303E-17));
#833=DIRECTION('',(1.3590304037271E-16,0.,1.));
#834=FACE_BOUND('',#835,.T.);
#835=EDGE_LOOP('',(#1657,#1658,#1659,#1660));
#836=PLANE('',#837);
#837=AXIS2_PLACEMENT_3D('',#838,#839,#840);
#838=CARTESIAN_POINT('',(-1.30564190183756,-6.79713897853193,-8.66762752423011));
#839=DIRECTION('',(2.12751921967495E-16,2.20311064514547E-16,1.));
#840=DIRECTION('',(-0.694658370458997,-0.719339800338651,3.0626842058625E-16));
#841=FACE_BOUND('',#842,.T.);
#842=EDGE_LOOP('',(#1661,#1662,#1663,#1664));
#843=PLANE('',#844);
#844=AXIS2_PLACEMENT_3D('',#845,#846,#847);
#845=CARTESIAN_POINT('',(-7.90405100736084,-0.984410467099324,0.799999999999999));
#846=DIRECTION('',(-0.491197644359553,0.508650050796836,0.707106781186548));
#847=DIRECTION('',(-0.719339800338651,-0.694658370458998,-1.15235538753633E-16));
#848=FACE_BOUND('',#849,.T.);
#849=EDGE_LOOP('',(#1665,#1666,#1667,#1668));
#850=CONICAL_SURFACE('',#851,0.700000000000001,0.785398163397451);
#851=AXIS2_PLACEMENT_3D('',#852,#853,#854);
#852=CARTESIAN_POINT('',(-11.1587013825929,-5.2395206731959,0.899999999999998));
#853=DIRECTION('',(8.65956056235494E-17,8.65956056235494E-17,-1.));
#854=DIRECTION('',(-0.0174524064372784,-0.999847695156392,-8.80937183984021E-17));
#855=FACE_BOUND('',#856,.T.);
#856=EDGE_LOOP('',(#1669,#1670,#1671,#1672));
#857=PLANE('',#858);
#858=AXIS2_PLACEMENT_3D('',#859,#860,#861);
#859=CARTESIAN_POINT('',(-12.289899919231,-5.21977552929218,0.799999999999999));
#860=DIRECTION('',(-0.508650050796836,-0.491197644359554,0.707106781186548));
#861=DIRECTION('',(0.694658370458998,-0.719339800338651,-3.96508223080412E-17));
#862=FACE_BOUND('',#863,.T.);
#863=EDGE_LOOP('',(#1673,#1674,#1675,#1676));
#864=CYLINDRICAL_SURFACE('',#865,0.800000000000001);
#865=AXIS2_PLACEMENT_3D('',#866,#867,#868);
#866=CARTESIAN_POINT('',(-11.1587013825929,-5.2395206731959,-1.42001397007048E-15));
#867=DIRECTION('',(8.65956056235493E-17,8.65956056235493E-17,-1.));
#868=DIRECTION('',(-0.719339800338651,-0.694658370458998,-1.22446027950813E-16));
#869=FACE_BOUND('',#870,.T.);
#870=EDGE_LOOP('',(#1677,#1678,#1679,#1680));
#871=PLANE('',#872);
#872=AXIS2_PLACEMENT_3D('',#873,#874,#875);
#873=CARTESIAN_POINT('',(-8.19672321347224,-1.54507344944245,-0.800000000000001));
#874=DIRECTION('',(-0.0174524064372868,-0.999847695156391,-8.53887640216169E-17));
#875=DIRECTION('',(0.,-8.5401771125012E-17,1.));
#876=FACE_BOUND('',#877,.T.);
#877=EDGE_LOOP('',(#1681,#1682,#1683,#1684));
#878=CYLINDRICAL_SURFACE('',#879,7.24489679447154);
#879=AXIS2_PLACEMENT_3D('',#880,#881,#882);
#880=CARTESIAN_POINT('',(-8.65956056235497E-17,-8.65956056235497E-17,1.));
#881=DIRECTION('',(8.65956056235493E-17,8.65956056235493E-17,-1.));
#882=DIRECTION('',(-0.998897181838421,-0.0469512525419794,-9.05658785656117E-17));
#883=FACE_BOUND('',#884,.T.);
#884=EDGE_LOOP('',(#1685,#1686,#1687,#1688));
#885=PLANE('',#886);
#886=AXIS2_PLACEMENT_3D('',#887,#888,#889);
#887=CARTESIAN_POINT('',(-5.72782981438164,3.78581691187669,-1.68169783421163E-16));
#888=DIRECTION('',(-0.980318472012959,-0.197422626439267,-1.01987203688215E-16));
#889=DIRECTION('',(-0.197422626439267,0.980318472012959,6.77953398876146E-17));
#890=FACE_BOUND('',#891,.T.);
#891=EDGE_LOOP('',(#1689,#1690,#1691,#1692,#1693,#1694,#1695));
#892=CYLINDRICAL_SURFACE('',#893,1.6);
#893=AXIS2_PLACEMENT_3D('',#894,#895,#896);
#894=CARTESIAN_POINT('',(-5.62498813732184,11.3795888686422,4.98323135450402E-16));
#895=DIRECTION('',(8.65956056235493E-17,8.65956056235493E-17,-1.));
#896=DIRECTION('',(-0.980318472012958,-0.197422626439267,-1.01987203688215E-16));
#897=FACE_BOUND('',#898,.T.);
#898=EDGE_LOOP('',(#1696,#1697,#1698));
#899=PLANE('',#900);
#900=AXIS2_PLACEMENT_3D('',#901,#902,#903);
#901=CARTESIAN_POINT('',(-4.47993690397409,5.69374173096699,-1.4));
#902=DIRECTION('',(-0.980318472012958,-0.197422626439267,-1.99311541423046E-16));
#903=DIRECTION('',(-0.197422626439267,0.980318472012959,1.44362445034177E-16));
#904=FACE_BOUND('',#905,.T.);
#905=EDGE_LOOP('',(#1699,#1700,#1701,#1702,#1703));
#906=PLANE('',#907);
#907=AXIS2_PLACEMENT_3D('',#908,#909,#910);
#908=CARTESIAN_POINT('',(-4.47993690397409,5.69374173096699,-1.4));
#909=DIRECTION('',(-0.980318472012958,-0.197422626439267,-1.99311541423046E-16));
#910=DIRECTION('',(-0.197422626439267,0.980318472012959,1.44362445034177E-16));
#911=FACE_BOUND('',#912,.T.);
#912=EDGE_LOOP('',(#1704,#1705,#1706,#1707));
#913=PLANE('',#914);
#914=AXIS2_PLACEMENT_3D('',#915,#916,#917);
#915=CARTESIAN_POINT('',(1.9268196717162,6.98397423877248,-1.4));
#916=DIRECTION('',(0.197422634008877,-0.980318470488543,-1.32491067983883E-16));
#917=DIRECTION('',(-0.980318470488543,-0.197422634008877,-2.03914485937816E-16));
#918=FACE_BOUND('',#919,.T.);
#919=EDGE_LOOP('',(#1708,#1709,#1710,#1711));
#920=CYLINDRICAL_SURFACE('',#921,7.24489679447154);
#921=AXIS2_PLACEMENT_3D('',#922,#923,#924);
#922=CARTESIAN_POINT('',(-8.65956056235497E-17,-8.65956056235497E-17,1.));
#923=DIRECTION('',(8.65956056235493E-17,8.65956056235493E-17,-1.));
#924=DIRECTION('',(0.512431759432888,0.8587279498913,1.18736405435538E-16));
#925=FACE_BOUND('',#926,.T.);
#926=EDGE_LOOP('',(#1712,#1713,#1714,#1715,#1716));
#927=CONICAL_SURFACE('',#928,10.7694087266541,0.785398163397448);
#928=AXIS2_PLACEMENT_3D('',#929,#930,#931);
#929=CARTESIAN_POINT('',(4.74153205317172E-16,4.74153205317172E-16,-5.47548806781747));
#930=DIRECTION('',(-8.65956056235493E-17,-8.65956056235493E-17,1.));
#931=DIRECTION('',(0.819152044288992,-0.573576436351046,2.12657684957577E-17));
#932=FACE_BOUND('',#933,.T.);
#933=EDGE_LOOP('',(#1717,#1718,#1719,#1720,#1721));
#934=PLANE('',#935);
#935=AXIS2_PLACEMENT_3D('',#936,#937,#938);
#936=CARTESIAN_POINT('',(0.781768438368454,12.6698213764476,-1.4));
#937=DIRECTION('',(0.980318472012959,0.197422626439267,1.01987203688215E-16));
#938=DIRECTION('',(0.197422626439267,-0.980318472012959,-1.44362445034177E-16));
#939=FACE_BOUND('',#940,.T.);
#940=EDGE_LOOP('',(#1722,#1723,#1724));
#941=PLANE('',#942);
#942=AXIS2_PLACEMENT_3D('',#943,#944,#945);
#943=CARTESIAN_POINT('',(0.781768438368454,12.6698213764476,-1.4));
#944=DIRECTION('',(0.980318472012959,0.197422626439267,1.01987203688215E-16));
#945=DIRECTION('',(0.197422626439267,-0.980318472012959,-1.44362445034177E-16));
#946=FACE_BOUND('',#947,.T.);
#947=EDGE_LOOP('',(#1725,#1726,#1727,#1728,#1729));
#948=CYLINDRICAL_SURFACE('',#949,1.6);
#949=AXIS2_PLACEMENT_3D('',#950,#951,#952);
#950=CARTESIAN_POINT('',(0.781768438368448,12.6698213764476,1.16484856661357E-15));
#951=DIRECTION('',(8.65956056235493E-17,8.65956056235493E-17,-1.));
#952=DIRECTION('',(-0.197422634008877,0.980318470488543,6.77953391001119E-17));
#953=FACE_BOUND('',#954,.T.);
#954=EDGE_LOOP('',(#1730,#1731,#1732,#1733,#1734,#1735));
#955=PLANE('',#956);
#956=AXIS2_PLACEMENT_3D('',#957,#958,#959);
#957=CARTESIAN_POINT('',(2.35027799358918,12.9856975787505,1.32802809251471E-15));
#958=DIRECTION('',(0.980318472012959,0.197422626439267,1.01987203688215E-16));
#959=DIRECTION('',(0.197422626439267,-0.980318472012959,-6.77953398876146E-17));
#960=FACE_BOUND('',#961,.T.);
#961=EDGE_LOOP('',(#1736,#1737,#1738,#1739));
#962=PLANE('',#963);
#963=AXIS2_PLACEMENT_3D('',#964,#965,#966);
#964=CARTESIAN_POINT('',(5.69374178944253,-4.47993690249159,-1.4));
#965=DIRECTION('',(-0.980318473934217,0.197422616899094,-1.32491071462525E-16));
#966=DIRECTION('',(0.197422616899094,0.980318473934218,2.03914484754564E-16));
#967=FACE_BOUND('',#968,.T.);
#968=EDGE_LOOP('',(#1740,#1741,#1742,#1743,#1744));
#969=CYLINDRICAL_SURFACE('',#970,7.24489679447154);
#970=AXIS2_PLACEMENT_3D('',#971,#972,#973);
#971=CARTESIAN_POINT('',(-8.65956056235497E-17,-8.65956056235497E-17,1.));
#972=DIRECTION('',(8.65956056235493E-17,8.65956056235493E-17,-1.));
#973=DIRECTION('',(0.593439857356164,-0.804878335962085,-1.83096431070017E-17));
#974=FACE_BOUND('',#975,.T.);
#975=EDGE_LOOP('',(#1745,#1746,#1747,#1748,#1749));
#976=PLANE('',#977);
#977=AXIS2_PLACEMENT_3D('',#978,#979,#980);
#978=CARTESIAN_POINT('',(11.3795889294194,-5.62498812441007,-1.4));
#979=DIRECTION('',(-0.197422624468704,-0.980318472409803,-1.99311541156722E-16));
#980=DIRECTION('',(-0.980318472409803,0.197422624468704,-1.44362445239184E-16));
#981=FACE_BOUND('',#982,.T.);
#982=EDGE_LOOP('',(#1750,#1751,#1752));
#983=PLANE('',#984);
#984=AXIS2_PLACEMENT_3D('',#985,#986,#987);
#985=CARTESIAN_POINT('',(11.3795889294194,-5.62498812441007,-1.4));
#986=DIRECTION('',(-0.197422624468704,-0.980318472409803,-1.99311541156722E-16));
#987=DIRECTION('',(-0.980318472409803,0.197422624468704,-1.44362445239184E-16));
#988=FACE_BOUND('',#989,.T.);
#989=EDGE_LOOP('',(#1753,#1754,#1755,#1756,#1757,#1758,#1759));
#990=CYLINDRICAL_SURFACE('',#991,1.6);
#991=AXIS2_PLACEMENT_3D('',#992,#993,#994);
#992=CARTESIAN_POINT('',(11.3795888735099,-5.62498811315067,4.98323137965044E-16));
#993=DIRECTION('',(8.65956056235493E-17,8.65956056235493E-17,-1.));
#994=DIRECTION('',(0.980318470488544,-0.197422634008877,6.7795339100112E-17));
#995=FACE_BOUND('',#996,.T.);
#996=EDGE_LOOP('',(#1760,#1761,#1762,#1763));
#997=PLANE('',#998);
#998=AXIS2_PLACEMENT_3D('',#999,#1000,#1001);
#999=CARTESIAN_POINT('',(11.06371267436,-7.19349766900635,3.35143612281944E-16));
#1000=DIRECTION('',(-0.197422624468704,-0.980318472409803,-1.01987203551938E-16));
#1001=DIRECTION('',(-0.980318472409803,0.197422624468704,-6.77953400926217E-17));
#1002=FACE_BOUND('',#1003,.T.);
#1003=EDGE_LOOP('',(#1764,#1765,#1766,#1767));
#1004=PLANE('',#1005);
#1005=AXIS2_PLACEMENT_3D('',#1006,#1007,#1008);
#1006=CARTESIAN_POINT('',(-0.749915205470367,-6.22166713826101,-9.46762752423011));
#1007=DIRECTION('',(0.694658370458997,0.719339800338652,-5.95739553584328E-17));
#1008=DIRECTION('',(-2.72936879462259E-17,1.09174751784904E-16,1.));
#1009=FACE_BOUND('',#1010,.T.);
#1010=EDGE_LOOP('',(#1768,#1769,#1770,#1771,#1772));
#1011=CYLINDRICAL_SURFACE('',#1012,0.8);
#1012=AXIS2_PLACEMENT_3D('',#1013,#1014,#1015);
#1013=CARTESIAN_POINT('',(0.70850953911066,-8.74218241581712,-12.6));
#1014=DIRECTION('',(9.20853018135E-17,0.,1.));
#1015=DIRECTION('',(0.719339800338651,-0.694658370458998,-6.62406226206481E-17));
#1016=FACE_BOUND('',#1017,.T.);
#1017=EDGE_LOOP('',(#1773,#1774,#1775,#1776,#1777,#1778));
#1018=PLANE('',#1019);
#1019=AXIS2_PLACEMENT_3D('',#1020,#1021,#1022);
#1020=CARTESIAN_POINT('',(5.31051838023583,-5.12830798820038,1.57786192492138E-17));
#1021=DIRECTION('',(0.719339800338651,-0.694658370458997,2.13730336808384E-18));
#1022=DIRECTION('',(-0.694658370458997,-0.719339800338651,1.24677922342153E-16));
#1023=FACE_BOUND('',#1024,.T.);
#1024=EDGE_LOOP('',(#1779,#1780,#1781,#1782));
#1025=PLANE('',#1026);
#1026=AXIS2_PLACEMENT_3D('',#1027,#1028,#1029);
#1027=CARTESIAN_POINT('',(2.82122748758943,10.6471586955408,0.800000000000001));
#1028=DIRECTION('',(0.693189839282802,0.139598877914865,0.707106781186543));
#1029=DIRECTION('',(-0.197422626439267,0.980318472012958,1.01567672832547E-16));
#1030=FACE_BOUND('',#1031,.T.);
#1031=EDGE_LOOP('',(#1783,#1784,#1785,#1786,#1787,#1788,#1789,#1790));
#1032=PLANE('',#1033);
#1033=AXIS2_PLACEMENT_3D('',#1034,#1035,#1036);
#1034=CARTESIAN_POINT('',(-8.65956056235493E-17,-8.65956056235493E-17,1.));
#1035=DIRECTION('',(-8.65956056235493E-17,-8.65956056235493E-17,1.));
#1036=DIRECTION('',(0.707106781186548,-0.707106781186548,7.49879891330929E-33));
#1037=FACE_BOUND('',#1038,.T.);
#1038=EDGE_LOOP('',(#1791,#1792,#1793,#1794));
#1039=FACE_BOUND('',#1040,.T.);
#1040=EDGE_LOOP('',(#1795));
#1041=PLANE('',#1042);
#1042=AXIS2_PLACEMENT_3D('',#1043,#1044,#1045);
#1043=CARTESIAN_POINT('',(1.21233847872969E-16,1.21233847872969E-16,-1.4));
#1044=DIRECTION('',(1.73191211247099E-16,1.73191211247099E-16,-1.));
#1045=DIRECTION('',(0.707106781186548,-0.707106781186548,1.3684555315672E-48));
#1046=FACE_BOUND('',#1047,.T.);
#1047=EDGE_LOOP('',(#1796,#1797,#1798,#1799));
#1048=CONICAL_SURFACE('',#1049,1.5,0.78539816339745);
#1049=AXIS2_PLACEMENT_3D('',#1050,#1051,#1052);
#1050=CARTESIAN_POINT('',(-5.62498813732184,11.3795888686422,0.900000000000001));
#1051=DIRECTION('',(8.65956056235493E-17,8.65956056235493E-17,-1.));
#1052=DIRECTION('',(-0.086876518559772,-0.996219087612225,-9.37913199646693E-17));
#1053=FACE_BOUND('',#1054,.T.);
#1054=EDGE_LOOP('',(#1800,#1801,#1802,#1803));
#1055=CONICAL_SURFACE('',#1056,1.5,0.785398163397454);
#1056=AXIS2_PLACEMENT_3D('',#1057,#1058,#1059);
#1057=CARTESIAN_POINT('',(11.3795888735099,-5.62498811315067,0.900000000000001));
#1058=DIRECTION('',(8.65956056235493E-17,8.65956056235493E-17,-1.));
#1059=DIRECTION('',(-0.191109704174541,0.98156868377629,6.84502740591863E-17));
#1060=FACE_BOUND('',#1061,.T.);
#1061=EDGE_LOOP('',(#1804,#1805,#1806,#1807,#1808,#1809,#1810));
#1062=PLANE('',#1063);
#1063=AXIS2_PLACEMENT_3D('',#1064,#1065,#1066);
#1064=CARTESIAN_POINT('',(-8.65956056235493E-17,-8.65956056235493E-17,1.));
#1065=DIRECTION('',(-8.65956056235493E-17,-8.65956056235493E-17,1.));
#1066=DIRECTION('',(0.707106781186548,-0.707106781186548,7.49879891330929E-33));
#1067=FACE_BOUND('',#1068,.T.);
#1068=EDGE_LOOP('',(#1811,#1812,#1813,#1814));
#1069=FACE_BOUND('',#1070,.T.);
#1070=EDGE_LOOP('',(#1815));
#1071=PLANE('',#1072);
#1072=AXIS2_PLACEMENT_3D('',#1073,#1074,#1075);
#1073=CARTESIAN_POINT('',(1.21233847872969E-16,1.21233847872969E-16,-1.4));
#1074=DIRECTION('',(1.73191211247099E-16,1.73191211247099E-16,-1.));
#1075=DIRECTION('',(0.707106781186548,-0.707106781186548,1.3684555315672E-48));
#1076=FACE_BOUND('',#1077,.T.);
#1077=EDGE_LOOP('',(#1816,#1817,#1818,#1819));
#1078=PLANE('',#1079);
#1079=AXIS2_PLACEMENT_3D('',#1080,#1081,#1082);
#1080=CARTESIAN_POINT('',(13.7699523615461,2.1923399181854,0.800000000000001));
#1081=DIRECTION('',(0.139598876521466,0.693189839563409,0.707106781186548));
#1082=DIRECTION('',(-0.980318472409803,0.197422624468704,-5.43929325485119E-17));
#1083=FACE_BOUND('',#1084,.T.);
#1084=EDGE_LOOP('',(#1820,#1821,#1822,#1823,#1824,#1825));
#1085=PLANE('',#1086);
#1086=AXIS2_PLACEMENT_3D('',#1087,#1088,#1089);
#1087=CARTESIAN_POINT('',(5.70780176714699,3.81594589318617,8.24714696452411E-16));
#1088=DIRECTION('',(0.197422624468704,0.980318472409803,1.01987203551938E-16));
#1089=DIRECTION('',(0.980318472409803,-0.197422624468704,6.77953400926216E-17));
#1090=FACE_BOUND('',#1091,.T.);
#1091=EDGE_LOOP('',(#1826,#1827,#1828,#1829));
#1092=PLANE('',#1093);
#1093=AXIS2_PLACEMENT_3D('',#1094,#1095,#1096);
#1094=CARTESIAN_POINT('',(-5.94086435173604,12.9480984214238,6.06795678010581E-16));
#1095=DIRECTION('',(-0.197422634008878,0.980318470488543,6.77953391001118E-17));
#1096=DIRECTION('',(0.980318470488543,0.197422634008878,1.01987204211702E-16));
#1097=FACE_BOUND('',#1098,.T.);
#1098=EDGE_LOOP('',(#1830,#1831,#1832,#1833));
#1099=PLANE('',#1100);
#1100=AXIS2_PLACEMENT_3D('',#1101,#1102,#1103);
#1101=CARTESIAN_POINT('',(-6.11468965207088,13.8112424705604,-1.09589266201636));
#1102=DIRECTION('',(0.139598877914864,-0.693189839282797,0.707106781186548));
#1103=DIRECTION('',(0.139598877914864,-0.693189839282798,-0.707106781186547));
#1104=FACE_BOUND('',#1105,.T.);
#1105=EDGE_LOOP('',(#1834,#1835,#1836,#1837));
#1106=PLANE('',#1107);
#1107=AXIS2_PLACEMENT_3D('',#1108,#1109,#1110);
#1108=CARTESIAN_POINT('',(-5.78292624594216,12.16384368334,-2.77636572689465));
#1109=DIRECTION('',(-2.34786010640798E-16,1.54361991363361E-16,1.));
#1110=DIRECTION('',(0.197422626439267,-0.980318472012958,1.97675982382112E-16));
#1111=FACE_BOUND('',#1112,.T.);
#1112=EDGE_LOOP('',(#1838,#1839,#1840,#1841));
#1113=PLANE('',#1114);
#1114=AXIS2_PLACEMENT_3D('',#1115,#1116,#1117);
#1115=CARTESIAN_POINT('',(-5.62498813732184,11.3795888686421,-1.4));
#1116=DIRECTION('',(-0.197422634008878,0.980318470488543,1.32491067983883E-16));
#1117=DIRECTION('',(0.980318470488543,0.197422634008878,2.03914485937816E-16));
#1118=FACE_BOUND('',#1119,.T.);
#1119=EDGE_LOOP('',(#1842,#1843,#1844,#1845,#1846));
#1120=CYLINDRICAL_SURFACE('',#1121,1.6);
#1121=AXIS2_PLACEMENT_3D('',#1122,#1123,#1124);
#1122=CARTESIAN_POINT('',(12.6698213813154,0.781768462539628,1.16484856912821E-15));
#1123=DIRECTION('',(8.65956056235493E-17,8.65956056235493E-17,-1.));
#1124=DIRECTION('',(0.197422624468704,0.980318472409803,1.01987203551938E-16));
#1125=FACE_BOUND('',#1126,.T.);
#1126=EDGE_LOOP('',(#1847,#1848,#1849));
#1127=PLANE('',#1128);
#1128=AXIS2_PLACEMENT_3D('',#1129,#1130,#1131);
#1129=CARTESIAN_POINT('',(6.98397418542903,1.9268196957175,-1.4));
#1130=DIRECTION('',(0.197422624468704,0.980318472409803,1.99311541156722E-16));
#1131=DIRECTION('',(0.980318472409803,-0.197422624468704,1.44362445239184E-16));
#1132=FACE_BOUND('',#1133,.T.);
#1133=EDGE_LOOP('',(#1850,#1851,#1852,#1853,#1854));
#1134=PLANE('',#1135);
#1135=AXIS2_PLACEMENT_3D('',#1136,#1137,#1138);
#1136=CARTESIAN_POINT('',(6.98397418542903,1.9268196957175,-1.4));
#1137=DIRECTION('',(0.197422624468704,0.980318472409803,1.99311541156722E-16));
#1138=DIRECTION('',(0.980318472409803,-0.197422624468704,1.44362445239184E-16));
#1139=FACE_BOUND('',#1140,.T.);
#1140=EDGE_LOOP('',(#1855,#1856,#1857,#1858));
#1141=CONICAL_SURFACE('',#1142,1.5,0.78539816339745);
#1142=AXIS2_PLACEMENT_3D('',#1143,#1144,#1145);
#1143=CARTESIAN_POINT('',(0.781768438368448,12.6698213764476,0.900000000000001));
#1144=DIRECTION('',(8.65956056235493E-17,8.65956056235494E-17,-1.));
#1145=DIRECTION('',(-0.996219086941401,0.0868765262521585,-7.87450697621541E-17));
#1146=FACE_BOUND('',#1147,.T.);
#1147=EDGE_LOOP('',(#1859,#1860,#1861,#1862));
#1148=PLANE('',#1149);
#1149=AXIS2_PLACEMENT_3D('',#1150,#1151,#1152);
#1150=CARTESIAN_POINT('',(12.6698213254059,0.781768473799021,-1.4));
#1151=DIRECTION('',(0.980318473934218,-0.197422616899093,1.97186802044926E-16));
#1152=DIRECTION('',(-0.197422616899093,-0.980318473934218,-2.03914484754564E-16));
#1153=FACE_BOUND('',#1154,.T.);
#1154=EDGE_LOOP('',(#1863,#1864,#1865,#1866));
#1155=PLANE('',#1156);
#1156=AXIS2_PLACEMENT_3D('',#1157,#1158,#1159);
#1157=CARTESIAN_POINT('',(13.4540761404212,0.623830366755145,-2.77636572689465));
#1158=DIRECTION('',(4.16127512450489E-16,-2.79652938776667E-16,1.));
#1159=DIRECTION('',(-0.980318472409803,0.197422624468705,4.63147304446831E-16));
#1160=FACE_BOUND('',#1161,.T.);
#1161=EDGE_LOOP('',(#1867,#1868,#1869,#1870));
#1162=PLANE('',#1163);
#1163=AXIS2_PLACEMENT_3D('',#1164,#1165,#1166);
#1164=CARTESIAN_POINT('',(15.1014749283085,0.292066963937905,-1.09589266201636));
#1165=DIRECTION('',(-0.693189839563408,0.139598876521466,0.707106781186548));
#1166=DIRECTION('',(-0.693189839563409,0.139598876521466,-0.707106781186547));
#1167=FACE_BOUND('',#1168,.T.);
#1168=EDGE_LOOP('',(#1871,#1872,#1873,#1874));
#1169=PLANE('',#1170);
#1170=AXIS2_PLACEMENT_3D('',#1171,#1172,#1173);
#1171=CARTESIAN_POINT('',(14.238330934097,0.465892248125423,1.27332111168839E-15));
#1172=DIRECTION('',(0.980318470488544,-0.197422634008877,6.7795339100112E-17));
#1173=DIRECTION('',(-0.197422634008877,-0.980318470488544,-1.01987204211702E-16));
#1174=FACE_BOUND('',#1175,.T.);
#1175=EDGE_LOOP('',(#1875,#1876,#1877,#1878));
#1176=PLANE('',#1177);
#1177=AXIS2_PLACEMENT_3D('',#1178,#1179,#1180);
#1178=CARTESIAN_POINT('',(1.25014700034508,14.3962690364364,0.800000000000001));
#1179=DIRECTION('',(-0.139598883267388,0.693189838204871,0.707106781186549));
#1180=DIRECTION('',(-0.980318470488543,-0.197422634008878,-1.05662610601659E-16));
#1181=FACE_BOUND('',#1182,.T.);
#1182=EDGE_LOOP('',(#1879,#1880,#1881,#1882));
#1183=PLANE('',#1184);
#1184=AXIS2_PLACEMENT_3D('',#1185,#1186,#1187);
#1185=CARTESIAN_POINT('',(12.7901603142167,-6.72511912812688,0.800000000000001));
#1186=DIRECTION('',(0.693189838204878,-0.139598883267388,0.707106781186543));
#1187=DIRECTION('',(0.197422634008877,0.980318470488543,6.70635065008573E-17));
#1188=FACE_BOUND('',#1189,.T.);
#1189=EDGE_LOOP('',(#1883,#1884,#1885,#1886));
#1190=CONICAL_SURFACE('',#1191,1.5,0.785398163397465);
#1191=AXIS2_PLACEMENT_3D('',#1192,#1193,#1194);
#1192=CARTESIAN_POINT('',(12.6698213813154,0.781768462539627,0.900000000000001));
#1193=DIRECTION('',(8.65956056235493E-17,8.65956056235493E-17,-1.));
#1194=DIRECTION('',(-0.884934763859528,0.465715002671035,-3.63025891094772E-17));
#1195=FACE_BOUND('',#1196,.T.);
#1196=EDGE_LOOP('',(#1887,#1888,#1889,#1890,#1891,#1892));
#1197=PLANE('',#1198);
#1198=AXIS2_PLACEMENT_3D('',#1199,#1200,#1201);
#1199=CARTESIAN_POINT('',(-2.20692714339762,-3.2656569844677,-9.1));
#1200=DIRECTION('',(0.189938903471653,-0.981795912065225,-7.81455896134563E-17));
#1201=DIRECTION('',(-9.86864910777916E-17,-9.86864910777916E-17,1.));
#1202=FACE_BOUND('',#1203,.T.);
#1203=EDGE_LOOP('',(#1893,#1894,#1895,#1896,#1897,#1898));
#1204=PLANE('',#1205);
#1205=AXIS2_PLACEMENT_3D('',#1206,#1207,#1208);
#1206=CARTESIAN_POINT('',(-3.29823275875811,-2.37531056789214,-9.1));
#1207=DIRECTION('',(-0.981795899288105,0.189938969516686,-7.81455818347747E-17));
#1208=DIRECTION('',(-9.86864910777916E-17,-9.86864910777916E-17,1.));
#1209=ORIENTED_EDGE('',*,*,#1899,.T.);
#1210=ORIENTED_EDGE('',*,*,#1900,.T.);
#1211=ORIENTED_EDGE('',*,*,#1901,.F.);
#1212=ORIENTED_EDGE('',*,*,#1902,.F.);
#1213=ORIENTED_EDGE('',*,*,#1903,.T.);
#1214=ORIENTED_EDGE('',*,*,#1904,.T.);
#1215=ORIENTED_EDGE('',*,*,#1905,.F.);
#1216=ORIENTED_EDGE('',*,*,#1900,.F.);
#1217=ORIENTED_EDGE('',*,*,#1906,.T.);
#1218=ORIENTED_EDGE('',*,*,#1907,.T.);
#1219=ORIENTED_EDGE('',*,*,#1908,.F.);
#1220=ORIENTED_EDGE('',*,*,#1904,.F.);
#1221=ORIENTED_EDGE('',*,*,#1909,.T.);
#1222=ORIENTED_EDGE('',*,*,#1902,.T.);
#1223=ORIENTED_EDGE('',*,*,#1910,.F.);
#1224=ORIENTED_EDGE('',*,*,#1907,.F.);
#1225=ORIENTED_EDGE('',*,*,#1901,.T.);
#1226=ORIENTED_EDGE('',*,*,#1905,.T.);
#1227=ORIENTED_EDGE('',*,*,#1908,.T.);
#1228=ORIENTED_EDGE('',*,*,#1910,.T.);
#1229=ORIENTED_EDGE('',*,*,#1909,.F.);
#1230=ORIENTED_EDGE('',*,*,#1906,.F.);
#1231=ORIENTED_EDGE('',*,*,#1903,.F.);
#1232=ORIENTED_EDGE('',*,*,#1899,.F.);
#1233=ORIENTED_EDGE('',*,*,#1911,.T.);
#1234=ORIENTED_EDGE('',*,*,#1912,.T.);
#1235=ORIENTED_EDGE('',*,*,#1913,.F.);
#1236=ORIENTED_EDGE('',*,*,#1914,.F.);
#1237=ORIENTED_EDGE('',*,*,#1915,.F.);
#1238=ORIENTED_EDGE('',*,*,#1916,.F.);
#1239=ORIENTED_EDGE('',*,*,#1917,.F.);
#1240=ORIENTED_EDGE('',*,*,#1911,.F.);
#1241=ORIENTED_EDGE('',*,*,#1917,.T.);
#1242=ORIENTED_EDGE('',*,*,#1918,.T.);
#1243=ORIENTED_EDGE('',*,*,#1919,.F.);
#1244=ORIENTED_EDGE('',*,*,#1912,.F.);
#1245=ORIENTED_EDGE('',*,*,#1913,.T.);
#1246=ORIENTED_EDGE('',*,*,#1919,.T.);
#1247=ORIENTED_EDGE('',*,*,#1920,.T.);
#1248=ORIENTED_EDGE('',*,*,#1921,.T.);
#1249=ORIENTED_EDGE('',*,*,#1915,.T.);
#1250=ORIENTED_EDGE('',*,*,#1914,.T.);
#1251=ORIENTED_EDGE('',*,*,#1921,.F.);
#1252=ORIENTED_EDGE('',*,*,#1922,.F.);
#1253=ORIENTED_EDGE('',*,*,#1916,.T.);
#1254=ORIENTED_EDGE('',*,*,#1922,.T.);
#1255=ORIENTED_EDGE('',*,*,#1920,.F.);
#1256=ORIENTED_EDGE('',*,*,#1918,.F.);
#1257=ORIENTED_EDGE('',*,*,#1923,.F.);
#1258=ORIENTED_EDGE('',*,*,#1924,.F.);
#1259=ORIENTED_EDGE('',*,*,#1925,.F.);
#1260=ORIENTED_EDGE('',*,*,#1926,.F.);
#1261=ORIENTED_EDGE('',*,*,#1927,.F.);
#1262=ORIENTED_EDGE('',*,*,#1928,.T.);
#1263=ORIENTED_EDGE('',*,*,#1929,.T.);
#1264=ORIENTED_EDGE('',*,*,#1930,.T.);
#1265=ORIENTED_EDGE('',*,*,#1931,.T.);
#1266=ORIENTED_EDGE('',*,*,#1932,.T.);
#1267=ORIENTED_EDGE('',*,*,#1933,.T.);
#1268=ORIENTED_EDGE('',*,*,#1934,.T.);
#1269=ORIENTED_EDGE('',*,*,#1935,.F.);
#1270=ORIENTED_EDGE('',*,*,#1936,.T.);
#1271=ORIENTED_EDGE('',*,*,#1937,.F.);
#1272=ORIENTED_EDGE('',*,*,#1938,.T.);
#1273=ORIENTED_EDGE('',*,*,#1939,.T.);
#1274=ORIENTED_EDGE('',*,*,#1940,.T.);
#1275=ORIENTED_EDGE('',*,*,#1941,.F.);
#1276=ORIENTED_EDGE('',*,*,#1942,.T.);
#1277=ORIENTED_EDGE('',*,*,#1943,.F.);
#1278=ORIENTED_EDGE('',*,*,#1944,.F.);
#1279=ORIENTED_EDGE('',*,*,#1945,.F.);
#1280=ORIENTED_EDGE('',*,*,#1946,.T.);
#1281=ORIENTED_EDGE('',*,*,#1947,.F.);
#1282=ORIENTED_EDGE('',*,*,#1948,.T.);
#1283=ORIENTED_EDGE('',*,*,#1949,.F.);
#1284=ORIENTED_EDGE('',*,*,#1950,.F.);
#1285=ORIENTED_EDGE('',*,*,#1951,.T.);
#1286=ORIENTED_EDGE('',*,*,#1952,.T.);
#1287=ORIENTED_EDGE('',*,*,#1926,.T.);
#1288=ORIENTED_EDGE('',*,*,#1953,.F.);
#1289=ORIENTED_EDGE('',*,*,#1954,.F.);
#1290=ORIENTED_EDGE('',*,*,#1955,.T.);
#1291=ORIENTED_EDGE('',*,*,#1956,.F.);
#1292=ORIENTED_EDGE('',*,*,#1957,.T.);
#1293=ORIENTED_EDGE('',*,*,#1927,.T.);
#1294=ORIENTED_EDGE('',*,*,#1955,.F.);
#1295=ORIENTED_EDGE('',*,*,#1958,.F.);
#1296=ORIENTED_EDGE('',*,*,#1928,.F.);
#1297=ORIENTED_EDGE('',*,*,#1957,.F.);
#1298=ORIENTED_EDGE('',*,*,#1959,.T.);
#1299=ORIENTED_EDGE('',*,*,#1950,.T.);
#1300=ORIENTED_EDGE('',*,*,#1960,.F.);
#1301=ORIENTED_EDGE('',*,*,#1946,.F.);
#1302=ORIENTED_EDGE('',*,*,#1961,.T.);
#1303=ORIENTED_EDGE('',*,*,#1948,.F.);
#1304=ORIENTED_EDGE('',*,*,#1962,.F.);
#1305=ORIENTED_EDGE('',*,*,#1944,.T.);
#1306=ORIENTED_EDGE('',*,*,#1963,.F.);
#1307=ORIENTED_EDGE('',*,*,#1964,.F.);
#1308=ORIENTED_EDGE('',*,*,#1924,.T.);
#1309=ORIENTED_EDGE('',*,*,#1965,.F.);
#1310=ORIENTED_EDGE('',*,*,#1925,.T.);
#1311=ORIENTED_EDGE('',*,*,#1966,.F.);
#1312=ORIENTED_EDGE('',*,*,#1967,.F.);
#1313=ORIENTED_EDGE('',*,*,#1968,.F.);
#1314=ORIENTED_EDGE('',*,*,#1969,.F.);
#1315=ORIENTED_EDGE('',*,*,#1929,.F.);
#1316=ORIENTED_EDGE('',*,*,#1970,.T.);
#1317=ORIENTED_EDGE('',*,*,#1971,.F.);
#1318=ORIENTED_EDGE('',*,*,#1972,.F.);
#1319=ORIENTED_EDGE('',*,*,#1930,.F.);
#1320=ORIENTED_EDGE('',*,*,#1969,.T.);
#1321=ORIENTED_EDGE('',*,*,#1973,.F.);
#1322=ORIENTED_EDGE('',*,*,#1970,.F.);
#1323=ORIENTED_EDGE('',*,*,#1931,.F.);
#1324=ORIENTED_EDGE('',*,*,#1972,.T.);
#1325=ORIENTED_EDGE('',*,*,#1935,.T.);
#1326=ORIENTED_EDGE('',*,*,#1974,.T.);
#1327=ORIENTED_EDGE('',*,*,#1975,.F.);
#1328=ORIENTED_EDGE('',*,*,#1976,.F.);
#1329=ORIENTED_EDGE('',*,*,#1977,.F.);
#1330=ORIENTED_EDGE('',*,*,#1978,.T.);
#1331=ORIENTED_EDGE('',*,*,#1979,.F.);
#1332=ORIENTED_EDGE('',*,*,#1936,.F.);
#1333=ORIENTED_EDGE('',*,*,#1980,.F.);
#1334=ORIENTED_EDGE('',*,*,#1937,.T.);
#1335=ORIENTED_EDGE('',*,*,#1981,.T.);
#1336=ORIENTED_EDGE('',*,*,#1982,.F.);
#1337=ORIENTED_EDGE('',*,*,#1942,.F.);
#1338=ORIENTED_EDGE('',*,*,#1983,.F.);
#1339=ORIENTED_EDGE('',*,*,#1952,.F.);
#1340=ORIENTED_EDGE('',*,*,#1984,.T.);
#1341=ORIENTED_EDGE('',*,*,#1985,.T.);
#1342=ORIENTED_EDGE('',*,*,#1933,.F.);
#1343=ORIENTED_EDGE('',*,*,#1974,.F.);
#1344=ORIENTED_EDGE('',*,*,#1934,.F.);
#1345=ORIENTED_EDGE('',*,*,#1985,.F.);
#1346=ORIENTED_EDGE('',*,*,#1986,.T.);
#1347=ORIENTED_EDGE('',*,*,#1987,.F.);
#1348=ORIENTED_EDGE('',*,*,#1988,.F.);
#1349=ORIENTED_EDGE('',*,*,#1938,.F.);
#1350=ORIENTED_EDGE('',*,*,#1989,.T.);
#1351=ORIENTED_EDGE('',*,*,#1990,.F.);
#1352=ORIENTED_EDGE('',*,*,#1991,.F.);
#1353=ORIENTED_EDGE('',*,*,#1939,.F.);
#1354=ORIENTED_EDGE('',*,*,#1988,.T.);
#1355=ORIENTED_EDGE('',*,*,#1992,.F.);
#1356=ORIENTED_EDGE('',*,*,#1989,.F.);
#1357=ORIENTED_EDGE('',*,*,#1940,.F.);
#1358=ORIENTED_EDGE('',*,*,#1991,.T.);
#1359=ORIENTED_EDGE('',*,*,#1993,.T.);
#1360=ORIENTED_EDGE('',*,*,#1994,.T.);
#1361=ORIENTED_EDGE('',*,*,#1995,.T.);
#1362=ORIENTED_EDGE('',*,*,#1996,.T.);
#1363=ORIENTED_EDGE('',*,*,#1997,.T.);
#1364=ORIENTED_EDGE('',*,*,#1998,.T.);
#1365=ORIENTED_EDGE('',*,*,#1999,.F.);
#1366=ORIENTED_EDGE('',*,*,#2000,.F.);
#1367=ORIENTED_EDGE('',*,*,#2001,.F.);
#1368=ORIENTED_EDGE('',*,*,#2002,.F.);
#1369=ORIENTED_EDGE('',*,*,#2003,.F.);
#1370=ORIENTED_EDGE('',*,*,#2004,.T.);
#1371=ORIENTED_EDGE('',*,*,#1963,.T.);
#1372=ORIENTED_EDGE('',*,*,#1943,.T.);
#1373=ORIENTED_EDGE('',*,*,#1982,.T.);
#1374=ORIENTED_EDGE('',*,*,#2005,.T.);
#1375=ORIENTED_EDGE('',*,*,#2006,.T.);
#1376=ORIENTED_EDGE('',*,*,#2007,.T.);
#1377=ORIENTED_EDGE('',*,*,#2008,.F.);
#1378=ORIENTED_EDGE('',*,*,#2009,.F.);
#1379=ORIENTED_EDGE('',*,*,#2010,.T.);
#1380=ORIENTED_EDGE('',*,*,#2011,.F.);
#1381=ORIENTED_EDGE('',*,*,#2012,.F.);
#1382=ORIENTED_EDGE('',*,*,#2013,.F.);
#1383=ORIENTED_EDGE('',*,*,#2014,.T.);
#1384=ORIENTED_EDGE('',*,*,#2015,.F.);
#1385=ORIENTED_EDGE('',*,*,#2016,.F.);
#1386=ORIENTED_EDGE('',*,*,#1984,.F.);
#1387=ORIENTED_EDGE('',*,*,#1951,.F.);
#1388=ORIENTED_EDGE('',*,*,#1959,.F.);
#1389=ORIENTED_EDGE('',*,*,#2017,.F.);
#1390=ORIENTED_EDGE('',*,*,#2018,.F.);
#1391=ORIENTED_EDGE('',*,*,#2019,.F.);
#1392=ORIENTED_EDGE('',*,*,#2020,.T.);
#1393=ORIENTED_EDGE('',*,*,#2021,.T.);
#1394=ORIENTED_EDGE('',*,*,#2022,.F.);
#1395=ORIENTED_EDGE('',*,*,#2023,.F.);
#1396=ORIENTED_EDGE('',*,*,#2024,.F.);
#1397=ORIENTED_EDGE('',*,*,#2025,.T.);
#1398=ORIENTED_EDGE('',*,*,#2026,.F.);
#1399=ORIENTED_EDGE('',*,*,#2027,.F.);
#1400=ORIENTED_EDGE('',*,*,#2028,.T.);
#1401=ORIENTED_EDGE('',*,*,#1965,.T.);
#1402=ORIENTED_EDGE('',*,*,#2029,.F.);
#1403=ORIENTED_EDGE('',*,*,#2030,.F.);
#1404=ORIENTED_EDGE('',*,*,#1953,.T.);
#1405=ORIENTED_EDGE('',*,*,#2031,.T.);
#1406=ORIENTED_EDGE('',*,*,#2032,.T.);
#1407=ORIENTED_EDGE('',*,*,#1954,.T.);
#1408=ORIENTED_EDGE('',*,*,#2030,.T.);
#1409=ORIENTED_EDGE('',*,*,#2033,.T.);
#1410=ORIENTED_EDGE('',*,*,#2034,.T.);
#1411=ORIENTED_EDGE('',*,*,#2035,.F.);
#1412=ORIENTED_EDGE('',*,*,#2017,.T.);
#1413=ORIENTED_EDGE('',*,*,#1956,.T.);
#1414=ORIENTED_EDGE('',*,*,#2032,.F.);
#1415=ORIENTED_EDGE('',*,*,#1966,.T.);
#1416=ORIENTED_EDGE('',*,*,#1964,.T.);
#1417=ORIENTED_EDGE('',*,*,#2004,.F.);
#1418=ORIENTED_EDGE('',*,*,#2036,.F.);
#1419=ORIENTED_EDGE('',*,*,#2037,.F.);
#1420=ORIENTED_EDGE('',*,*,#1967,.T.);
#1421=ORIENTED_EDGE('',*,*,#2038,.T.);
#1422=ORIENTED_EDGE('',*,*,#2039,.T.);
#1423=ORIENTED_EDGE('',*,*,#2040,.T.);
#1424=ORIENTED_EDGE('',*,*,#2041,.F.);
#1425=ORIENTED_EDGE('',*,*,#2042,.T.);
#1426=ORIENTED_EDGE('',*,*,#2043,.T.);
#1427=ORIENTED_EDGE('',*,*,#2044,.F.);
#1428=ORIENTED_EDGE('',*,*,#2045,.T.);
#1429=ORIENTED_EDGE('',*,*,#2046,.T.);
#1430=ORIENTED_EDGE('',*,*,#2047,.T.);
#1431=ORIENTED_EDGE('',*,*,#2048,.T.);
#1432=ORIENTED_EDGE('',*,*,#2049,.T.);
#1433=ORIENTED_EDGE('',*,*,#1968,.T.);
#1434=ORIENTED_EDGE('',*,*,#1973,.T.);
#1435=ORIENTED_EDGE('',*,*,#1971,.T.);
#1436=ORIENTED_EDGE('',*,*,#2050,.T.);
#1437=ORIENTED_EDGE('',*,*,#2051,.T.);
#1438=ORIENTED_EDGE('',*,*,#2052,.T.);
#1439=ORIENTED_EDGE('',*,*,#2053,.T.);
#1440=ORIENTED_EDGE('',*,*,#1975,.T.);
#1441=ORIENTED_EDGE('',*,*,#2054,.T.);
#1442=ORIENTED_EDGE('',*,*,#1977,.T.);
#1443=ORIENTED_EDGE('',*,*,#1976,.T.);
#1444=ORIENTED_EDGE('',*,*,#2053,.F.);
#1445=ORIENTED_EDGE('',*,*,#2055,.F.);
#1446=ORIENTED_EDGE('',*,*,#2056,.F.);
#1447=ORIENTED_EDGE('',*,*,#2057,.T.);
#1448=ORIENTED_EDGE('',*,*,#2058,.F.);
#1449=ORIENTED_EDGE('',*,*,#1978,.F.);
#1450=ORIENTED_EDGE('',*,*,#1979,.T.);
#1451=ORIENTED_EDGE('',*,*,#2059,.T.);
#1452=ORIENTED_EDGE('',*,*,#2005,.F.);
#1453=ORIENTED_EDGE('',*,*,#1981,.F.);
#1454=ORIENTED_EDGE('',*,*,#2060,.T.);
#1455=ORIENTED_EDGE('',*,*,#2054,.F.);
#1456=ORIENTED_EDGE('',*,*,#1986,.F.);
#1457=ORIENTED_EDGE('',*,*,#2016,.T.);
#1458=ORIENTED_EDGE('',*,*,#2061,.F.);
#1459=ORIENTED_EDGE('',*,*,#2062,.F.);
#1460=ORIENTED_EDGE('',*,*,#2063,.T.);
#1461=ORIENTED_EDGE('',*,*,#2064,.F.);
#1462=ORIENTED_EDGE('',*,*,#2065,.F.);
#1463=ORIENTED_EDGE('',*,*,#2066,.F.);
#1464=ORIENTED_EDGE('',*,*,#1987,.T.);
#1465=ORIENTED_EDGE('',*,*,#1992,.T.);
#1466=ORIENTED_EDGE('',*,*,#1990,.T.);
#1467=ORIENTED_EDGE('',*,*,#2065,.T.);
#1468=ORIENTED_EDGE('',*,*,#2067,.T.);
#1469=ORIENTED_EDGE('',*,*,#1993,.F.);
#1470=ORIENTED_EDGE('',*,*,#2068,.F.);
#1471=ORIENTED_EDGE('',*,*,#2069,.T.);
#1472=ORIENTED_EDGE('',*,*,#2070,.F.);
#1473=ORIENTED_EDGE('',*,*,#2071,.F.);
#1474=ORIENTED_EDGE('',*,*,#2072,.T.);
#1475=ORIENTED_EDGE('',*,*,#2073,.F.);
#1476=ORIENTED_EDGE('',*,*,#2074,.T.);
#1477=ORIENTED_EDGE('',*,*,#1994,.F.);
#1478=ORIENTED_EDGE('',*,*,#2067,.F.);
#1479=ORIENTED_EDGE('',*,*,#2075,.T.);
#1480=ORIENTED_EDGE('',*,*,#2076,.T.);
#1481=ORIENTED_EDGE('',*,*,#1995,.F.);
#1482=ORIENTED_EDGE('',*,*,#2074,.F.);
#1483=ORIENTED_EDGE('',*,*,#2077,.T.);
#1484=ORIENTED_EDGE('',*,*,#2078,.T.);
#1485=ORIENTED_EDGE('',*,*,#2079,.T.);
#1486=ORIENTED_EDGE('',*,*,#1996,.F.);
#1487=ORIENTED_EDGE('',*,*,#2076,.F.);
#1488=ORIENTED_EDGE('',*,*,#2080,.F.);
#1489=ORIENTED_EDGE('',*,*,#2081,.T.);
#1490=ORIENTED_EDGE('',*,*,#2082,.F.);
#1491=ORIENTED_EDGE('',*,*,#2083,.F.);
#1492=ORIENTED_EDGE('',*,*,#2084,.T.);
#1493=ORIENTED_EDGE('',*,*,#2085,.T.);
#1494=ORIENTED_EDGE('',*,*,#1997,.F.);
#1495=ORIENTED_EDGE('',*,*,#2079,.F.);
#1496=ORIENTED_EDGE('',*,*,#2086,.T.);
#1497=ORIENTED_EDGE('',*,*,#2087,.T.);
#1498=ORIENTED_EDGE('',*,*,#1998,.F.);
#1499=ORIENTED_EDGE('',*,*,#2085,.F.);
#1500=ORIENTED_EDGE('',*,*,#2088,.F.);
#1501=ORIENTED_EDGE('',*,*,#2089,.T.);
#1502=ORIENTED_EDGE('',*,*,#2090,.F.);
#1503=ORIENTED_EDGE('',*,*,#2091,.F.);
#1504=ORIENTED_EDGE('',*,*,#2092,.F.);
#1505=ORIENTED_EDGE('',*,*,#2093,.T.);
#1506=ORIENTED_EDGE('',*,*,#1999,.T.);
#1507=ORIENTED_EDGE('',*,*,#2087,.F.);
#1508=ORIENTED_EDGE('',*,*,#2000,.T.);
#1509=ORIENTED_EDGE('',*,*,#2093,.F.);
#1510=ORIENTED_EDGE('',*,*,#2094,.F.);
#1511=ORIENTED_EDGE('',*,*,#2095,.T.);
#1512=ORIENTED_EDGE('',*,*,#2096,.F.);
#1513=ORIENTED_EDGE('',*,*,#2097,.T.);
#1514=ORIENTED_EDGE('',*,*,#2001,.T.);
#1515=ORIENTED_EDGE('',*,*,#2095,.F.);
#1516=ORIENTED_EDGE('',*,*,#2002,.T.);
#1517=ORIENTED_EDGE('',*,*,#2097,.F.);
#1518=ORIENTED_EDGE('',*,*,#2098,.F.);
#1519=ORIENTED_EDGE('',*,*,#2099,.T.);
#1520=ORIENTED_EDGE('',*,*,#2038,.F.);
#1521=ORIENTED_EDGE('',*,*,#2036,.T.);
#1522=ORIENTED_EDGE('',*,*,#2003,.T.);
#1523=ORIENTED_EDGE('',*,*,#2099,.F.);
#1524=ORIENTED_EDGE('',*,*,#2058,.T.);
#1525=ORIENTED_EDGE('',*,*,#2100,.T.);
#1526=ORIENTED_EDGE('',*,*,#2006,.F.);
#1527=ORIENTED_EDGE('',*,*,#2059,.F.);
#1528=ORIENTED_EDGE('',*,*,#2101,.T.);
#1529=ORIENTED_EDGE('',*,*,#2068,.T.);
#1530=ORIENTED_EDGE('',*,*,#2007,.F.);
#1531=ORIENTED_EDGE('',*,*,#2100,.F.);
#1532=ORIENTED_EDGE('',*,*,#2102,.F.);
#1533=ORIENTED_EDGE('',*,*,#2103,.T.);
#1534=ORIENTED_EDGE('',*,*,#2008,.T.);
#1535=ORIENTED_EDGE('',*,*,#2104,.T.);
#1536=ORIENTED_EDGE('',*,*,#2105,.F.);
#1537=ORIENTED_EDGE('',*,*,#2106,.F.);
#1538=ORIENTED_EDGE('',*,*,#2107,.T.);
#1539=ORIENTED_EDGE('',*,*,#2009,.T.);
#1540=ORIENTED_EDGE('',*,*,#2103,.F.);
#1541=ORIENTED_EDGE('',*,*,#2108,.T.);
#1542=ORIENTED_EDGE('',*,*,#2109,.F.);
#1543=ORIENTED_EDGE('',*,*,#2110,.F.);
#1544=ORIENTED_EDGE('',*,*,#2111,.F.);
#1545=ORIENTED_EDGE('',*,*,#2010,.F.);
#1546=ORIENTED_EDGE('',*,*,#2107,.F.);
#1547=ORIENTED_EDGE('',*,*,#2112,.F.);
#1548=ORIENTED_EDGE('',*,*,#2113,.F.);
#1549=ORIENTED_EDGE('',*,*,#2114,.F.);
#1550=ORIENTED_EDGE('',*,*,#2115,.F.);
#1551=ORIENTED_EDGE('',*,*,#2011,.T.);
#1552=ORIENTED_EDGE('',*,*,#2111,.T.);
#1553=ORIENTED_EDGE('',*,*,#2116,.F.);
#1554=ORIENTED_EDGE('',*,*,#2117,.F.);
#1555=ORIENTED_EDGE('',*,*,#2118,.F.);
#1556=ORIENTED_EDGE('',*,*,#2012,.T.);
#1557=ORIENTED_EDGE('',*,*,#2115,.T.);
#1558=ORIENTED_EDGE('',*,*,#2119,.F.);
#1559=ORIENTED_EDGE('',*,*,#2120,.F.);
#1560=ORIENTED_EDGE('',*,*,#2013,.T.);
#1561=ORIENTED_EDGE('',*,*,#2118,.T.);
#1562=ORIENTED_EDGE('',*,*,#2014,.F.);
#1563=ORIENTED_EDGE('',*,*,#2120,.T.);
#1564=ORIENTED_EDGE('',*,*,#2121,.T.);
#1565=ORIENTED_EDGE('',*,*,#2122,.F.);
#1566=ORIENTED_EDGE('',*,*,#2063,.F.);
#1567=ORIENTED_EDGE('',*,*,#2123,.F.);
#1568=ORIENTED_EDGE('',*,*,#2015,.T.);
#1569=ORIENTED_EDGE('',*,*,#2122,.T.);
#1570=ORIENTED_EDGE('',*,*,#2042,.F.);
#1571=ORIENTED_EDGE('',*,*,#2124,.T.);
#1572=ORIENTED_EDGE('',*,*,#2018,.T.);
#1573=ORIENTED_EDGE('',*,*,#2125,.T.);
#1574=ORIENTED_EDGE('',*,*,#2124,.F.);
#1575=ORIENTED_EDGE('',*,*,#2049,.F.);
#1576=ORIENTED_EDGE('',*,*,#2126,.T.);
#1577=ORIENTED_EDGE('',*,*,#2127,.F.);
#1578=ORIENTED_EDGE('',*,*,#2128,.T.);
#1579=ORIENTED_EDGE('',*,*,#2019,.T.);
#1580=ORIENTED_EDGE('',*,*,#2129,.F.);
#1581=ORIENTED_EDGE('',*,*,#2020,.F.);
#1582=ORIENTED_EDGE('',*,*,#2128,.F.);
#1583=ORIENTED_EDGE('',*,*,#2130,.F.);
#1584=ORIENTED_EDGE('',*,*,#2131,.F.);
#1585=ORIENTED_EDGE('',*,*,#2132,.F.);
#1586=ORIENTED_EDGE('',*,*,#2021,.F.);
#1587=ORIENTED_EDGE('',*,*,#2129,.T.);
#1588=ORIENTED_EDGE('',*,*,#2133,.T.);
#1589=ORIENTED_EDGE('',*,*,#2134,.F.);
#1590=ORIENTED_EDGE('',*,*,#2135,.F.);
#1591=ORIENTED_EDGE('',*,*,#2136,.F.);
#1592=ORIENTED_EDGE('',*,*,#2022,.T.);
#1593=ORIENTED_EDGE('',*,*,#2134,.T.);
#1594=ORIENTED_EDGE('',*,*,#2137,.F.);
#1595=ORIENTED_EDGE('',*,*,#2138,.T.);
#1596=ORIENTED_EDGE('',*,*,#2023,.T.);
#1597=ORIENTED_EDGE('',*,*,#2136,.T.);
#1598=ORIENTED_EDGE('',*,*,#2139,.F.);
#1599=ORIENTED_EDGE('',*,*,#2140,.F.);
#1600=ORIENTED_EDGE('',*,*,#2141,.T.);
#1601=ORIENTED_EDGE('',*,*,#2024,.T.);
#1602=ORIENTED_EDGE('',*,*,#2138,.F.);
#1603=ORIENTED_EDGE('',*,*,#2142,.T.);
#1604=ORIENTED_EDGE('',*,*,#2143,.F.);
#1605=ORIENTED_EDGE('',*,*,#2025,.F.);
#1606=ORIENTED_EDGE('',*,*,#2141,.F.);
#1607=ORIENTED_EDGE('',*,*,#2144,.F.);
#1608=ORIENTED_EDGE('',*,*,#2145,.F.);
#1609=ORIENTED_EDGE('',*,*,#2146,.F.);
#1610=ORIENTED_EDGE('',*,*,#2026,.T.);
#1611=ORIENTED_EDGE('',*,*,#2143,.T.);
#1612=ORIENTED_EDGE('',*,*,#2147,.F.);
#1613=ORIENTED_EDGE('',*,*,#2148,.F.);
#1614=ORIENTED_EDGE('',*,*,#2149,.F.);
#1615=ORIENTED_EDGE('',*,*,#2150,.F.);
#1616=ORIENTED_EDGE('',*,*,#2151,.F.);
#1617=ORIENTED_EDGE('',*,*,#2027,.T.);
#1618=ORIENTED_EDGE('',*,*,#2146,.T.);
#1619=ORIENTED_EDGE('',*,*,#2028,.F.);
#1620=ORIENTED_EDGE('',*,*,#2151,.T.);
#1621=ORIENTED_EDGE('',*,*,#2152,.T.);
#1622=ORIENTED_EDGE('',*,*,#2104,.F.);
#1623=ORIENTED_EDGE('',*,*,#2037,.T.);
#1624=ORIENTED_EDGE('',*,*,#2153,.F.);
#1625=ORIENTED_EDGE('',*,*,#2033,.F.);
#1626=ORIENTED_EDGE('',*,*,#2029,.T.);
#1627=ORIENTED_EDGE('',*,*,#2044,.T.);
#1628=ORIENTED_EDGE('',*,*,#2154,.F.);
#1629=ORIENTED_EDGE('',*,*,#2031,.F.);
#1630=ORIENTED_EDGE('',*,*,#2155,.T.);
#1631=ORIENTED_EDGE('',*,*,#2156,.T.);
#1632=ORIENTED_EDGE('',*,*,#2155,.F.);
#1633=ORIENTED_EDGE('',*,*,#2034,.F.);
#1634=ORIENTED_EDGE('',*,*,#2153,.T.);
#1635=ORIENTED_EDGE('',*,*,#2043,.F.);
#1636=ORIENTED_EDGE('',*,*,#2125,.F.);
#1637=ORIENTED_EDGE('',*,*,#2035,.T.);
#1638=ORIENTED_EDGE('',*,*,#2154,.T.);
#1639=ORIENTED_EDGE('',*,*,#2098,.T.);
#1640=ORIENTED_EDGE('',*,*,#2157,.T.);
#1641=ORIENTED_EDGE('',*,*,#2158,.T.);
#1642=ORIENTED_EDGE('',*,*,#2039,.F.);
#1643=ORIENTED_EDGE('',*,*,#2046,.F.);
#1644=ORIENTED_EDGE('',*,*,#2159,.F.);
#1645=ORIENTED_EDGE('',*,*,#2040,.F.);
#1646=ORIENTED_EDGE('',*,*,#2158,.F.);
#1647=ORIENTED_EDGE('',*,*,#2160,.T.);
#1648=ORIENTED_EDGE('',*,*,#2161,.F.);
#1649=ORIENTED_EDGE('',*,*,#2156,.F.);
#1650=ORIENTED_EDGE('',*,*,#2041,.T.);
#1651=ORIENTED_EDGE('',*,*,#2159,.T.);
#1652=ORIENTED_EDGE('',*,*,#2045,.F.);
#1653=ORIENTED_EDGE('',*,*,#2047,.F.);
#1654=ORIENTED_EDGE('',*,*,#2161,.T.);
#1655=ORIENTED_EDGE('',*,*,#2162,.F.);
#1656=ORIENTED_EDGE('',*,*,#2163,.F.);
#1657=ORIENTED_EDGE('',*,*,#2048,.F.);
#1658=ORIENTED_EDGE('',*,*,#2163,.T.);
#1659=ORIENTED_EDGE('',*,*,#2164,.F.);
#1660=ORIENTED_EDGE('',*,*,#2126,.F.);
#1661=ORIENTED_EDGE('',*,*,#2061,.T.);
#1662=ORIENTED_EDGE('',*,*,#2165,.T.);
#1663=ORIENTED_EDGE('',*,*,#2050,.F.);
#1664=ORIENTED_EDGE('',*,*,#2166,.T.);
#1665=ORIENTED_EDGE('',*,*,#2167,.T.);
#1666=ORIENTED_EDGE('',*,*,#2168,.T.);
#1667=ORIENTED_EDGE('',*,*,#2051,.F.);
#1668=ORIENTED_EDGE('',*,*,#2165,.F.);
#1669=ORIENTED_EDGE('',*,*,#2056,.T.);
#1670=ORIENTED_EDGE('',*,*,#2055,.T.);
#1671=ORIENTED_EDGE('',*,*,#2052,.F.);
#1672=ORIENTED_EDGE('',*,*,#2168,.F.);
#1673=ORIENTED_EDGE('',*,*,#2167,.F.);
#1674=ORIENTED_EDGE('',*,*,#2066,.T.);
#1675=ORIENTED_EDGE('',*,*,#2101,.F.);
#1676=ORIENTED_EDGE('',*,*,#2057,.F.);
#1677=ORIENTED_EDGE('',*,*,#2166,.F.);
#1678=ORIENTED_EDGE('',*,*,#2060,.F.);
#1679=ORIENTED_EDGE('',*,*,#2123,.T.);
#1680=ORIENTED_EDGE('',*,*,#2062,.T.);
#1681=ORIENTED_EDGE('',*,*,#2121,.F.);
#1682=ORIENTED_EDGE('',*,*,#2169,.T.);
#1683=ORIENTED_EDGE('',*,*,#2069,.F.);
#1684=ORIENTED_EDGE('',*,*,#2064,.T.);
#1685=ORIENTED_EDGE('',*,*,#2119,.T.);
#1686=ORIENTED_EDGE('',*,*,#2170,.T.);
#1687=ORIENTED_EDGE('',*,*,#2070,.T.);
#1688=ORIENTED_EDGE('',*,*,#2169,.F.);
#1689=ORIENTED_EDGE('',*,*,#2171,.F.);
#1690=ORIENTED_EDGE('',*,*,#2172,.T.);
#1691=ORIENTED_EDGE('',*,*,#2173,.T.);
#1692=ORIENTED_EDGE('',*,*,#2071,.T.);
#1693=ORIENTED_EDGE('',*,*,#2170,.F.);
#1694=ORIENTED_EDGE('',*,*,#2117,.T.);
#1695=ORIENTED_EDGE('',*,*,#2114,.T.);
#1696=ORIENTED_EDGE('',*,*,#2072,.F.);
#1697=ORIENTED_EDGE('',*,*,#2173,.F.);
#1698=ORIENTED_EDGE('',*,*,#2174,.T.);
#1699=ORIENTED_EDGE('',*,*,#2175,.T.);
#1700=ORIENTED_EDGE('',*,*,#2176,.F.);
#1701=ORIENTED_EDGE('',*,*,#2177,.F.);
#1702=ORIENTED_EDGE('',*,*,#2178,.T.);
#1703=ORIENTED_EDGE('',*,*,#2073,.T.);
#1704=ORIENTED_EDGE('',*,*,#2075,.F.);
#1705=ORIENTED_EDGE('',*,*,#2178,.F.);
#1706=ORIENTED_EDGE('',*,*,#2179,.F.);
#1707=ORIENTED_EDGE('',*,*,#2180,.T.);
#1708=ORIENTED_EDGE('',*,*,#2152,.F.);
#1709=ORIENTED_EDGE('',*,*,#2181,.T.);
#1710=ORIENTED_EDGE('',*,*,#2077,.F.);
#1711=ORIENTED_EDGE('',*,*,#2182,.T.);
#1712=ORIENTED_EDGE('',*,*,#2078,.F.);
#1713=ORIENTED_EDGE('',*,*,#2183,.F.);
#1714=ORIENTED_EDGE('',*,*,#2184,.F.);
#1715=ORIENTED_EDGE('',*,*,#2185,.T.);
#1716=ORIENTED_EDGE('',*,*,#2186,.F.);
#1717=ORIENTED_EDGE('',*,*,#2080,.T.);
#1718=ORIENTED_EDGE('',*,*,#2180,.F.);
#1719=ORIENTED_EDGE('',*,*,#2187,.F.);
#1720=ORIENTED_EDGE('',*,*,#2188,.T.);
#1721=ORIENTED_EDGE('',*,*,#2189,.F.);
#1722=ORIENTED_EDGE('',*,*,#2190,.F.);
#1723=ORIENTED_EDGE('',*,*,#2191,.F.);
#1724=ORIENTED_EDGE('',*,*,#2081,.F.);
#1725=ORIENTED_EDGE('',*,*,#2192,.F.);
#1726=ORIENTED_EDGE('',*,*,#2193,.T.);
#1727=ORIENTED_EDGE('',*,*,#2082,.T.);
#1728=ORIENTED_EDGE('',*,*,#2191,.T.);
#1729=ORIENTED_EDGE('',*,*,#2194,.F.);
#1730=ORIENTED_EDGE('',*,*,#2195,.F.);
#1731=ORIENTED_EDGE('',*,*,#2108,.F.);
#1732=ORIENTED_EDGE('',*,*,#2102,.T.);
#1733=ORIENTED_EDGE('',*,*,#2182,.F.);
#1734=ORIENTED_EDGE('',*,*,#2083,.T.);
#1735=ORIENTED_EDGE('',*,*,#2193,.F.);
#1736=ORIENTED_EDGE('',*,*,#2084,.F.);
#1737=ORIENTED_EDGE('',*,*,#2196,.F.);
#1738=ORIENTED_EDGE('',*,*,#2197,.F.);
#1739=ORIENTED_EDGE('',*,*,#2198,.T.);
#1740=ORIENTED_EDGE('',*,*,#2133,.F.);
#1741=ORIENTED_EDGE('',*,*,#2132,.T.);
#1742=ORIENTED_EDGE('',*,*,#2199,.T.);
#1743=ORIENTED_EDGE('',*,*,#2086,.F.);
#1744=ORIENTED_EDGE('',*,*,#2200,.T.);
#1745=ORIENTED_EDGE('',*,*,#2088,.T.);
#1746=ORIENTED_EDGE('',*,*,#2198,.F.);
#1747=ORIENTED_EDGE('',*,*,#2201,.F.);
#1748=ORIENTED_EDGE('',*,*,#2202,.T.);
#1749=ORIENTED_EDGE('',*,*,#2203,.F.);
#1750=ORIENTED_EDGE('',*,*,#2204,.F.);
#1751=ORIENTED_EDGE('',*,*,#2205,.F.);
#1752=ORIENTED_EDGE('',*,*,#2089,.F.);
#1753=ORIENTED_EDGE('',*,*,#2206,.F.);
#1754=ORIENTED_EDGE('',*,*,#2142,.F.);
#1755=ORIENTED_EDGE('',*,*,#2137,.T.);
#1756=ORIENTED_EDGE('',*,*,#2207,.T.);
#1757=ORIENTED_EDGE('',*,*,#2090,.T.);
#1758=ORIENTED_EDGE('',*,*,#2205,.T.);
#1759=ORIENTED_EDGE('',*,*,#2208,.F.);
#1760=ORIENTED_EDGE('',*,*,#2135,.T.);
#1761=ORIENTED_EDGE('',*,*,#2200,.F.);
#1762=ORIENTED_EDGE('',*,*,#2091,.T.);
#1763=ORIENTED_EDGE('',*,*,#2207,.F.);
#1764=ORIENTED_EDGE('',*,*,#2092,.T.);
#1765=ORIENTED_EDGE('',*,*,#2199,.F.);
#1766=ORIENTED_EDGE('',*,*,#2131,.T.);
#1767=ORIENTED_EDGE('',*,*,#2209,.F.);
#1768=ORIENTED_EDGE('',*,*,#2094,.T.);
#1769=ORIENTED_EDGE('',*,*,#2209,.T.);
#1770=ORIENTED_EDGE('',*,*,#2130,.T.);
#1771=ORIENTED_EDGE('',*,*,#2127,.T.);
#1772=ORIENTED_EDGE('',*,*,#2210,.F.);
#1773=ORIENTED_EDGE('',*,*,#2096,.T.);
#1774=ORIENTED_EDGE('',*,*,#2210,.T.);
#1775=ORIENTED_EDGE('',*,*,#2164,.T.);
#1776=ORIENTED_EDGE('',*,*,#2162,.T.);
#1777=ORIENTED_EDGE('',*,*,#2160,.F.);
#1778=ORIENTED_EDGE('',*,*,#2157,.F.);
#1779=ORIENTED_EDGE('',*,*,#2195,.T.);
#1780=ORIENTED_EDGE('',*,*,#2211,.T.);
#1781=ORIENTED_EDGE('',*,*,#2212,.F.);
#1782=ORIENTED_EDGE('',*,*,#2105,.T.);
#1783=ORIENTED_EDGE('',*,*,#2212,.T.);
#1784=ORIENTED_EDGE('',*,*,#2213,.T.);
#1785=ORIENTED_EDGE('',*,*,#2214,.T.);
#1786=ORIENTED_EDGE('',*,*,#2215,.T.);
#1787=ORIENTED_EDGE('',*,*,#2116,.T.);
#1788=ORIENTED_EDGE('',*,*,#2110,.T.);
#1789=ORIENTED_EDGE('',*,*,#2109,.T.);
#1790=ORIENTED_EDGE('',*,*,#2106,.T.);
#1791=ORIENTED_EDGE('',*,*,#2216,.T.);
#1792=ORIENTED_EDGE('',*,*,#2187,.T.);
#1793=ORIENTED_EDGE('',*,*,#2179,.T.);
#1794=ORIENTED_EDGE('',*,*,#2177,.T.);
#1795=ORIENTED_EDGE('',*,*,#2112,.T.);
#1796=ORIENTED_EDGE('',*,*,#2171,.T.);
#1797=ORIENTED_EDGE('',*,*,#2113,.T.);
#1798=ORIENTED_EDGE('',*,*,#2215,.F.);
#1799=ORIENTED_EDGE('',*,*,#2217,.F.);
#1800=ORIENTED_EDGE('',*,*,#2206,.T.);
#1801=ORIENTED_EDGE('',*,*,#2218,.T.);
#1802=ORIENTED_EDGE('',*,*,#2219,.F.);
#1803=ORIENTED_EDGE('',*,*,#2139,.T.);
#1804=ORIENTED_EDGE('',*,*,#2219,.T.);
#1805=ORIENTED_EDGE('',*,*,#2220,.T.);
#1806=ORIENTED_EDGE('',*,*,#2221,.T.);
#1807=ORIENTED_EDGE('',*,*,#2222,.T.);
#1808=ORIENTED_EDGE('',*,*,#2147,.T.);
#1809=ORIENTED_EDGE('',*,*,#2144,.T.);
#1810=ORIENTED_EDGE('',*,*,#2140,.T.);
#1811=ORIENTED_EDGE('',*,*,#2197,.T.);
#1812=ORIENTED_EDGE('',*,*,#2223,.T.);
#1813=ORIENTED_EDGE('',*,*,#2224,.T.);
#1814=ORIENTED_EDGE('',*,*,#2201,.T.);
#1815=ORIENTED_EDGE('',*,*,#2145,.T.);
#1816=ORIENTED_EDGE('',*,*,#2225,.T.);
#1817=ORIENTED_EDGE('',*,*,#2148,.T.);
#1818=ORIENTED_EDGE('',*,*,#2222,.F.);
#1819=ORIENTED_EDGE('',*,*,#2226,.F.);
#1820=ORIENTED_EDGE('',*,*,#2150,.T.);
#1821=ORIENTED_EDGE('',*,*,#2149,.T.);
#1822=ORIENTED_EDGE('',*,*,#2225,.F.);
#1823=ORIENTED_EDGE('',*,*,#2227,.T.);
#1824=ORIENTED_EDGE('',*,*,#2183,.T.);
#1825=ORIENTED_EDGE('',*,*,#2181,.F.);
#1826=ORIENTED_EDGE('',*,*,#2228,.F.);
#1827=ORIENTED_EDGE('',*,*,#2194,.T.);
#1828=ORIENTED_EDGE('',*,*,#2229,.T.);
#1829=ORIENTED_EDGE('',*,*,#2172,.F.);
#1830=ORIENTED_EDGE('',*,*,#2229,.F.);
#1831=ORIENTED_EDGE('',*,*,#2190,.T.);
#1832=ORIENTED_EDGE('',*,*,#2230,.F.);
#1833=ORIENTED_EDGE('',*,*,#2174,.F.);
#1834=ORIENTED_EDGE('',*,*,#2231,.F.);
#1835=ORIENTED_EDGE('',*,*,#2175,.F.);
#1836=ORIENTED_EDGE('',*,*,#2230,.T.);
#1837=ORIENTED_EDGE('',*,*,#2189,.T.);
#1838=ORIENTED_EDGE('',*,*,#2231,.T.);
#1839=ORIENTED_EDGE('',*,*,#2188,.F.);
#1840=ORIENTED_EDGE('',*,*,#2216,.F.);
#1841=ORIENTED_EDGE('',*,*,#2176,.T.);
#1842=ORIENTED_EDGE('',*,*,#2232,.F.);
#1843=ORIENTED_EDGE('',*,*,#2233,.T.);
#1844=ORIENTED_EDGE('',*,*,#2234,.T.);
#1845=ORIENTED_EDGE('',*,*,#2184,.T.);
#1846=ORIENTED_EDGE('',*,*,#2227,.F.);
#1847=ORIENTED_EDGE('',*,*,#2185,.F.);
#1848=ORIENTED_EDGE('',*,*,#2234,.F.);
#1849=ORIENTED_EDGE('',*,*,#2235,.T.);
#1850=ORIENTED_EDGE('',*,*,#2236,.T.);
#1851=ORIENTED_EDGE('',*,*,#2237,.F.);
#1852=ORIENTED_EDGE('',*,*,#2223,.F.);
#1853=ORIENTED_EDGE('',*,*,#2196,.T.);
#1854=ORIENTED_EDGE('',*,*,#2186,.T.);
#1855=ORIENTED_EDGE('',*,*,#2192,.T.);
#1856=ORIENTED_EDGE('',*,*,#2238,.T.);
#1857=ORIENTED_EDGE('',*,*,#2213,.F.);
#1858=ORIENTED_EDGE('',*,*,#2211,.F.);
#1859=ORIENTED_EDGE('',*,*,#2239,.T.);
#1860=ORIENTED_EDGE('',*,*,#2202,.F.);
#1861=ORIENTED_EDGE('',*,*,#2224,.F.);
#1862=ORIENTED_EDGE('',*,*,#2237,.T.);
#1863=ORIENTED_EDGE('',*,*,#2239,.F.);
#1864=ORIENTED_EDGE('',*,*,#2236,.F.);
#1865=ORIENTED_EDGE('',*,*,#2240,.T.);
#1866=ORIENTED_EDGE('',*,*,#2203,.T.);
#1867=ORIENTED_EDGE('',*,*,#2241,.F.);
#1868=ORIENTED_EDGE('',*,*,#2204,.T.);
#1869=ORIENTED_EDGE('',*,*,#2240,.F.);
#1870=ORIENTED_EDGE('',*,*,#2235,.F.);
#1871=ORIENTED_EDGE('',*,*,#2242,.F.);
#1872=ORIENTED_EDGE('',*,*,#2208,.T.);
#1873=ORIENTED_EDGE('',*,*,#2241,.T.);
#1874=ORIENTED_EDGE('',*,*,#2233,.F.);
#1875=ORIENTED_EDGE('',*,*,#2228,.T.);
#1876=ORIENTED_EDGE('',*,*,#2217,.T.);
#1877=ORIENTED_EDGE('',*,*,#2214,.F.);
#1878=ORIENTED_EDGE('',*,*,#2238,.F.);
#1879=ORIENTED_EDGE('',*,*,#2242,.T.);
#1880=ORIENTED_EDGE('',*,*,#2243,.T.);
#1881=ORIENTED_EDGE('',*,*,#2220,.F.);
#1882=ORIENTED_EDGE('',*,*,#2218,.F.);
#1883=ORIENTED_EDGE('',*,*,#2232,.T.);
#1884=ORIENTED_EDGE('',*,*,#2226,.T.);
#1885=ORIENTED_EDGE('',*,*,#2221,.F.);
#1886=ORIENTED_EDGE('',*,*,#2243,.F.);
#1887=ORIENTED_EDGE('',*,*,#1961,.F.);
#1888=ORIENTED_EDGE('',*,*,#1945,.T.);
#1889=ORIENTED_EDGE('',*,*,#1962,.T.);
#1890=ORIENTED_EDGE('',*,*,#1923,.T.);
#1891=ORIENTED_EDGE('',*,*,#1958,.T.);
#1892=ORIENTED_EDGE('',*,*,#1949,.T.);
#1893=ORIENTED_EDGE('',*,*,#1932,.F.);
#1894=ORIENTED_EDGE('',*,*,#1980,.T.);
#1895=ORIENTED_EDGE('',*,*,#1941,.T.);
#1896=ORIENTED_EDGE('',*,*,#1960,.T.);
#1897=ORIENTED_EDGE('',*,*,#1947,.T.);
#1898=ORIENTED_EDGE('',*,*,#1983,.T.);
#1899=EDGE_CURVE('',#2244,#2245,#2246,.T.);
#1900=EDGE_CURVE('',#2245,#2247,#2248,.T.);
#1901=EDGE_CURVE('',#2249,#2247,#2250,.T.);
#1902=EDGE_CURVE('',#2244,#2249,#2251,.T.);
#1903=EDGE_CURVE('',#2245,#2252,#2253,.T.);
#1904=EDGE_CURVE('',#2252,#2254,#2255,.T.);
#1905=EDGE_CURVE('',#2247,#2254,#2256,.T.);
#1906=EDGE_CURVE('',#2252,#2257,#2258,.T.);
#1907=EDGE_CURVE('',#2257,#2259,#2260,.T.);
#1908=EDGE_CURVE('',#2254,#2259,#2261,.T.);
#1909=EDGE_CURVE('',#2257,#2244,#2262,.T.);
#1910=EDGE_CURVE('',#2259,#2249,#2263,.T.);
#1911=EDGE_CURVE('',#2264,#2265,#2266,.T.);
#1912=EDGE_CURVE('',#2265,#2267,#2268,.T.);
#1913=EDGE_CURVE('',#2269,#2267,#2270,.T.);
#1914=EDGE_CURVE('',#2264,#2269,#2271,.T.);
#1915=EDGE_CURVE('',#2272,#2264,#2273,.T.);
#1916=EDGE_CURVE('',#2274,#2272,#2275,.T.);
#1917=EDGE_CURVE('',#2265,#2274,#2276,.T.);
#1918=EDGE_CURVE('',#2274,#2277,#2278,.T.);
#1919=EDGE_CURVE('',#2267,#2277,#2279,.T.);
#1920=EDGE_CURVE('',#2277,#2280,#2281,.T.);
#1921=EDGE_CURVE('',#2280,#2269,#2282,.T.);
#1922=EDGE_CURVE('',#2272,#2280,#2283,.T.);
#1923=EDGE_CURVE('',#2284,#2285,#2286,.T.);
#1924=EDGE_CURVE('',#2287,#2284,#2288,.T.);
#1925=EDGE_CURVE('',#2289,#2287,#2290,.T.);
#1926=EDGE_CURVE('',#2291,#2289,#2292,.T.);
#1927=EDGE_CURVE('',#2293,#2291,#2294,.T.);
#1928=EDGE_CURVE('',#2293,#2285,#2295,.T.);
#1929=EDGE_CURVE('',#2296,#2297,#2298,.T.);
#1930=EDGE_CURVE('',#2297,#2299,#2300,.F.);
#1931=EDGE_CURVE('',#2299,#2296,#2301,.F.);
#1932=EDGE_CURVE('',#2302,#2303,#2304,.T.);
#1933=EDGE_CURVE('',#2303,#2305,#2306,.T.);
#1934=EDGE_CURVE('',#2305,#2307,#2308,.T.);
#1935=EDGE_CURVE('',#2309,#2307,#2310,.T.);
#1936=EDGE_CURVE('',#2309,#2311,#2312,.T.);
#1937=EDGE_CURVE('',#2302,#2311,#2313,.T.);
#1938=EDGE_CURVE('',#2314,#2315,#2316,.T.);
#1939=EDGE_CURVE('',#2315,#2317,#2318,.F.);
#1940=EDGE_CURVE('',#2317,#2314,#2319,.F.);
#1941=EDGE_CURVE('',#2320,#2321,#2322,.T.);
#1942=EDGE_CURVE('',#2320,#2323,#2324,.T.);
#1943=EDGE_CURVE('',#2325,#2323,#2326,.T.);
#1944=EDGE_CURVE('',#2327,#2325,#2328,.T.);
#1945=EDGE_CURVE('',#2329,#2327,#2330,.F.);
#1946=EDGE_CURVE('',#2329,#2321,#2331,.T.);
#1947=EDGE_CURVE('',#2332,#2333,#2334,.F.);
#1948=EDGE_CURVE('',#2332,#2335,#2336,.F.);
#1949=EDGE_CURVE('',#2337,#2335,#2338,.T.);
#1950=EDGE_CURVE('',#2339,#2337,#2340,.F.);
#1951=EDGE_CURVE('',#2339,#2341,#2342,.T.);
#1952=EDGE_CURVE('',#2341,#2333,#2343,.F.);
#1953=EDGE_CURVE('',#2344,#2289,#2345,.F.);
#1954=EDGE_CURVE('',#2346,#2344,#2347,.T.);
#1955=EDGE_CURVE('',#2346,#2291,#2348,.F.);
#1956=EDGE_CURVE('',#2349,#2346,#2350,.T.);
#1957=EDGE_CURVE('',#2349,#2293,#2351,.T.);
#1958=EDGE_CURVE('',#2285,#2337,#2352,.F.);
#1959=EDGE_CURVE('',#2349,#2339,#2353,.T.);
#1960=EDGE_CURVE('',#2321,#2332,#2354,.T.);
#1961=EDGE_CURVE('',#2329,#2335,#2355,.T.);
#1962=EDGE_CURVE('',#2327,#2284,#2356,.F.);
#1963=EDGE_CURVE('',#2357,#2325,#2358,.T.);
#1964=EDGE_CURVE('',#2287,#2357,#2359,.T.);
#1965=EDGE_CURVE('',#2289,#2360,#2361,.T.);
#1966=EDGE_CURVE('',#2362,#2287,#2363,.T.);
#1967=EDGE_CURVE('',#2360,#2362,#2364,.T.);
#1968=EDGE_CURVE('',#2365,#2366,#2367,.F.);
#1969=EDGE_CURVE('',#2297,#2365,#2368,.T.);
#1970=EDGE_CURVE('',#2296,#2366,#2369,.T.);
#1971=EDGE_CURVE('',#2370,#2365,#2371,.F.);
#1972=EDGE_CURVE('',#2299,#2370,#2372,.T.);
#1973=EDGE_CURVE('',#2366,#2370,#2373,.F.);
#1974=EDGE_CURVE('',#2307,#2374,#2375,.F.);
#1975=EDGE_CURVE('',#2376,#2374,#2377,.T.);
#1976=EDGE_CURVE('',#2309,#2376,#2378,.T.);
#1977=EDGE_CURVE('',#2379,#2309,#2380,.T.);
#1978=EDGE_CURVE('',#2379,#2381,#2382,.T.);
#1979=EDGE_CURVE('',#2311,#2381,#2383,.T.);
#1980=EDGE_CURVE('',#2302,#2320,#2384,.F.);
#1981=EDGE_CURVE('',#2311,#2385,#2386,.T.);
#1982=EDGE_CURVE('',#2323,#2385,#2387,.T.);
#1983=EDGE_CURVE('',#2333,#2303,#2388,.F.);
#1984=EDGE_CURVE('',#2341,#2389,#2390,.T.);
#1985=EDGE_CURVE('',#2389,#2305,#2391,.F.);
#1986=EDGE_CURVE('',#2389,#2374,#2392,.T.);
#1987=EDGE_CURVE('',#2393,#2394,#2395,.F.);
#1988=EDGE_CURVE('',#2315,#2393,#2396,.T.);
#1989=EDGE_CURVE('',#2314,#2394,#2397,.T.);
#1990=EDGE_CURVE('',#2398,#2393,#2399,.F.);
#1991=EDGE_CURVE('',#2317,#2398,#2400,.T.);
#1992=EDGE_CURVE('',#2394,#2398,#2401,.F.);
#1993=EDGE_CURVE('',#2402,#2403,#2404,.T.);
#1994=EDGE_CURVE('',#2403,#2405,#2406,.T.);
#1995=EDGE_CURVE('',#2405,#2407,#2408,.T.);
#1996=EDGE_CURVE('',#2407,#2409,#2410,.T.);
#1997=EDGE_CURVE('',#2409,#2411,#2412,.T.);
#1998=EDGE_CURVE('',#2411,#2413,#2414,.T.);
#1999=EDGE_CURVE('',#2415,#2413,#2416,.T.);
#2000=EDGE_CURVE('',#2417,#2415,#2418,.F.);
#2001=EDGE_CURVE('',#2419,#2417,#2420,.T.);
#2002=EDGE_CURVE('',#2421,#2419,#2422,.F.);
#2003=EDGE_CURVE('',#2423,#2421,#2424,.T.);
#2004=EDGE_CURVE('',#2423,#2357,#2425,.T.);
#2005=EDGE_CURVE('',#2385,#2426,#2427,.T.);
#2006=EDGE_CURVE('',#2426,#2428,#2429,.T.);
#2007=EDGE_CURVE('',#2428,#2402,#2430,.T.);
#2008=EDGE_CURVE('',#2431,#2432,#2433,.T.);
#2009=EDGE_CURVE('',#2434,#2431,#2435,.F.);
#2010=EDGE_CURVE('',#2434,#2436,#2437,.T.);
#2011=EDGE_CURVE('',#2438,#2436,#2439,.F.);
#2012=EDGE_CURVE('',#2440,#2438,#2441,.T.);
#2013=EDGE_CURVE('',#2442,#2440,#2443,.T.);
#2014=EDGE_CURVE('',#2442,#2444,#2445,.F.);
#2015=EDGE_CURVE('',#2446,#2444,#2447,.T.);
#2016=EDGE_CURVE('',#2389,#2446,#2448,.F.);
#2017=EDGE_CURVE('',#2449,#2349,#2450,.F.);
#2018=EDGE_CURVE('',#2451,#2449,#2452,.T.);
#2019=EDGE_CURVE('',#2453,#2451,#2454,.F.);
#2020=EDGE_CURVE('',#2453,#2455,#2456,.T.);
#2021=EDGE_CURVE('',#2455,#2457,#2458,.F.);
#2022=EDGE_CURVE('',#2459,#2457,#2460,.T.);
#2023=EDGE_CURVE('',#2461,#2459,#2462,.T.);
#2024=EDGE_CURVE('',#2463,#2461,#2464,.F.);
#2025=EDGE_CURVE('',#2463,#2465,#2466,.T.);
#2026=EDGE_CURVE('',#2467,#2465,#2468,.F.);
#2027=EDGE_CURVE('',#2469,#2467,#2470,.T.);
#2028=EDGE_CURVE('',#2469,#2432,#2471,.F.);
#2029=EDGE_CURVE('',#2472,#2360,#2473,.F.);
#2030=EDGE_CURVE('',#2344,#2472,#2474,.T.);
#2031=EDGE_CURVE('',#2475,#2476,#2477,.T.);
#2032=EDGE_CURVE('',#2476,#2346,#2478,.T.);
#2033=EDGE_CURVE('',#2472,#2479,#2480,.T.);
#2034=EDGE_CURVE('',#2479,#2475,#2481,.T.);
#2035=EDGE_CURVE('',#2449,#2476,#2482,.T.);
#2036=EDGE_CURVE('',#2362,#2423,#2483,.T.);
#2037=EDGE_CURVE('',#2360,#2484,#2485,.T.);
#2038=EDGE_CURVE('',#2362,#2486,#2487,.T.);
#2039=EDGE_CURVE('',#2486,#2488,#2489,.T.);
#2040=EDGE_CURVE('',#2488,#2490,#2491,.T.);
#2041=EDGE_CURVE('',#2484,#2490,#2492,.T.);
#2042=EDGE_CURVE('',#2493,#2494,#2495,.T.);
#2043=EDGE_CURVE('',#2494,#2496,#2497,.T.);
#2044=EDGE_CURVE('',#2498,#2496,#2499,.T.);
#2045=EDGE_CURVE('',#2498,#2500,#2501,.T.);
#2046=EDGE_CURVE('',#2500,#2502,#2503,.T.);
#2047=EDGE_CURVE('',#2502,#2504,#2505,.T.);
#2048=EDGE_CURVE('',#2504,#2506,#2507,.T.);
#2049=EDGE_CURVE('',#2506,#2493,#2508,.T.);
#2050=EDGE_CURVE('',#2509,#2510,#2511,.T.);
#2051=EDGE_CURVE('',#2510,#2512,#2513,.T.);
#2052=EDGE_CURVE('',#2512,#2514,#2515,.T.);
#2053=EDGE_CURVE('',#2514,#2376,#2516,.T.);
#2054=EDGE_CURVE('',#2374,#2509,#2517,.T.);
#2055=EDGE_CURVE('',#2379,#2514,#2518,.T.);
#2056=EDGE_CURVE('',#2519,#2379,#2520,.T.);
#2057=EDGE_CURVE('',#2519,#2521,#2522,.T.);
#2058=EDGE_CURVE('',#2381,#2521,#2523,.T.);
#2059=EDGE_CURVE('',#2381,#2426,#2524,.T.);
#2060=EDGE_CURVE('',#2446,#2509,#2525,.T.);
#2061=EDGE_CURVE('',#2526,#2527,#2528,.T.);
#2062=EDGE_CURVE('',#2529,#2526,#2530,.T.);
#2063=EDGE_CURVE('',#2529,#2531,#2532,.T.);
#2064=EDGE_CURVE('',#2533,#2531,#2534,.F.);
#2065=EDGE_CURVE('',#2535,#2533,#2536,.T.);
#2066=EDGE_CURVE('',#2527,#2535,#2537,.T.);
#2067=EDGE_CURVE('',#2533,#2403,#2538,.T.);
#2068=EDGE_CURVE('',#2535,#2402,#2539,.T.);
#2069=EDGE_CURVE('',#2533,#2540,#2541,.T.);
#2070=EDGE_CURVE('',#2542,#2540,#2543,.F.);
#2071=EDGE_CURVE('',#2544,#2542,#2545,.F.);
#2072=EDGE_CURVE('',#2544,#2546,#2547,.F.);
#2073=EDGE_CURVE('',#2548,#2546,#2549,.T.);
#2074=EDGE_CURVE('',#2548,#2405,#2550,.T.);
#2075=EDGE_CURVE('',#2548,#2551,#2552,.T.);
#2076=EDGE_CURVE('',#2551,#2407,#2553,.T.);
#2077=EDGE_CURVE('',#2554,#2555,#2556,.T.);
#2078=EDGE_CURVE('',#2555,#2557,#2558,.T.);
#2079=EDGE_CURVE('',#2557,#2409,#2559,.T.);
#2080=EDGE_CURVE('',#2560,#2551,#2561,.F.);
#2081=EDGE_CURVE('',#2560,#2562,#2563,.T.);
#2082=EDGE_CURVE('',#2564,#2562,#2565,.F.);
#2083=EDGE_CURVE('',#2554,#2564,#2566,.T.);
#2084=EDGE_CURVE('',#2557,#2567,#2568,.T.);
#2085=EDGE_CURVE('',#2567,#2411,#2569,.T.);
#2086=EDGE_CURVE('',#2570,#2571,#2572,.T.);
#2087=EDGE_CURVE('',#2571,#2413,#2573,.T.);
#2088=EDGE_CURVE('',#2574,#2567,#2575,.F.);
#2089=EDGE_CURVE('',#2574,#2576,#2577,.T.);
#2090=EDGE_CURVE('',#2578,#2576,#2579,.F.);
#2091=EDGE_CURVE('',#2570,#2578,#2580,.T.);
#2092=EDGE_CURVE('',#2581,#2571,#2582,.T.);
#2093=EDGE_CURVE('',#2581,#2415,#2583,.T.);
#2094=EDGE_CURVE('',#2584,#2581,#2585,.F.);
#2095=EDGE_CURVE('',#2584,#2417,#2586,.F.);
#2096=EDGE_CURVE('',#2587,#2584,#2588,.T.);
#2097=EDGE_CURVE('',#2587,#2419,#2589,.T.);
#2098=EDGE_CURVE('',#2486,#2587,#2590,.F.);
#2099=EDGE_CURVE('',#2486,#2421,#2591,.F.);
#2100=EDGE_CURVE('',#2521,#2428,#2592,.T.);
#2101=EDGE_CURVE('',#2521,#2535,#2593,.T.);
#2102=EDGE_CURVE('',#2594,#2595,#2596,.T.);
#2103=EDGE_CURVE('',#2594,#2431,#2597,.F.);
#2104=EDGE_CURVE('',#2432,#2595,#2598,.F.);
#2105=EDGE_CURVE('',#2599,#2600,#2601,.F.);
#2106=EDGE_CURVE('',#2602,#2599,#2603,.T.);
#2107=EDGE_CURVE('',#2602,#2434,#2604,.T.);
#2108=EDGE_CURVE('',#2594,#2600,#2605,.T.);
#2109=EDGE_CURVE('',#2606,#2602,#2607,.T.);
#2110=EDGE_CURVE('',#2608,#2606,#2609,.T.);
#2111=EDGE_CURVE('',#2436,#2608,#2610,.F.);
#2112=EDGE_CURVE('',#2611,#2611,#2612,.F.);
#2113=EDGE_CURVE('',#2613,#2614,#2615,.T.);
#2114=EDGE_CURVE('',#2616,#2613,#2617,.T.);
#2115=EDGE_CURVE('',#2438,#2616,#2618,.F.);
#2116=EDGE_CURVE('',#2614,#2608,#2619,.T.);
#2117=EDGE_CURVE('',#2620,#2616,#2621,.T.);
#2118=EDGE_CURVE('',#2440,#2620,#2622,.F.);
#2119=EDGE_CURVE('',#2623,#2620,#2624,.T.);
#2120=EDGE_CURVE('',#2442,#2623,#2625,.T.);
#2121=EDGE_CURVE('',#2623,#2531,#2626,.F.);
#2122=EDGE_CURVE('',#2444,#2531,#2627,.F.);
#2123=EDGE_CURVE('',#2446,#2529,#2628,.T.);
#2124=EDGE_CURVE('',#2493,#2451,#2629,.T.);
#2125=EDGE_CURVE('',#2449,#2494,#2630,.F.);
#2126=EDGE_CURVE('',#2506,#2631,#2632,.T.);
#2127=EDGE_CURVE('',#2633,#2631,#2634,.T.);
#2128=EDGE_CURVE('',#2633,#2453,#2635,.T.);
#2129=EDGE_CURVE('',#2455,#2636,#2637,.T.);
#2130=EDGE_CURVE('',#2638,#2633,#2639,.T.);
#2131=EDGE_CURVE('',#2640,#2638,#2641,.T.);
#2132=EDGE_CURVE('',#2636,#2640,#2642,.F.);
#2133=EDGE_CURVE('',#2636,#2643,#2644,.F.);
#2134=EDGE_CURVE('',#2457,#2643,#2645,.F.);
#2135=EDGE_CURVE('',#2646,#2643,#2647,.T.);
#2136=EDGE_CURVE('',#2459,#2646,#2648,.F.);
#2137=EDGE_CURVE('',#2649,#2646,#2650,.T.);
#2138=EDGE_CURVE('',#2649,#2461,#2651,.T.);
#2139=EDGE_CURVE('',#2652,#2653,#2654,.F.);
#2140=EDGE_CURVE('',#2655,#2652,#2656,.T.);
#2141=EDGE_CURVE('',#2655,#2463,#2657,.T.);
#2142=EDGE_CURVE('',#2649,#2653,#2658,.T.);
#2143=EDGE_CURVE('',#2465,#2659,#2660,.F.);
#2144=EDGE_CURVE('',#2659,#2655,#2661,.T.);
#2145=EDGE_CURVE('',#2662,#2662,#2663,.F.);
#2146=EDGE_CURVE('',#2467,#2664,#2665,.F.);
#2147=EDGE_CURVE('',#2666,#2659,#2667,.T.);
#2148=EDGE_CURVE('',#2668,#2666,#2669,.F.);
#2149=EDGE_CURVE('',#2664,#2668,#2670,.T.);
#2150=EDGE_CURVE('',#2671,#2664,#2672,.T.);
#2151=EDGE_CURVE('',#2469,#2671,#2673,.T.);
#2152=EDGE_CURVE('',#2671,#2595,#2674,.F.);
#2153=EDGE_CURVE('',#2479,#2484,#2675,.F.);
#2154=EDGE_CURVE('',#2476,#2496,#2676,.F.);
#2155=EDGE_CURVE('',#2475,#2498,#2677,.F.);
#2156=EDGE_CURVE('',#2484,#2498,#2678,.T.);
#2157=EDGE_CURVE('',#2587,#2679,#2680,.T.);
#2158=EDGE_CURVE('',#2679,#2488,#2681,.F.);
#2159=EDGE_CURVE('',#2490,#2500,#2682,.F.);
#2160=EDGE_CURVE('',#2679,#2683,#2684,.F.);
#2161=EDGE_CURVE('',#2502,#2683,#2685,.T.);
#2162=EDGE_CURVE('',#2686,#2683,#2687,.T.);
#2163=EDGE_CURVE('',#2504,#2686,#2688,.T.);
#2164=EDGE_CURVE('',#2631,#2686,#2689,.T.);
#2165=EDGE_CURVE('',#2527,#2510,#2690,.T.);
#2166=EDGE_CURVE('',#2509,#2526,#2691,.F.);
#2167=EDGE_CURVE('',#2527,#2519,#2692,.T.);
#2168=EDGE_CURVE('',#2519,#2512,#2693,.T.);
#2169=EDGE_CURVE('',#2623,#2540,#2694,.T.);
#2170=EDGE_CURVE('',#2620,#2542,#2695,.T.);
#2171=EDGE_CURVE('',#2696,#2613,#2697,.T.);
#2172=EDGE_CURVE('',#2696,#2698,#2699,.T.);
#2173=EDGE_CURVE('',#2698,#2544,#2700,.T.);
#2174=EDGE_CURVE('',#2698,#2546,#2701,.T.);
#2175=EDGE_CURVE('',#2546,#2702,#2703,.T.);
#2176=EDGE_CURVE('',#2704,#2702,#2705,.T.);
#2177=EDGE_CURVE('',#2706,#2704,#2707,.T.);
#2178=EDGE_CURVE('',#2706,#2548,#2708,.T.);
#2179=EDGE_CURVE('',#2709,#2706,#2710,.T.);
#2180=EDGE_CURVE('',#2709,#2551,#2711,.T.);
#2181=EDGE_CURVE('',#2671,#2555,#2712,.T.);
#2182=EDGE_CURVE('',#2554,#2595,#2713,.F.);
#2183=EDGE_CURVE('',#2714,#2555,#2715,.F.);
#2184=EDGE_CURVE('',#2716,#2714,#2717,.F.);
#2185=EDGE_CURVE('',#2716,#2718,#2719,.F.);
#2186=EDGE_CURVE('',#2557,#2718,#2720,.T.);
#2187=EDGE_CURVE('',#2721,#2709,#2722,.T.);
#2188=EDGE_CURVE('',#2721,#2723,#2724,.T.);
#2189=EDGE_CURVE('',#2560,#2723,#2725,.T.);
#2190=EDGE_CURVE('',#2726,#2560,#2727,.T.);
#2191=EDGE_CURVE('',#2562,#2726,#2728,.F.);
#2192=EDGE_CURVE('',#2729,#2730,#2731,.T.);
#2193=EDGE_CURVE('',#2729,#2564,#2732,.T.);
#2194=EDGE_CURVE('',#2730,#2726,#2733,.T.);
#2195=EDGE_CURVE('',#2600,#2729,#2734,.T.);
#2196=EDGE_CURVE('',#2735,#2557,#2736,.T.);
#2197=EDGE_CURVE('',#2737,#2735,#2738,.T.);
#2198=EDGE_CURVE('',#2737,#2567,#2739,.T.);
#2199=EDGE_CURVE('',#2640,#2571,#2740,.T.);
#2200=EDGE_CURVE('',#2570,#2643,#2741,.F.);
#2201=EDGE_CURVE('',#2742,#2737,#2743,.T.);
#2202=EDGE_CURVE('',#2742,#2744,#2745,.T.);
#2203=EDGE_CURVE('',#2574,#2744,#2746,.T.);
#2204=EDGE_CURVE('',#2747,#2574,#2748,.T.);
#2205=EDGE_CURVE('',#2576,#2747,#2749,.F.);
#2206=EDGE_CURVE('',#2653,#2750,#2751,.T.);
#2207=EDGE_CURVE('',#2646,#2578,#2752,.T.);
#2208=EDGE_CURVE('',#2750,#2747,#2753,.T.);
#2209=EDGE_CURVE('',#2581,#2638,#2754,.T.);
#2210=EDGE_CURVE('',#2584,#2631,#2755,.T.);
#2211=EDGE_CURVE('',#2729,#2756,#2757,.T.);
#2212=EDGE_CURVE('',#2599,#2756,#2758,.T.);
#2213=EDGE_CURVE('',#2756,#2759,#2760,.T.);
#2214=EDGE_CURVE('',#2759,#2761,#2762,.T.);
#2215=EDGE_CURVE('',#2761,#2614,#2763,.T.);
#2216=EDGE_CURVE('',#2704,#2721,#2764,.T.);
#2217=EDGE_CURVE('',#2696,#2761,#2765,.T.);
#2218=EDGE_CURVE('',#2750,#2766,#2767,.T.);
#2219=EDGE_CURVE('',#2652,#2766,#2768,.T.);
#2220=EDGE_CURVE('',#2766,#2769,#2770,.T.);
#2221=EDGE_CURVE('',#2769,#2771,#2772,.T.);
#2222=EDGE_CURVE('',#2771,#2666,#2773,.T.);
#2223=EDGE_CURVE('',#2735,#2774,#2775,.T.);
#2224=EDGE_CURVE('',#2774,#2742,#2776,.T.);
#2225=EDGE_CURVE('',#2777,#2668,#2778,.T.);
#2226=EDGE_CURVE('',#2777,#2771,#2779,.T.);
#2227=EDGE_CURVE('',#2777,#2714,#2780,.T.);
#2228=EDGE_CURVE('',#2730,#2696,#2781,.T.);
#2229=EDGE_CURVE('',#2726,#2698,#2782,.F.);
#2230=EDGE_CURVE('',#2546,#2560,#2783,.T.);
#2231=EDGE_CURVE('',#2702,#2723,#2784,.T.);
#2232=EDGE_CURVE('',#2785,#2777,#2786,.T.);
#2233=EDGE_CURVE('',#2785,#2787,#2788,.T.);
#2234=EDGE_CURVE('',#2787,#2716,#2789,.T.);
#2235=EDGE_CURVE('',#2787,#2718,#2790,.T.);
#2236=EDGE_CURVE('',#2718,#2791,#2792,.T.);
#2237=EDGE_CURVE('',#2774,#2791,#2793,.T.);
#2238=EDGE_CURVE('',#2730,#2759,#2794,.T.);
#2239=EDGE_CURVE('',#2791,#2744,#2795,.T.);
#2240=EDGE_CURVE('',#2718,#2574,#2796,.T.);
#2241=EDGE_CURVE('',#2747,#2787,#2797,.F.);
#2242=EDGE_CURVE('',#2750,#2785,#2798,.T.);
#2243=EDGE_CURVE('',#2785,#2769,#2799,.T.);
#2244=VERTEX_POINT('',#2800);
#2245=VERTEX_POINT('',#2801);
#2246=LINE('',#2802,#2803);
#2247=VERTEX_POINT('',#2805);
#2248=LINE('',#2806,#2807);
#2249=VERTEX_POINT('',#2809);
#2250=LINE('',#2810,#2811);
#2251=LINE('',#2813,#2814);
#2252=VERTEX_POINT('',#2816);
#2253=LINE('',#2817,#2818);
#2254=VERTEX_POINT('',#2820);
#2255=LINE('',#2821,#2822);
#2256=LINE('',#2824,#2825);
#2257=VERTEX_POINT('',#2827);
#2258=LINE('',#2828,#2829);
#2259=VERTEX_POINT('',#2831);
#2260=LINE('',#2832,#2833);
#2261=LINE('',#2835,#2836);
#2262=LINE('',#2838,#2839);
#2263=LINE('',#2841,#2842);
#2264=VERTEX_POINT('',#2844);
#2265=VERTEX_POINT('',#2845);
#2266=LINE('',#2846,#2847);
#2267=VERTEX_POINT('',#2849);
#2268=LINE('',#2850,#2851);
#2269=VERTEX_POINT('',#2853);
#2270=LINE('',#2854,#2855);
#2271=LINE('',#2857,#2858);
#2272=VERTEX_POINT('',#2860);
#2273=LINE('',#2861,#2862);
#2274=VERTEX_POINT('',#2864);
#2275=LINE('',#2865,#2866);
#2276=LINE('',#2868,#2869);
#2277=VERTEX_POINT('',#2871);
#2278=LINE('',#2872,#2873);
#2279=LINE('',#2875,#2876);
#2280=VERTEX_POINT('',#2878);
#2281=LINE('',#2879,#2880);
#2282=LINE('',#2882,#2883);
#2283=LINE('',#2885,#2886);
#2284=VERTEX_POINT('',#2888);
#2285=VERTEX_POINT('',#2889);
#2286=LINE('',#2890,#2891);
#2287=VERTEX_POINT('',#2893);
#2288=LINE('',#2894,#2895);
#2289=VERTEX_POINT('',#2897);
#2290=LINE('',#2898,#2899);
#2291=VERTEX_POINT('',#2901);
#2292=LINE('',#2902,#2903);
#2293=VERTEX_POINT('',#2905);
#2294=LINE('',#2906,#2907);
#2295=LINE('',#2909,#2910);
#2296=VERTEX_POINT('',#2912);
#2297=VERTEX_POINT('',#2913);
#2298=CIRCLE('',#2914,1.55);
#2299=VERTEX_POINT('',#2918);
#2300=LINE('',#2919,#2920);
#2301=LINE('',#2922,#2923);
#2302=VERTEX_POINT('',#2925);
#2303=VERTEX_POINT('',#2926);
#2304=LINE('',#2927,#2928);
#2305=VERTEX_POINT('',#2930);
#2306=LINE('',#2931,#2932);
#2307=VERTEX_POINT('',#2934);
#2308=LINE('',#2935,#2936);
#2309=VERTEX_POINT('',#2938);
#2310=LINE('',#2939,#2940);
#2311=VERTEX_POINT('',#2942);
#2312=LINE('',#2943,#2944);
#2313=LINE('',#2946,#2947);
#2314=VERTEX_POINT('',#2949);
#2315=VERTEX_POINT('',#2950);
#2316=CIRCLE('',#2951,1.55);
#2317=VERTEX_POINT('',#2955);
#2318=LINE('',#2956,#2957);
#2319=LINE('',#2959,#2960);
#2320=VERTEX_POINT('',#2962);
#2321=VERTEX_POINT('',#2963);
#2322=B_SPLINE_CURVE_WITH_KNOTS('',3,
(#2964,#2965,#2966,#2967,#2968,#2969,#2970,#2971,#2972,#2973,#2974),
.UNSPECIFIED.,.F.,.F.,
(4,1,1,1,1,1,1,1,4),
(0.,0.123918814493762,0.248098156032015,0.372540694245151,0.497392355595591,0.622516197044812,
0.748061890650818,0.873888914490161,1.),
.UNSPECIFIED.);
#2323=VERTEX_POINT('',#2975);
#2324=B_SPLINE_CURVE_WITH_KNOTS('',3,
(#2976,#2977,#2978,#2979,#2980,#2981,#2982),
.UNSPECIFIED.,.F.,.F.,
(4,1,1,1,4),
(0.,0.247685389626874,0.496722925235897,0.74761452603701,1.),
.UNSPECIFIED.);
#2325=VERTEX_POINT('',#2983);
#2326=CIRCLE('',#2984,4.44145188432738);
#2327=VERTEX_POINT('',#2988);
#2328=B_SPLINE_CURVE_WITH_KNOTS('',3,
(#2989,#2990,#2991,#2992,#2993,#2994,#2995),
.UNSPECIFIED.,.F.,.F.,
(4,1,1,1,4),
(0.,0.247685390534073,0.49672292640633,0.747614526922455,1.),
.UNSPECIFIED.);
#2329=VERTEX_POINT('',#2996);
#2330=B_SPLINE_CURVE_WITH_KNOTS('',3,
(#2997,#2998,#2999,#3000,#3001,#3002,#3003,#3004,#3005,#3006,#3007),
.UNSPECIFIED.,.F.,.F.,
(4,1,1,1,1,1,1,1,4),
(0.,0.123918814530384,0.248098156096732,0.372540694329226,0.497392355685184,0.622516197130593,
0.748061890718074,0.87388891452889,1.),
.UNSPECIFIED.);
#2331=CIRCLE('',#3008,3.94145188432738);
#2332=VERTEX_POINT('',#3012);
#2333=VERTEX_POINT('',#3013);
#2334=B_SPLINE_CURVE_WITH_KNOTS('',3,
(#3014,#3015,#3016,#3017,#3018,#3019,#3020,#3021,#3022,#3023,#3024),
.UNSPECIFIED.,.F.,.F.,
(4,1,1,1,1,1,1,1,4),
(0.,0.123881895719993,0.248032878364963,0.372455819633866,0.497301822622531,0.622429454007399,
0.74799384678001,0.873849714869995,1.),
.UNSPECIFIED.);
#2335=VERTEX_POINT('',#3025);
#2336=CIRCLE('',#3026,3.94145188432738);
#2337=VERTEX_POINT('',#3030);
#2338=B_SPLINE_CURVE_WITH_KNOTS('',3,
(#3031,#3032,#3033,#3034,#3035,#3036,#3037,#3038,#3039,#3040,#3041),
.UNSPECIFIED.,.F.,.F.,
(4,1,1,1,1,1,1,1,4),
(0.,0.123881895757811,0.248032878431772,0.372455819720716,0.497301822715133,0.622429454096078,
0.747993846849556,0.873849714910051,1.),
.UNSPECIFIED.);
#2339=VERTEX_POINT('',#3042);
#2340=B_SPLINE_CURVE_WITH_KNOTS('',3,
(#3043,#3044,#3045,#3046,#3047,#3048,#3049),
.UNSPECIFIED.,.F.,.F.,
(4,1,1,1,4),
(0.,0.236215865201482,0.504590228679994,0.759218680535487,1.),
.UNSPECIFIED.);
#2341=VERTEX_POINT('',#3050);
#2342=CIRCLE('',#3051,4.24145188432738);
#2343=B_SPLINE_CURVE_WITH_KNOTS('',3,
(#3055,#3056,#3057,#3058,#3059,#3060,#3061),
.UNSPECIFIED.,.F.,.F.,
(4,1,1,1,4),
(0.,0.236215859525408,0.504590219269817,0.759218673010199,1.),
.UNSPECIFIED.);
#2344=VERTEX_POINT('',#3062);
#2345=LINE('',#3063,#3064);
#2346=VERTEX_POINT('',#3066);
#2347=LINE('',#3067,#3068);
#2348=LINE('',#3070,#3071);
#2349=VERTEX_POINT('',#3073);
#2350=LINE('',#3074,#3075);
#2351=LINE('',#3077,#3078);
#2352=LINE('',#3080,#3081);
#2353=LINE('',#3083,#3084);
#2354=LINE('',#3086,#3087);
#2355=LINE('',#3089,#3090);
#2356=LINE('',#3092,#3093);
#2357=VERTEX_POINT('',#3095);
#2358=LINE('',#3096,#3097);
#2359=LINE('',#3099,#3100);
#2360=VERTEX_POINT('',#3102);
#2361=CIRCLE('',#3103,0.800000000000001);
#2362=VERTEX_POINT('',#3107);
#2363=CIRCLE('',#3108,0.800000000000001);
#2364=LINE('',#3112,#3113);
#2365=VERTEX_POINT('',#3115);
#2366=VERTEX_POINT('',#3116);
#2367=CIRCLE('',#3117,1.55);
#2368=LINE('',#3121,#3122);
#2369=LINE('',#3124,#3125);
#2370=VERTEX_POINT('',#3127);
#2371=LINE('',#3128,#3129);
#2372=LINE('',#3131,#3132);
#2373=LINE('',#3134,#3135);
#2374=VERTEX_POINT('',#3137);
#2375=LINE('',#3138,#3139);
#2376=VERTEX_POINT('',#3141);
#2377=LINE('',#3142,#3143);
#2378=LINE('',#3145,#3146);
#2379=VERTEX_POINT('',#3148);
#2380=CIRCLE('',#3149,0.8);
#2381=VERTEX_POINT('',#3153);
#2382=LINE('',#3154,#3155);
#2383=CIRCLE('',#3157,0.8);
#2384=LINE('',#3161,#3162);
#2385=VERTEX_POINT('',#3164);
#2386=LINE('',#3165,#3166);
#2387=LINE('',#3168,#3169);
#2388=LINE('',#3171,#3172);
#2389=VERTEX_POINT('',#3174);
#2390=LINE('',#3175,#3176);
#2391=LINE('',#3178,#3179);
#2392=LINE('',#3181,#3182);
#2393=VERTEX_POINT('',#3184);
#2394=VERTEX_POINT('',#3185);
#2395=CIRCLE('',#3186,1.55);
#2396=LINE('',#3190,#3191);
#2397=LINE('',#3193,#3194);
#2398=VERTEX_POINT('',#3196);
#2399=LINE('',#3197,#3198);
#2400=LINE('',#3200,#3201);
#2401=LINE('',#3203,#3204);
#2402=VERTEX_POINT('',#3206);
#2403=VERTEX_POINT('',#3207);
#2404=LINE('',#3208,#3209);
#2405=VERTEX_POINT('',#3211);
#2406=CIRCLE('',#3212,6.84489679447154);
#2407=VERTEX_POINT('',#3216);
#2408=LINE('',#3217,#3218);
#2409=VERTEX_POINT('',#3220);
#2410=CIRCLE('',#3221,6.84489679447154);
#2411=VERTEX_POINT('',#3225);
#2412=LINE('',#3226,#3227);
#2413=VERTEX_POINT('',#3229);
#2414=CIRCLE('',#3230,6.84489679447154);
#2415=VERTEX_POINT('',#3234);
#2416=LINE('',#3235,#3236);
#2417=VERTEX_POINT('',#3238);
#2418=CIRCLE('',#3239,0.400000000000001);
#2419=VERTEX_POINT('',#3243);
#2420=LINE('',#3244,#3245);
#2421=VERTEX_POINT('',#3247);
#2422=CIRCLE('',#3248,0.400000000000002);
#2423=VERTEX_POINT('',#3252);
#2424=LINE('',#3253,#3254);
#2425=CIRCLE('',#3256,0.400000000000002);
#2426=VERTEX_POINT('',#3260);
#2427=CIRCLE('',#3261,0.4);
#2428=VERTEX_POINT('',#3265);
#2429=LINE('',#3266,#3267);
#2430=CIRCLE('',#3269,0.400000000000003);
#2431=VERTEX_POINT('',#3273);
#2432=VERTEX_POINT('',#3274);
#2433=LINE('',#3275,#3276);
#2434=VERTEX_POINT('',#3278);
#2435=LINE('',#3279,#3280);
#2436=VERTEX_POINT('',#3282);
#2437=CIRCLE('',#3283,1.6);
#2438=VERTEX_POINT('',#3287);
#2439=LINE('',#3288,#3289);
#2440=VERTEX_POINT('',#3291);
#2441=CIRCLE('',#3292,1.4);
#2442=VERTEX_POINT('',#3296);
#2443=LINE('',#3297,#3298);
#2444=VERTEX_POINT('',#3300);
#2445=CIRCLE('',#3301,7.04489679447154);
#2446=VERTEX_POINT('',#3305);
#2447=LINE('',#3306,#3307);
#2448=LINE('',#3309,#3310);
#2449=VERTEX_POINT('',#3312);
#2450=LINE('',#3313,#3314);
#2451=VERTEX_POINT('',#3316);
#2452=LINE('',#3317,#3318);
#2453=VERTEX_POINT('',#3320);
#2454=LINE('',#3321,#3322);
#2455=VERTEX_POINT('',#3324);
#2456=LINE('',#3325,#3326);
#2457=VERTEX_POINT('',#3328);
#2458=CIRCLE('',#3329,7.04489679447153);
#2459=VERTEX_POINT('',#3333);
#2460=LINE('',#3334,#3335);
#2461=VERTEX_POINT('',#3337);
#2462=CIRCLE('',#3338,1.4);
#2463=VERTEX_POINT('',#3342);
#2464=LINE('',#3343,#3344);
#2465=VERTEX_POINT('',#3346);
#2466=CIRCLE('',#3347,1.6);
#2467=VERTEX_POINT('',#3351);
#2468=LINE('',#3352,#3353);
#2469=VERTEX_POINT('',#3355);
#2470=LINE('',#3356,#3357);
#2471=CIRCLE('',#3359,7.04489679447154);
#2472=VERTEX_POINT('',#3363);
#2473=LINE('',#3364,#3365);
#2474=CIRCLE('',#3367,0.600000000000002);
#2475=VERTEX_POINT('',#3371);
#2476=VERTEX_POINT('',#3372);
#2477=LINE('',#3373,#3374);
#2478=LINE('',#3376,#3377);
#2479=VERTEX_POINT('',#3379);
#2480=LINE('',#3380,#3381);
#2481=CIRCLE('',#3383,0.6);
#2482=LINE('',#3387,#3388);
#2483=LINE('',#3390,#3391);
#2484=VERTEX_POINT('',#3393);
#2485=LINE('',#3394,#3395);
#2486=VERTEX_POINT('',#3397);
#2487=LINE('',#3398,#3399);
#2488=VERTEX_POINT('',#3401);
#2489=LINE('',#3402,#3403);
#2490=VERTEX_POINT('',#3405);
#2491=LINE('',#3406,#3407);
#2492=LINE('',#3409,#3410);
#2493=VERTEX_POINT('',#3412);
#2494=VERTEX_POINT('',#3413);
#2495=LINE('',#3414,#3415);
#2496=VERTEX_POINT('',#3417);
#2497=LINE('',#3418,#3419);
#2498=VERTEX_POINT('',#3421);
#2499=LINE('',#3422,#3423);
#2500=VERTEX_POINT('',#3425);
#2501=LINE('',#3426,#3427);
#2502=VERTEX_POINT('',#3429);
#2503=LINE('',#3430,#3431);
#2504=VERTEX_POINT('',#3433);
#2505=LINE('',#3434,#3435);
#2506=VERTEX_POINT('',#3437);
#2507=LINE('',#3438,#3439);
#2508=LINE('',#3441,#3442);
#2509=VERTEX_POINT('',#3444);
#2510=VERTEX_POINT('',#3445);
#2511=LINE('',#3446,#3447);
#2512=VERTEX_POINT('',#3449);
#2513=CIRCLE('',#3450,0.600000000000002);
#2514=VERTEX_POINT('',#3454);
#2515=LINE('',#3455,#3456);
#2516=CIRCLE('',#3458,0.6);
#2517=LINE('',#3462,#3463);
#2518=LINE('',#3465,#3466);
#2519=VERTEX_POINT('',#3468);
#2520=LINE('',#3469,#3470);
#2521=VERTEX_POINT('',#3472);
#2522=LINE('',#3473,#3474);
#2523=LINE('',#3476,#3477);
#2524=LINE('',#3479,#3480);
#2525=LINE('',#3482,#3483);
#2526=VERTEX_POINT('',#3485);
#2527=VERTEX_POINT('',#3486);
#2528=LINE('',#3487,#3488);
#2529=VERTEX_POINT('',#3490);
#2530=LINE('',#3491,#3492);
#2531=VERTEX_POINT('',#3494);
#2532=LINE('',#3495,#3496);
#2533=VERTEX_POINT('',#3498);
#2534=LINE('',#3499,#3500);
#2535=VERTEX_POINT('',#3502);
#2536=LINE('',#3503,#3504);
#2537=LINE('',#3506,#3507);
#2538=B_SPLINE_CURVE_WITH_KNOTS('',3,
(#3509,#3510,#3511,#3512,#3513),
.UNSPECIFIED.,.F.,.F.,
(4,1,4),
(0.,0.500113388634575,1.),
.UNSPECIFIED.);
#2539=LINE('',#3514,#3515);
#2540=VERTEX_POINT('',#3517);
#2541=CIRCLE('',#3518,7.24489679447154);
#2542=VERTEX_POINT('',#3522);
#2543=B_SPLINE_CURVE_WITH_KNOTS('',3,
(#3523,#3524,#3525,#3526,#3527,#3528,#3529,#3530,#3531,#3532,#3533,#3534,#3535,#3536,
#3537,#3538,#3539,#3540,#3541),
.UNSPECIFIED.,.F.,.F.,
(4,1,1,1,1,1,1,1,1,1,1,1,1,1,1,1,4),
(0.,0.04181687392859,0.0837797098544253,0.125884992000541,0.168267775836236,0.210786817768709,
0.254286471990924,0.298629407751514,0.360294841660334,0.441193142064669,0.542659167042283,
0.650610822612773,0.743809344714758,0.82091961009692,0.880075168680999,0.939772306865632,
1.),
.UNSPECIFIED.);
#2544=VERTEX_POINT('',#3542);
#2545=B_SPLINE_CURVE_WITH_KNOTS('',3,
(#3543,#3544,#3545,#3546,#3547,#3548,#3549,#3550,#3551,#3552,#3553,#3554,#3555,#3556,
#3557,#3558,#3559,#3560,#3561,#3562,#3563,#3564,#3565,#3566),
.UNSPECIFIED.,.F.,.F.,
(4,1,1,1,1,1,1,1,1,1,1,1,1,1,1,1,1,1,1,1,1,4),
(0.,0.043970254187265,0.093935164560503,0.149666238071742,0.149926896037494,0.216297186718494,
0.287003588791919,0.360772562439003,0.43321937992595,0.500468795733851,0.563773916979249,
0.620753377101845,0.675304029241213,0.724204700199131,0.769852353918396,0.824428365512688,
0.852253090497989,0.874364147843862,0.919664651007724,0.947281964075007,0.974070547528375,
1.),
.UNSPECIFIED.);
#2546=VERTEX_POINT('',#3567);
#2547=B_SPLINE_CURVE_WITH_KNOTS('',3,
(#3568,#3569,#3570,#3571,#3572,#3573),
.UNSPECIFIED.,.F.,.F.,
(4,1,1,4),
(0.,0.255008954575267,0.588340833274529,1.),
.UNSPECIFIED.);
#2548=VERTEX_POINT('',#3574);
#2549=B_SPLINE_CURVE_WITH_KNOTS('',3,
(#3575,#3576,#3577,#3578,#3579,#3580,#3581,#3582,#3583,#3584,#3585,#3586),
.UNSPECIFIED.,.F.,.F.,
(4,1,1,1,1,1,1,1,1,4),
(0.,0.0762273897451628,0.156085668249585,0.239573241557476,0.366394694620538,0.502142078710132,
0.646815253507272,0.7626259288787,0.880353932388495,1.),
.UNSPECIFIED.);
#2550=B_SPLINE_CURVE_WITH_KNOTS('',3,
(#3587,#3588,#3589,#3590,#3591),
.UNSPECIFIED.,.F.,.F.,
(4,1,4),
(0.,0.500033656413645,1.),
.UNSPECIFIED.);
#2551=VERTEX_POINT('',#3592);
#2552=LINE('',#3593,#3594);
#2553=B_SPLINE_CURVE_WITH_KNOTS('',3,
(#3596,#3597,#3598,#3599,#3600),
.UNSPECIFIED.,.F.,.F.,
(4,1,4),
(0.,0.50003365634471,1.),
.UNSPECIFIED.);
#2554=VERTEX_POINT('',#3601);
#2555=VERTEX_POINT('',#3602);
#2556=CIRCLE('',#3603,7.24489679447154);
#2557=VERTEX_POINT('',#3607);
#2558=CIRCLE('',#3608,7.24489679447153);
#2559=B_SPLINE_CURVE_WITH_KNOTS('',3,
(#3612,#3613,#3614,#3615,#3616),
.UNSPECIFIED.,.F.,.F.,
(4,1,4),
(0.,0.500033656413645,1.),
.UNSPECIFIED.);
#2560=VERTEX_POINT('',#3617);
#2561=B_SPLINE_CURVE_WITH_KNOTS('',3,
(#3618,#3619,#3620,#3621,#3622,#3623,#3624,#3625,#3626,#3627,#3628,#3629,#3630),
.UNSPECIFIED.,.F.,.F.,
(4,1,1,1,1,1,1,1,1,1,4),
(0.,0.0381130060052734,0.0901415747728495,0.157295431445022,0.254018213612078,0.369369856885221,
0.505117160709509,0.63719394201751,0.763263696234549,0.880992391717361,1.),
.UNSPECIFIED.);
#2562=VERTEX_POINT('',#3631);
#2563=B_SPLINE_CURVE_WITH_KNOTS('',3,
(#3632,#3633,#3634,#3635,#3636,#3637),
.UNSPECIFIED.,.F.,.F.,
(4,1,1,4),
(0.,0.255008938425307,0.588340816999263,1.),
.UNSPECIFIED.);
#2564=VERTEX_POINT('',#3638);
#2565=B_SPLINE_CURVE_WITH_KNOTS('',3,
(#3639,#3640,#3641,#3642,#3643,#3644,#3645,#3646,#3647,#3648,#3649,#3650,#3651,#3652,
#3653,#3654,#3655,#3656,#3657,#3658,#3659,#3660,#3661,#3662,#3663,#3664,#3665,#3666,
#3667,#3668,#3669,#3670,#3671,#3672,#3673,#3674,#3675,#3676,#3677,#3678,#3679,#3680,
#3681,#3682,#3683,#3684,#3685,#3686,#3687,#3688,#3689,#3690,#3691),
.UNSPECIFIED.,.F.,.F.,
(4,1,1,1,1,1,1,1,1,1,1,1,1,1,1,1,1,1,1,1,1,1,1,1,1,1,1,1,1,1,1,1,1,1,1,1,1,1,1,1,
1,1,1,1,1,1,1,1,1,1,4),
(0.,0.0252179675077083,0.0462153667433803,0.0630054341704626,0.0770112547218451,
0.0924081164943044,0.113055820019864,0.114780198718117,0.137181008303377,0.147733256659889,
0.159563290494187,0.174988197759594,0.189034980292445,0.201693373210989,0.214360890254826,
0.227036076200057,0.239696519854714,0.256493877394027,0.273232648741522,0.28990899919335,
0.302305219143735,0.314672232362194,0.328332708726729,0.343304779840804,0.367719106042105,
0.401411631212641,0.436260338832965,0.464121430776764,0.4853219441311,0.507984267930124,
0.540815534745862,0.583027742980743,0.625462373127574,0.659401346821145,0.691643466785055,
0.730559847741057,0.766766843843589,0.792789148731061,0.809356489047668,0.825865313663094,
0.842211300412865,0.858449574525074,0.874530458929169,0.890557186940731,0.906439103965321,
0.922227642176778,0.937878834509502,0.953487459646608,0.969015459932606,0.984516353037275,
1.),
.UNSPECIFIED.);
#2566=B_SPLINE_CURVE_WITH_KNOTS('',3,
(#3692,#3693,#3694,#3695,#3696,#3697,#3698,#3699,#3700,#3701,#3702,#3703,#3704,#3705,
#3706,#3707,#3708,#3709,#3710),
.UNSPECIFIED.,.F.,.F.,
(4,1,1,1,1,1,1,1,1,1,1,1,1,1,1,1,4),
(0.,0.0418168733596121,0.0837797087812868,0.125884990482576,0.168267773940366,0.21078681559598,
0.254286469032083,0.298629403271049,0.360294832766021,0.441193129704541,0.542659163937653,
0.650610849981102,0.743810093132595,0.820921756599919,0.880082296476642,0.939774423911254,
1.),
.UNSPECIFIED.);
#2567=VERTEX_POINT('',#3711);
#2568=LINE('',#3712,#3713);
#2569=B_SPLINE_CURVE_WITH_KNOTS('',3,
(#3715,#3716,#3717,#3718,#3719),
.UNSPECIFIED.,.F.,.F.,
(4,1,4),
(0.,0.500033656351905,1.),
.UNSPECIFIED.);
#2570=VERTEX_POINT('',#3720);
#2571=VERTEX_POINT('',#3721);
#2572=CIRCLE('',#3722,7.24489679447154);
#2573=B_SPLINE_CURVE_WITH_KNOTS('',3,
(#3726,#3727,#3728,#3729,#3730,#3731,#3732,#3733,#3734,#3735,#3736,#3737,#3738,#3739,
#3740,#3741,#3742),
.UNSPECIFIED.,.F.,.F.,
(4,1,1,1,1,1,1,1,1,1,1,1,1,1,4),
(0.,0.0512873581434234,0.103562862122872,0.156782402901096,0.211820305031507,0.267752073948413,
0.333593443171979,0.408452119323271,0.493589717440344,0.579855669831738,0.668988399693345,
0.759854143047379,0.84606909490682,0.926062496247595,1.),
.UNSPECIFIED.);
#2574=VERTEX_POINT('',#3743);
#2575=B_SPLINE_CURVE_WITH_KNOTS('',3,
(#3744,#3745,#3746,#3747,#3748,#3749,#3750,#3751,#3752,#3753,#3754,#3755,#3756),
.UNSPECIFIED.,.F.,.F.,
(4,1,1,1,1,1,1,1,1,1,4),
(0.,0.0381130060037807,0.0901415747692701,0.157295431438647,0.254018213601748,0.369369856871556,
0.505117160692096,0.63719394199776,0.763263696218647,0.880992391698307,1.),
.UNSPECIFIED.);
#2576=VERTEX_POINT('',#3757);
#2577=B_SPLINE_CURVE_WITH_KNOTS('',3,
(#3758,#3759,#3760,#3761,#3762,#3763),
.UNSPECIFIED.,.F.,.F.,
(4,1,1,4),
(0.,0.255009018575797,0.588340897208079,1.),
.UNSPECIFIED.);
#2578=VERTEX_POINT('',#3764);
#2579=B_SPLINE_CURVE_WITH_KNOTS('',3,
(#3765,#3766,#3767,#3768,#3769,#3770,#3771,#3772,#3773,#3774,#3775,#3776,#3777,#3778,
#3779,#3780,#3781,#3782,#3783,#3784,#3785,#3786,#3787,#3788,#3789,#3790,#3791,#3792,
#3793,#3794,#3795,#3796,#3797,#3798,#3799,#3800,#3801,#3802,#3803,#3804,#3805,#3806,
#3807,#3808,#3809,#3810),
.UNSPECIFIED.,.F.,.F.,
(4,1,1,1,1,1,1,1,1,1,1,1,1,1,1,1,1,1,1,1,1,1,1,1,1,1,1,1,1,1,1,1,1,1,1,1,1,1,1,1,
1,1,1,4),
(0.,0.0242962263279274,0.0486643861366484,0.068868425360484,0.0846394227861596,0.0974521852556515,
0.111503814125135,0.127110066132842,0.143052457660894,0.147745980819112,0.159615581175215,
0.176473219921914,0.193478775898868,0.210292756906688,0.227978300615383,0.246758532178974,
0.275495932312445,0.313464450523861,0.361067157385148,0.409921425575501,0.45759498190326,
0.495150842744616,0.522078178295676,0.547738865627952,0.585062979841315,0.634782691944644,
0.678904435198598,0.713029006866573,0.734673745404335,0.754575071461786,0.77282622526936,
0.791167836897524,0.809721009821393,0.828391207585123,0.847200776033156,0.850319182736145,
0.866029423190034,0.884941693968689,0.903915897449013,0.922996333613624,0.942126445439566,
0.961353421102322,0.980642235168126,1.),
.UNSPECIFIED.);
#2580=B_SPLINE_CURVE_WITH_KNOTS('',3,
(#3811,#3812,#3813,#3814,#3815,#3816,#3817,#3818,#3819,#3820,#3821,#3822,#3823,#3824,
#3825,#3826,#3827,#3828,#3829),
.UNSPECIFIED.,.F.,.F.,
(4,1,1,1,1,1,1,1,1,1,1,1,1,1,1,1,4),
(0.,0.0418168737208876,0.0837797095050946,0.125884991570143,0.168267775394077,0.210786817417001,
0.254286471228894,0.298629405850959,0.360294835878788,0.441193133356334,0.542659167985651,
0.650610853841039,0.743810096439123,0.820921759137148,0.880082298249394,0.939774424843862,
1.),
.UNSPECIFIED.);
#2581=VERTEX_POINT('',#3830);
#2582=LINE('',#3831,#3832);
#2583=LINE('',#3834,#3835);
#2584=VERTEX_POINT('',#3837);
#2585=CIRCLE('',#3838,0.8);
#2586=LINE('',#3842,#3843);
#2587=VERTEX_POINT('',#3845);
#2588=LINE('',#3846,#3847);
#2589=LINE('',#3849,#3850);
#2590=CIRCLE('',#3852,0.8);
#2591=LINE('',#3856,#3857);
#2592=LINE('',#3859,#3860);
#2593=CIRCLE('',#3862,0.800000000000001);
#2594=VERTEX_POINT('',#3866);
#2595=VERTEX_POINT('',#3867);
#2596=LINE('',#3868,#3869);
#2597=LINE('',#3871,#3872);
#2598=B_SPLINE_CURVE_WITH_KNOTS('',3,
(#3874,#3875,#3876,#3877,#3878),
.UNSPECIFIED.,.F.,.F.,
(4,1,4),
(0.,0.500052922833379,1.),
.UNSPECIFIED.);
#2599=VERTEX_POINT('',#3879);
#2600=VERTEX_POINT('',#3880);
#2601=LINE('',#3881,#3882);
#2602=VERTEX_POINT('',#3884);
#2603=LINE('',#3885,#3886);
#2604=LINE('',#3888,#3889);
#2605=LINE('',#3891,#3892);
#2606=VERTEX_POINT('',#3894);
#2607=CIRCLE('',#3895,1.6);
#2608=VERTEX_POINT('',#3899);
#2609=CIRCLE('',#3900,1.6);
#2610=LINE('',#3904,#3905);
#2611=VERTEX_POINT('',#3907);
#2612=CIRCLE('',#3908,1.6);
#2613=VERTEX_POINT('',#3912);
#2614=VERTEX_POINT('',#3913);
#2615=B_SPLINE_CURVE_WITH_KNOTS('',3,
(#3914,#3915,#3916,#3917,#3918,#3919),
.UNSPECIFIED.,.F.,.F.,
(4,1,1,4),
(0.,0.279355826374388,0.612689159707722,1.),
.UNSPECIFIED.);
#2616=VERTEX_POINT('',#3920);
#2617=LINE('',#3921,#3922);
#2618=B_SPLINE_CURVE_WITH_KNOTS('',3,
(#3924,#3925,#3926,#3927,#3928,#3929),
.UNSPECIFIED.,.F.,.F.,
(4,1,1,4),
(0.,0.279355826374411,0.612689159707745,1.),
.UNSPECIFIED.);
#2619=LINE('',#3930,#3931);
#2620=VERTEX_POINT('',#3933);
#2621=CIRCLE('',#3934,1.6);
#2622=LINE('',#3938,#3939);
#2623=VERTEX_POINT('',#3941);
#2624=LINE('',#3942,#3943);
#2625=B_SPLINE_CURVE_WITH_KNOTS('',3,
(#3945,#3946,#3947,#3948,#3949),
.UNSPECIFIED.,.F.,.F.,
(4,1,4),
(0.,0.49994707716662,1.),
.UNSPECIFIED.);
#2626=CIRCLE('',#3950,7.24489679447154);
#2627=B_SPLINE_CURVE_WITH_KNOTS('',3,
(#3954,#3955,#3956,#3957,#3958),
.UNSPECIFIED.,.F.,.F.,
(4,1,4),
(0.,0.500054998558626,1.),
.UNSPECIFIED.);
#2628=LINE('',#3959,#3960);
#2629=LINE('',#3962,#3963);
#2630=LINE('',#3965,#3966);
#2631=VERTEX_POINT('',#3968);
#2632=LINE('',#3969,#3970);
#2633=VERTEX_POINT('',#3972);
#2634=LINE('',#3973,#3974);
#2635=LINE('',#3976,#3977);
#2636=VERTEX_POINT('',#3979);
#2637=B_SPLINE_CURVE_WITH_KNOTS('',3,
(#3980,#3981,#3982,#3983,#3984,#3985,#3986),
.UNSPECIFIED.,.F.,.F.,
(4,1,1,1,4),
(0.,0.249979192828425,0.500000153643577,0.750021067042099,1.),
.UNSPECIFIED.);
#2638=VERTEX_POINT('',#3987);
#2639=(BOUNDED_CURVE()B_SPLINE_CURVE(3,
(#3988,#3989,#3990,#3991),
.UNSPECIFIED.,.F.,.F.)B_SPLINE_CURVE_WITH_KNOTS((4,4),
(0.,1.),
.UNSPECIFIED.)CURVE()GEOMETRIC_REPRESENTATION_ITEM()RATIONAL_B_SPLINE_CURVE((1.,
0.804737854124365,0.804737854124365,1.))REPRESENTATION_ITEM(''));
#2640=VERTEX_POINT('',#3992);
#2641=LINE('',#3993,#3994);
#2642=(BOUNDED_CURVE()B_SPLINE_CURVE(3,
(#3996,#3997,#3998,#3999),
.UNSPECIFIED.,.F.,.F.)B_SPLINE_CURVE_WITH_KNOTS((4,4),
(0.,1.),
.UNSPECIFIED.)CURVE()GEOMETRIC_REPRESENTATION_ITEM()RATIONAL_B_SPLINE_CURVE((1.,
0.999982216353794,0.999982216353794,1.))REPRESENTATION_ITEM(''));
#2643=VERTEX_POINT('',#4000);
#2644=CIRCLE('',#4001,7.24489679447154);
#2645=B_SPLINE_CURVE_WITH_KNOTS('',3,
(#4005,#4006,#4007,#4008,#4009),
.UNSPECIFIED.,.F.,.F.,
(4,1,4),
(0.,0.500052922833379,1.),
.UNSPECIFIED.);
#2646=VERTEX_POINT('',#4010);
#2647=LINE('',#4011,#4012);
#2648=LINE('',#4014,#4015);
#2649=VERTEX_POINT('',#4017);
#2650=CIRCLE('',#4018,1.6);
#2651=B_SPLINE_CURVE_WITH_KNOTS('',3,
(#4022,#4023,#4024,#4025,#4026,#4027),
.UNSPECIFIED.,.F.,.F.,
(4,1,1,4),
(0.,0.412590206096156,0.745874771470601,1.),
.UNSPECIFIED.);
#2652=VERTEX_POINT('',#4028);
#2653=VERTEX_POINT('',#4029);
#2654=B_SPLINE_CURVE_WITH_KNOTS('',3,
(#4030,#4031,#4032,#4033,#4034,#4035),
.UNSPECIFIED.,.F.,.F.,
(4,1,1,4),
(0.,0.41259020613985,0.74587477149047,1.),
.UNSPECIFIED.);
#2655=VERTEX_POINT('',#4036);
#2656=LINE('',#4037,#4038);
#2657=LINE('',#4040,#4041);
#2658=LINE('',#4043,#4044);
#2659=VERTEX_POINT('',#4046);
#2660=LINE('',#4047,#4048);
#2661=CIRCLE('',#4050,1.6);
#2662=VERTEX_POINT('',#4054);
#2663=CIRCLE('',#4055,1.6);
#2664=VERTEX_POINT('',#4059);
#2665=LINE('',#4060,#4061);
#2666=VERTEX_POINT('',#4063);
#2667=LINE('',#4064,#4065);
#2668=VERTEX_POINT('',#4067);
#2669=LINE('',#4068,#4069);
#2670=LINE('',#4071,#4072);
#2671=VERTEX_POINT('',#4074);
#2672=LINE('',#4075,#4076);
#2673=B_SPLINE_CURVE_WITH_KNOTS('',3,
(#4078,#4079,#4080,#4081,#4082),
.UNSPECIFIED.,.F.,.F.,
(4,1,4),
(0.,0.499947077166621,1.),
.UNSPECIFIED.);
#2674=CIRCLE('',#4083,7.24489679447154);
#2675=LINE('',#4087,#4088);
#2676=LINE('',#4090,#4091);
#2677=LINE('',#4093,#4094);
#2678=CIRCLE('',#4096,0.800000000000001);
#2679=VERTEX_POINT('',#4100);
#2680=LINE('',#4101,#4102);
#2681=(BOUNDED_CURVE()B_SPLINE_CURVE(3,
(#4104,#4105,#4106,#4107),
.UNSPECIFIED.,.F.,.F.)B_SPLINE_CURVE_WITH_KNOTS((4,4),
(0.,1.),
.UNSPECIFIED.)CURVE()GEOMETRIC_REPRESENTATION_ITEM()RATIONAL_B_SPLINE_CURVE((1.,
0.804737854124365,0.804737854124365,1.))REPRESENTATION_ITEM(''));
#2682=(BOUNDED_CURVE()B_SPLINE_CURVE(3,
(#4108,#4109,#4110,#4111),
.UNSPECIFIED.,.F.,.F.)B_SPLINE_CURVE_WITH_KNOTS((4,4),
(0.,1.),
.UNSPECIFIED.)CURVE()GEOMETRIC_REPRESENTATION_ITEM()RATIONAL_B_SPLINE_CURVE((1.,
0.804737854124365,0.804737854124365,1.))REPRESENTATION_ITEM(''));
#2683=VERTEX_POINT('',#4112);
#2684=LINE('',#4113,#4114);
#2685=LINE('',#4116,#4117);
#2686=VERTEX_POINT('',#4119);
#2687=LINE('',#4120,#4121);
#2688=LINE('',#4123,#4124);
#2689=LINE('',#4126,#4127);
#2690=LINE('',#4129,#4130);
#2691=LINE('',#4132,#4133);
#2692=CIRCLE('',#4135,0.800000000000001);
#2693=LINE('',#4139,#4140);
#2694=LINE('',#4142,#4143);
#2695=LINE('',#4145,#4146);
#2696=VERTEX_POINT('',#4148);
#2697=CIRCLE('',#4149,1.6);
#2698=VERTEX_POINT('',#4153);
#2699=LINE('',#4154,#4155);
#2700=LINE('',#4157,#4158);
#2701=LINE('',#4160,#4161);
#2702=VERTEX_POINT('',#4163);
#2703=LINE('',#4164,#4165);
#2704=VERTEX_POINT('',#4167);
#2705=LINE('',#4168,#4169);
#2706=VERTEX_POINT('',#4171);
#2707=LINE('',#4172,#4173);
#2708=LINE('',#4175,#4176);
#2709=VERTEX_POINT('',#4178);
#2710=LINE('',#4179,#4180);
#2711=LINE('',#4182,#4183);
#2712=LINE('',#4185,#4186);
#2713=LINE('',#4188,#4189);
#2714=VERTEX_POINT('',#4191);
#2715=B_SPLINE_CURVE_WITH_KNOTS('',3,
(#4192,#4193,#4194,#4195,#4196,#4197,#4198,#4199,#4200,#4201,#4202,#4203,#4204,#4205,
#4206,#4207,#4208,#4209,#4210,#4211,#4212,#4213,#4214,#4215,#4216,#4217,#4218),
.UNSPECIFIED.,.F.,.F.,
(4,1,1,1,1,1,1,1,1,1,1,1,1,1,1,1,1,1,1,1,1,1,1,1,4),
(0.,0.0261111784735459,0.0523440093724598,0.0786558536816549,0.105149168330839,0.13173264403839,
0.158581156943753,0.185605512791525,0.212891752292803,0.240265193581102,0.268063333503234,
0.296199924122593,0.324925696690636,0.353902079573977,0.400698271494299,0.473706024820418,
0.574248291509153,0.678743633454281,0.759417630127229,0.814955623945484,0.851530247988074,
0.888265534333173,0.925343949996092,0.962587970897397,1.),
.UNSPECIFIED.);
#2716=VERTEX_POINT('',#4219);
#2717=B_SPLINE_CURVE_WITH_KNOTS('',3,
(#4220,#4221,#4222,#4223,#4224,#4225,#4226,#4227,#4228,#4229,#4230,#4231,#4232,#4233,
#4234,#4235,#4236,#4237,#4238,#4239,#4240,#4241,#4242,#4243),
.UNSPECIFIED.,.F.,.F.,
(4,1,1,1,1,1,1,1,1,1,1,1,1,1,1,1,1,1,1,1,1,4),
(0.,0.0423990291867774,0.0913184777194892,0.146787292518994,0.213157379013294,0.283864050749939,
0.3581557017298,0.431647801696014,0.49994527201179,0.563774266462852,0.620753370982251,
0.675304277476522,0.726987998480834,0.778200544749657,0.826016953467336,0.852254342264864,
0.870890587242494,0.886937275460699,0.908324307980502,0.94126770753458,0.970340666417579,
1.),
.UNSPECIFIED.);
#2718=VERTEX_POINT('',#4244);
#2719=B_SPLINE_CURVE_WITH_KNOTS('',3,
(#4245,#4246,#4247,#4248,#4249,#4250),
.UNSPECIFIED.,.F.,.F.,
(4,1,1,4),
(0.,0.255008998225352,0.588340876845275,1.),
.UNSPECIFIED.);
#2720=B_SPLINE_CURVE_WITH_KNOTS('',3,
(#4251,#4252,#4253,#4254,#4255,#4256,#4257,#4258,#4259,#4260,#4261,#4262,#4263,#4264),
.UNSPECIFIED.,.F.,.F.,
(4,1,1,1,1,1,1,1,1,1,1,4),
(0.,0.0439764432005915,0.103093806261089,0.177834062894131,0.273683743853936,0.38050875587179,
0.507843505027973,0.627306770670824,0.73389150471296,0.820088881546871,0.908791307900849,
1.),
.UNSPECIFIED.);
#2721=VERTEX_POINT('',#4265);
#2722=LINE('',#4266,#4267);
#2723=VERTEX_POINT('',#4269);
#2724=LINE('',#4270,#4271);
#2725=LINE('',#4273,#4274);
#2726=VERTEX_POINT('',#4276);
#2727=LINE('',#4277,#4278);
#2728=LINE('',#4280,#4281);
#2729=VERTEX_POINT('',#4283);
#2730=VERTEX_POINT('',#4284);
#2731=CIRCLE('',#4285,1.6);
#2732=LINE('',#4289,#4290);
#2733=LINE('',#4292,#4293);
#2734=LINE('',#4295,#4296);
#2735=VERTEX_POINT('',#4298);
#2736=LINE('',#4299,#4300);
#2737=VERTEX_POINT('',#4302);
#2738=LINE('',#4303,#4304);
#2739=LINE('',#4306,#4307);
#2740=LINE('',#4309,#4310);
#2741=LINE('',#4312,#4313);
#2742=VERTEX_POINT('',#4315);
#2743=LINE('',#4316,#4317);
#2744=VERTEX_POINT('',#4319);
#2745=LINE('',#4320,#4321);
#2746=LINE('',#4323,#4324);
#2747=VERTEX_POINT('',#4326);
#2748=LINE('',#4327,#4328);
#2749=LINE('',#4330,#4331);
#2750=VERTEX_POINT('',#4333);
#2751=CIRCLE('',#4334,1.6);
#2752=LINE('',#4338,#4339);
#2753=LINE('',#4341,#4342);
#2754=LINE('',#4344,#4345);
#2755=LINE('',#4347,#4348);
#2756=VERTEX_POINT('',#4350);
#2757=LINE('',#4351,#4352);
#2758=LINE('',#4354,#4355);
#2759=VERTEX_POINT('',#4357);
#2760=CIRCLE('',#4358,1.4);
#2761=VERTEX_POINT('',#4362);
#2762=LINE('',#4363,#4364);
#2763=CIRCLE('',#4366,1.4);
#2764=LINE('',#4370,#4371);
#2765=LINE('',#4373,#4374);
#2766=VERTEX_POINT('',#4376);
#2767=LINE('',#4377,#4378);
#2768=CIRCLE('',#4380,1.4);
#2769=VERTEX_POINT('',#4384);
#2770=LINE('',#4385,#4386);
#2771=VERTEX_POINT('',#4388);
#2772=CIRCLE('',#4389,1.4);
#2773=LINE('',#4393,#4394);
#2774=VERTEX_POINT('',#4396);
#2775=LINE('',#4397,#4398);
#2776=LINE('',#4400,#4401);
#2777=VERTEX_POINT('',#4403);
#2778=LINE('',#4404,#4405);
#2779=LINE('',#4407,#4408);
#2780=LINE('',#4410,#4411);
#2781=LINE('',#4413,#4414);
#2782=LINE('',#4416,#4417);
#2783=LINE('',#4419,#4420);
#2784=LINE('',#4422,#4423);
#2785=VERTEX_POINT('',#4425);
#2786=CIRCLE('',#4426,1.6);
#2787=VERTEX_POINT('',#4430);
#2788=LINE('',#4431,#4432);
#2789=LINE('',#4434,#4435);
#2790=LINE('',#4437,#4438);
#2791=VERTEX_POINT('',#4440);
#2792=LINE('',#4441,#4442);
#2793=LINE('',#4444,#4445);
#2794=LINE('',#4447,#4448);
#2795=LINE('',#4450,#4451);
#2796=LINE('',#4453,#4454);
#2797=LINE('',#4456,#4457);
#2798=LINE('',#4459,#4460);
#2799=LINE('',#4462,#4463);
#2800=CARTESIAN_POINT('',(-4.47993690397409,5.69374173096699,-1.2));
#2801=CARTESIAN_POINT('',(-5.62498813732184,11.3795888686421,-1.2));
#2802=CARTESIAN_POINT('',(-4.47993690397409,5.69374173096699,-1.2));
#2803=VECTOR('',#2804,1.);
#2804=DIRECTION('',(-0.197422626439267,0.980318472012958,1.53134210293125E-16));
#2805=CARTESIAN_POINT('',(-5.62498813732184,11.3795888686421,-1.4));
#2806=CARTESIAN_POINT('',(-5.62498813732184,11.3795888686421,-1.2));
#2807=VECTOR('',#2808,1.);
#2808=DIRECTION('',(0.,0.,-1.));
#2809=CARTESIAN_POINT('',(-4.47993690397409,5.69374173096699,-1.4));
#2810=CARTESIAN_POINT('',(-4.47993690397409,5.69374173096699,-1.4));
#2811=VECTOR('',#2812,1.);
#2812=DIRECTION('',(-0.197422626439267,0.980318472012958,1.53134210293125E-16));
#2813=CARTESIAN_POINT('',(-4.47993690397409,5.69374173096699,-1.2));
#2814=VECTOR('',#2815,1.);
#2815=DIRECTION('',(0.,0.,-1.));
#2816=CARTESIAN_POINT('',(0.781768438368454,12.6698213764476,-1.2));
#2817=CARTESIAN_POINT('',(-5.62498813732184,11.3795888686421,-1.2));
#2818=VECTOR('',#2819,1.);
#2819=DIRECTION('',(0.980318470488543,0.197422634008878,2.03854563452228E-16));
#2820=CARTESIAN_POINT('',(0.781768438368454,12.6698213764476,-1.4));
#2821=CARTESIAN_POINT('',(0.781768438368454,12.6698213764476,-1.2));
#2822=VECTOR('',#2823,1.);
#2823=DIRECTION('',(0.,0.,-1.));
#2824=CARTESIAN_POINT('',(-5.62498813732184,11.3795888686421,-1.4));
#2825=VECTOR('',#2826,1.);
#2826=DIRECTION('',(0.980318470488543,0.197422634008878,2.03854563452228E-16));
#2827=CARTESIAN_POINT('',(1.9268196717162,6.98397423877248,-1.2));
#2828=CARTESIAN_POINT('',(0.781768438368454,12.6698213764476,-1.2));
#2829=VECTOR('',#2830,1.);
#2830=DIRECTION('',(0.197422626439267,-0.980318472012959,-1.53134210293125E-16));
#2831=CARTESIAN_POINT('',(1.9268196717162,6.98397423877248,-1.4));
#2832=CARTESIAN_POINT('',(1.9268196717162,6.98397423877248,-1.2));
#2833=VECTOR('',#2834,1.);
#2834=DIRECTION('',(0.,0.,-1.));
#2835=CARTESIAN_POINT('',(0.781768438368454,12.6698213764476,-1.4));
#2836=VECTOR('',#2837,1.);
#2837=DIRECTION('',(0.197422626439267,-0.980318472012959,-1.53134210293125E-16));
#2838=CARTESIAN_POINT('',(1.9268196717162,6.98397423877248,-1.2));
#2839=VECTOR('',#2840,1.);
#2840=DIRECTION('',(-0.980318470488543,-0.197422634008877,-2.03854563452228E-16));
#2841=CARTESIAN_POINT('',(1.9268196717162,6.98397423877248,-1.4));
#2842=VECTOR('',#2843,1.);
#2843=DIRECTION('',(-0.980318470488543,-0.197422634008877,-2.03854563452228E-16));
#2844=CARTESIAN_POINT('',(12.6698213254059,0.781768473799021,-1.2));
#2845=CARTESIAN_POINT('',(11.3795889294194,-5.62498812441007,-1.2));
#2846=CARTESIAN_POINT('',(12.6698213254059,0.781768473799021,-1.2));
#2847=VECTOR('',#2848,1.);
#2848=DIRECTION('',(-0.197422616899093,-0.980318473934218,-2.03854563452228E-16));
#2849=CARTESIAN_POINT('',(11.3795889294194,-5.62498812441007,-1.4));
#2850=CARTESIAN_POINT('',(11.3795889294194,-5.62498812441007,-1.2));
#2851=VECTOR('',#2852,1.);
#2852=DIRECTION('',(0.,0.,-1.));
#2853=CARTESIAN_POINT('',(12.6698213254059,0.781768473799021,-1.4));
#2854=CARTESIAN_POINT('',(12.6698213254059,0.781768473799021,-1.4));
#2855=VECTOR('',#2856,1.);
#2856=DIRECTION('',(-0.197422616899093,-0.980318473934218,-2.03854563452228E-16));
#2857=CARTESIAN_POINT('',(12.6698213254059,0.781768473799021,-1.2));
#2858=VECTOR('',#2859,1.);
#2859=DIRECTION('',(0.,0.,-1.));
#2860=CARTESIAN_POINT('',(6.98397418542903,1.9268196957175,-1.2));
#2861=CARTESIAN_POINT('',(6.98397418542903,1.9268196957175,-1.2));
#2862=VECTOR('',#2863,1.);
#2863=DIRECTION('',(0.980318472409803,-0.197422624468704,1.53134210293125E-16));
#2864=CARTESIAN_POINT('',(5.69374178944253,-4.47993690249159,-1.2));
#2865=CARTESIAN_POINT('',(5.69374178944253,-4.47993690249159,-1.2));
#2866=VECTOR('',#2867,1.);
#2867=DIRECTION('',(0.197422616899094,0.980318473934218,2.03854563452228E-16));
#2868=CARTESIAN_POINT('',(11.3795889294194,-5.62498812441007,-1.2));
#2869=VECTOR('',#2870,1.);
#2870=DIRECTION('',(-0.980318472409803,0.197422624468704,-1.53134210293125E-16));
#2871=CARTESIAN_POINT('',(5.69374178944253,-4.47993690249159,-1.4));
#2872=CARTESIAN_POINT('',(5.69374178944253,-4.47993690249159,-1.2));
#2873=VECTOR('',#2874,1.);
#2874=DIRECTION('',(0.,0.,-1.));
#2875=CARTESIAN_POINT('',(11.3795889294194,-5.62498812441007,-1.4));
#2876=VECTOR('',#2877,1.);
#2877=DIRECTION('',(-0.980318472409803,0.197422624468704,-1.53134210293125E-16));
#2878=CARTESIAN_POINT('',(6.98397418542903,1.9268196957175,-1.4));
#2879=CARTESIAN_POINT('',(5.69374178944253,-4.47993690249159,-1.4));
#2880=VECTOR('',#2881,1.);
#2881=DIRECTION('',(0.197422616899094,0.980318473934218,2.03854563452228E-16));
#2882=CARTESIAN_POINT('',(6.98397418542903,1.9268196957175,-1.4));
#2883=VECTOR('',#2884,1.);
#2884=DIRECTION('',(0.980318472409803,-0.197422624468704,1.53134210293125E-16));
#2885=CARTESIAN_POINT('',(6.98397418542903,1.9268196957175,-1.2));
#2886=VECTOR('',#2887,1.);
#2887=DIRECTION('',(0.,0.,-1.));
#2888=CARTESIAN_POINT('',(-2.37531077560362,-3.29823259623258,-9.));
#2889=CARTESIAN_POINT('',(-2.37531077560362,-3.29823259623258,-0.2));
#2890=CARTESIAN_POINT('',(-2.37531077560362,-3.29823259623258,-9.));
#2891=VECTOR('',#2892,1.);
#2892=DIRECTION('',(-1.51394048812521E-16,-1.51394048812521E-16,1.));
#2893=CARTESIAN_POINT('',(-7.68527618304085,-8.79686274081312,-9.));
#2894=CARTESIAN_POINT('',(-7.68527618304085,-8.79686274081312,-9.));
#2895=VECTOR('',#2896,1.);
#2896=DIRECTION('',(0.694658370458997,0.719339800338651,2.32385910778847E-16));
#2897=CARTESIAN_POINT('',(-7.68527618304085,-8.79686274081312,0.799999999999998));
#2898=CARTESIAN_POINT('',(-7.68527618304085,-8.79686274081312,0.799999999999998));
#2899=VECTOR('',#2900,1.);
#2900=DIRECTION('',(-9.06304509898087E-17,0.,-1.));
#2901=CARTESIAN_POINT('',(-4.56136451040173,-5.56195750619111,0.799999999999999));
#2902=CARTESIAN_POINT('',(-4.56136451040173,-5.56195750619111,0.799999999999999));
#2903=VECTOR('',#2904,1.);
#2904=DIRECTION('',(-0.694658370458997,-0.719339800338651,-1.48126925076719E-16));
#2905=CARTESIAN_POINT('',(-4.56136451040173,-5.56195750619111,-0.200000000000001));
#2906=CARTESIAN_POINT('',(-4.56136451040173,-5.56195750619111,-0.200000000000001));
#2907=VECTOR('',#2908,1.);
#2908=DIRECTION('',(0.,0.,1.));
#2909=CARTESIAN_POINT('',(-4.56136451040173,-5.56195750619111,-0.200000000000001));
#2910=VECTOR('',#2911,1.);
#2911=DIRECTION('',(0.694658370458997,0.719339800338651,1.23477752033021E-16));
#2912=CARTESIAN_POINT('',(-6.0770802724442,-7.13152712487627,-3.9951589543233));
#2913=CARTESIAN_POINT('',(-5.16699680206048,-6.1891081032142,-3.9951589543233));
#2914=AXIS2_PLACEMENT_3D('',#2915,#2916,#2917);
#2915=CARTESIAN_POINT('',(-5.62203853725234,-6.66031761404523,-5.39993602423011));
#2916=DIRECTION('',(0.719339800338651,-0.694658370458997,0.));
#2917=DIRECTION('',(-0.293575313027008,-0.304006136020023,0.90630778703665));
#2918=CARTESIAN_POINT('',(-5.62203853725234,-6.66031761404523,-3.68970024983825));
#2919=CARTESIAN_POINT('',(-5.62203853725234,-6.66031761404523,-3.68970024983825));
#2920=VECTOR('',#2921,1.);
#2921=DIRECTION('',(0.629574290477179,0.651943262572309,-0.422618261740699));
#2922=CARTESIAN_POINT('',(-6.0770802724442,-7.13152712487627,-3.9951589543233));
#2923=VECTOR('',#2924,1.);
#2924=DIRECTION('',(0.629574290477179,0.651943262572309,0.422618261740699));
#2925=CARTESIAN_POINT('',(-3.29823275875811,-2.37531056789214,-9.));
#2926=CARTESIAN_POINT('',(-3.29823275875811,-2.37531056789214,-0.200000000000001));
#2927=CARTESIAN_POINT('',(-3.29823275875811,-2.37531056789214,-9.));
#2928=VECTOR('',#2929,1.);
#2929=DIRECTION('',(-1.00929365875014E-16,-1.00929365875014E-16,1.));
#2930=CARTESIAN_POINT('',(-5.56195769170397,-4.56136432488886,-0.200000000000001));
#2931=CARTESIAN_POINT('',(-3.29823275875811,-2.37531056789214,-0.200000000000001));
#2932=VECTOR('',#2933,1.);
#2933=DIRECTION('',(-0.719339800338651,-0.694658370458997,-1.23477750779147E-16));
#2934=CARTESIAN_POINT('',(-5.56195769170397,-4.56136432488886,0.799999999999999));
#2935=CARTESIAN_POINT('',(-5.56195769170397,-4.56136432488886,-0.200000000000001));
#2936=VECTOR('',#2937,1.);
#2937=DIRECTION('',(0.,0.,1.));
#2938=CARTESIAN_POINT('',(-8.79686292303231,-7.68527599434731,0.799999999999999));
#2939=CARTESIAN_POINT('',(-8.79686292303231,-7.68527599434731,0.799999999999999));
#2940=VECTOR('',#2941,1.);
#2941=DIRECTION('',(0.719339800338651,0.694658370458997,1.23439104356281E-16));
#2942=CARTESIAN_POINT('',(-8.79686292303231,-7.68527599434731,-9.));
#2943=CARTESIAN_POINT('',(-8.79686292303231,-7.68527599434731,0.799999999999999));
#2944=VECTOR('',#2945,1.);
#2945=DIRECTION('',(-3.62521803959235E-16,-1.81260901979617E-16,-1.));
#2946=CARTESIAN_POINT('',(-3.29823275875811,-2.37531056789214,-9.));
#2947=VECTOR('',#2948,1.);
#2948=DIRECTION('',(-0.719339800338651,-0.694658370458997,-2.32385909946544E-16));
#2949=CARTESIAN_POINT('',(-6.18910828543341,-5.16699661336696,-3.9951589543233));
#2950=CARTESIAN_POINT('',(-7.13152730709548,-6.07708008375069,-3.9951589543233));
#2951=AXIS2_PLACEMENT_3D('',#2952,#2953,#2954);
#2952=CARTESIAN_POINT('',(-6.66031779626444,-5.62203834855883,-5.39993602423011));
#2953=DIRECTION('',(-0.694658370458997,0.719339800338651,-2.77555756156289E-17));
#2954=DIRECTION('',(0.304006136020022,0.293575313027008,0.90630778703665));
#2955=CARTESIAN_POINT('',(-6.66031779626444,-5.62203834855883,-3.68970024983825));
#2956=CARTESIAN_POINT('',(-6.66031779626444,-5.62203834855883,-3.68970024983825));
#2957=VECTOR('',#2958,1.);
#2958=DIRECTION('',(-0.651943262572309,-0.629574290477179,-0.4226182617407));
#2959=CARTESIAN_POINT('',(-6.18910828543341,-5.16699661336696,-3.9951589543233));
#2960=VECTOR('',#2961,1.);
#2961=DIRECTION('',(-0.651943262572309,-0.62957429047718,0.422618261740699));
#2962=CARTESIAN_POINT('',(-3.29486326218957,-2.35789361589946,-9.01018805777333));
#2963=CARTESIAN_POINT('',(-3.26565713292684,-2.2069269237181,-8.9));
#2964=CARTESIAN_POINT('',(-3.29486326218958,-2.35789361589946,-9.01018805777333));
#2965=CARTESIAN_POINT('',(-3.29366211525613,-2.3516848787629,-9.00559802667835));
#2966=CARTESIAN_POINT('',(-3.29125604099372,-2.33924786359823,-8.996417541066));
#2967=CARTESIAN_POINT('',(-3.28763928836487,-2.3205528432515,-8.98266036971915));
#2968=CARTESIAN_POINT('',(-3.2840095841322,-2.30179087597174,-8.96889737534479));
#2969=CARTESIAN_POINT('',(-3.28036673070789,-2.28296094042602,-8.95512873902249));
#2970=CARTESIAN_POINT('',(-3.27670909634124,-2.26405460208327,-8.94134926475224));
#2971=CARTESIAN_POINT('',(-3.27303783672902,-2.24507783474838,-8.9275643048059));
#2972=CARTESIAN_POINT('',(-3.26935274617295,-2.22602957516549,-8.91377409341106));
#2973=CARTESIAN_POINT('',(-3.26689041229249,-2.21330175363152,-8.90459126626532));
#2974=CARTESIAN_POINT('',(-3.26565713292605,-2.20692692371825,-8.90000000000002));
#2975=CARTESIAN_POINT('',(-3.79825821796879,-2.30211410456297,-9.4));
#2976=CARTESIAN_POINT('',(-3.29486326218954,-2.35789361589947,-9.01018805777333));
#2977=CARTESIAN_POINT('',(-3.33676302066606,-2.35407590200889,-9.04204030926705));
#2978=CARTESIAN_POINT('',(-3.42061360684359,-2.34600591170561,-9.10609288603666));
#2979=CARTESIAN_POINT('',(-3.54630161396592,-2.33266167712008,-9.20300215129293));
#2980=CARTESIAN_POINT('',(-3.67227991744569,-2.31807328577291,-9.30100804482032));
#2981=CARTESIAN_POINT('',(-3.75623387988734,-2.30756438859823,-9.36688683555903));
#2982=CARTESIAN_POINT('',(-3.79825821796878,-2.30211410456296,-9.40000000000002));
#2983=CARTESIAN_POINT('',(-2.30211433458898,-3.79825807855063,-9.4));
#2984=AXIS2_PLACEMENT_3D('',#2985,#2986,#2987);
#2985=CARTESIAN_POINT('',(-8.88178419700125E-16,1.77635683940025E-15,-9.4));
#2986=DIRECTION('',(-8.65956056235493E-17,-8.65956056235494E-17,1.));
#2987=DIRECTION('',(-0.518324726811179,-0.855183885241132,-1.18939810089831E-16));
#2988=CARTESIAN_POINT('',(-2.35789383202682,-3.29486310250766,-9.0101880536948));
#2989=CARTESIAN_POINT('',(-2.35789383202682,-3.29486310250764,-9.0101880536948));
#2990=CARTESIAN_POINT('',(-2.3540761193686,-3.33676286283278,-9.0420403055862));
#2991=CARTESIAN_POINT('',(-2.34600613149165,-3.42061345259495,-9.10609288310056));
#2992=CARTESIAN_POINT('',(-2.33266190041724,-3.54630146492899,-9.2030021494515));
#2993=CARTESIAN_POINT('',(-2.31807351249257,-3.6722797733192,-9.30100804392802));
#2994=CARTESIAN_POINT('',(-2.30756461752958,-3.75623373893262,-9.36688683527906));
#2995=CARTESIAN_POINT('',(-2.30211433458898,-3.79825807855063,-9.4));
#2996=CARTESIAN_POINT('',(-2.20692714339762,-3.2656569844677,-8.9));
#2997=CARTESIAN_POINT('',(-2.35789383202682,-3.29486310250767,-9.0101880536948));
#2998=CARTESIAN_POINT('',(-2.35168509503357,-3.29366195603524,-9.00559802276966));
#2999=CARTESIAN_POINT('',(-2.33924808015663,-3.29125588269644,-8.99641753749702));
#3000=CARTESIAN_POINT('',(-2.32055306024373,-3.28763913145619,-8.98266036665882));
#3001=CARTESIAN_POINT('',(-2.30179109340161,-3.28400942861754,-8.96889737279354));
#3002=CARTESIAN_POINT('',(-2.28296115829743,-3.28036657659274,-8.95512873698072));
#3003=CARTESIAN_POINT('',(-2.26405482040067,-3.2767089436318,-8.94134926322073));
#3004=CARTESIAN_POINT('',(-2.24507805351591,-3.273037685431,-8.92756430378505));
#3005=CARTESIAN_POINT('',(-2.22602979438738,-3.26935259629216,-8.91377409290124));
#3006=CARTESIAN_POINT('',(-2.21330197315805,-3.26689026335887,-8.90459126609538));
#3007=CARTESIAN_POINT('',(-2.20692714339776,-3.2656569844669,-8.90000000000001));
#3008=AXIS2_PLACEMENT_3D('',#3009,#3010,#3011);
#3009=CARTESIAN_POINT('',(7.70700890049589E-16,7.70700890049589E-16,-8.9));
#3010=DIRECTION('',(-8.65956056235493E-17,-8.65956056235493E-17,1.));
#3011=DIRECTION('',(-0.559927460277556,-0.828541633973288,-1.20235322106233E-16));
#3012=CARTESIAN_POINT('',(-3.26565713292684,-2.20692692371811,-0.299999999999999));
#3013=CARTESIAN_POINT('',(-3.29486326218958,-2.35789361589946,-0.189811942226656));
#3014=CARTESIAN_POINT('',(-3.29486326218959,-2.35789361589946,-0.189811942226656));
#3015=CARTESIAN_POINT('',(-3.29366247311035,-2.35168672851389,-0.194400605827679));
#3016=CARTESIAN_POINT('',(-3.29125703228929,-2.33925298761217,-0.20357867868998));
#3017=CARTESIAN_POINT('',(-3.28764110523533,-2.32056223466801,-0.217332727424131));
#3018=CARTESIAN_POINT('',(-3.28401192443317,-2.30180297300426,-0.23109376342994));
#3019=CARTESIAN_POINT('',(-3.28036928266529,-2.28297413151201,-0.244861631050024));
#3020=CARTESIAN_POINT('',(-3.27671148725532,-2.26406696073499,-0.258641744144429));
#3021=CARTESIAN_POINT('',(-3.27303972965306,-2.24508761928578,-0.272428602459219));
#3022=CARTESIAN_POINT('',(-3.26935379409992,-2.22603499190666,-0.286221996045493));
#3023=CARTESIAN_POINT('',(-3.26689079563795,-2.21330373514583,-0.295407306611893));
#3024=CARTESIAN_POINT('',(-3.26565713292627,-2.2069269237182,-0.299999999999969));
#3025=CARTESIAN_POINT('',(-2.20692714339762,-3.2656569844677,-0.300000000000001));
#3026=AXIS2_PLACEMENT_3D('',#3027,#3028,#3029);
#3027=CARTESIAN_POINT('',(2.59786816870645E-17,2.59786816870645E-17,-0.299999999999996));
#3028=DIRECTION('',(-8.65956056235493E-17,-8.65956056235493E-17,1.));
#3029=DIRECTION('',(-0.559927460277557,-0.828541633973287,-1.20235322106233E-16));
#3030=CARTESIAN_POINT('',(-2.35789383202682,-3.29486310250767,-0.189811946305181));
#3031=CARTESIAN_POINT('',(-2.35789383202681,-3.29486310250768,-0.189811946305181));
#3032=CARTESIAN_POINT('',(-2.35168694478446,-3.29366231388931,-0.194400609736465));
#3033=CARTESIAN_POINT('',(-2.33925320417028,-3.2912568739916,-0.203578682259222));
#3034=CARTESIAN_POINT('',(-2.32056245165972,-3.2876409483259,-0.217332730484953));
#3035=CARTESIAN_POINT('',(-2.30180319043345,-3.28401176891754,-0.231093765981831));
#3036=CARTESIAN_POINT('',(-2.2829743493827,-3.28036912854908,-0.244861633092493));
#3037=CARTESIAN_POINT('',(-2.26406717905171,-3.27671133454488,-0.258641745676601));
#3038=CARTESIAN_POINT('',(-2.24508783805277,-3.27303957835425,-0.272428603480607));
#3039=CARTESIAN_POINT('',(-2.22603521112826,-3.2693536442187,-0.28622199655564));
#3040=CARTESIAN_POINT('',(-2.21330395467228,-3.26689064670418,-0.295407306781975));
#3041=CARTESIAN_POINT('',(-2.20692714339774,-3.26565698446715,-0.300000000000023));
#3042=CARTESIAN_POINT('',(-2.33291039805137,-3.5422370278862,-5.58165375111038E-16));
#3043=CARTESIAN_POINT('',(-2.35789383202682,-3.29486310250766,-0.189811946305181));
#3044=CARTESIAN_POINT('',(-2.35611321829747,-3.31440736341626,-0.174954495546032));
#3045=CARTESIAN_POINT('',(-2.35221163273379,-3.35613398760139,-0.143162181004456));
#3046=CARTESIAN_POINT('',(-2.34603509413716,-3.41881936843404,-0.0951742264627602));
#3047=CARTESIAN_POINT('',(-2.33951235865425,-3.48175072431187,-0.0467663700979478));
#3048=CARTESIAN_POINT('',(-2.33509792157602,-3.5224721936935,-0.0153033802481494));
#3049=CARTESIAN_POINT('',(-2.33291039805137,-3.5422370278862,1.77635683940025E-15));
#3050=CARTESIAN_POINT('',(-3.54223717468609,-2.33291017515381,-8.17217411993667E-16));
#3051=AXIS2_PLACEMENT_3D('',#3052,#3053,#3054);
#3052=CARTESIAN_POINT('',(0.,0.,0.));
#3053=DIRECTION('',(-8.65956056235493E-17,-8.65956056235493E-17,1.));
#3054=DIRECTION('',(-0.550026373438709,-0.835147285526249,-1.19949951891858E-16));
#3055=CARTESIAN_POINT('',(-3.29486326218957,-2.35789361589947,-0.189811942226656));
#3056=CARTESIAN_POINT('',(-3.3144075216101,-2.35611300165226,-0.174954492128694));
#3057=CARTESIAN_POINT('',(-3.35613414284165,-2.35221141498036,-0.143162178841655));
#3058=CARTESIAN_POINT('',(-3.41881951978655,-2.34603487471857,-0.0951742258027992));
#3059=CARTESIAN_POINT('',(-3.48175087285882,-2.3395121374972,-0.0467663701363638));
#3060=CARTESIAN_POINT('',(-3.52247234090033,-2.3350976992629,-0.0153033803858732));
#3061=CARTESIAN_POINT('',(-3.54223717468609,-2.33291017515382,-1.69309011255336E-15));
#3062=CARTESIAN_POINT('',(-7.54140822297312,-8.93579441490492,0.999999999999998));
#3063=CARTESIAN_POINT('',(-7.68527618304085,-8.79686274081312,0.799999999999998));
#3064=VECTOR('',#3065,1.);
#3065=DIRECTION('',(0.50865005079684,-0.491197644359547,0.70710678118655));
#3066=CARTESIAN_POINT('',(-4.2785648762422,-5.55702122021518,0.999999999999999));
#3067=CARTESIAN_POINT('',(-4.2785648762422,-5.55702122021518,0.999999999999999));
#3068=VECTOR('',#3069,1.);
#3069=DIRECTION('',(-0.694658370458997,-0.719339800338651,-9.45464596582453E-17));
#3070=CARTESIAN_POINT('',(-4.56136451040173,-5.56195750619111,0.799999999999999));
#3071=VECTOR('',#3072,1.);
#3072=DIRECTION('',(0.816372224543662,0.0142498301850055,0.577350269189623));
#3073=CARTESIAN_POINT('',(-4.2785648762422,-5.55702122021518,-9.04642946712243E-16));
#3074=CARTESIAN_POINT('',(-4.2785648762422,-5.55702122021518,-8.69948477192707E-16));
#3075=VECTOR('',#3076,1.);
#3076=DIRECTION('',(0.,0.,1.));
#3077=CARTESIAN_POINT('',(-4.2785648762422,-5.55702122021518,-9.57567358739198E-16));
#3078=VECTOR('',#3079,1.);
#3079=DIRECTION('',(-0.816372224543662,-0.0142498301850055,-0.577350269189624));
#3080=CARTESIAN_POINT('',(-2.35789383202682,-3.29486310250768,-0.189811946305181));
#3081=VECTOR('',#3082,1.);
#3082=DIRECTION('',(-0.851381662318581,-0.164708874207656,-0.498016316825961));
#3083=CARTESIAN_POINT('',(-4.2785648762422,-5.55702122021518,-9.39337416231779E-16));
#3084=VECTOR('',#3085,1.);
#3085=DIRECTION('',(0.694658370458997,0.719339800338652,1.25635364903466E-16));
#3086=CARTESIAN_POINT('',(-3.26565713292684,-2.20692692371811,-8.9));
#3087=VECTOR('',#3088,1.);
#3088=DIRECTION('',(-1.03276560430247E-16,-1.03276560430247E-16,1.));
#3089=CARTESIAN_POINT('',(-2.20692714339762,-3.2656569844677,-8.90000000000001));
#3090=VECTOR('',#3091,1.);
#3091=DIRECTION('',(-1.03276560430247E-16,-1.03276560430247E-16,1.));
#3092=CARTESIAN_POINT('',(-2.37531077560362,-3.29823259623258,-9.));
#3093=VECTOR('',#3094,1.);
#3094=DIRECTION('',(0.851381662318802,0.164708874208207,-0.498016316825402));
#3095=CARTESIAN_POINT('',(-7.39754026290538,-9.07472608899672,-9.4));
#3096=CARTESIAN_POINT('',(-7.39754026290539,-9.07472608899672,-9.4));
#3097=VECTOR('',#3098,1.);
#3098=DIRECTION('',(0.694658370458997,0.719339800338651,2.42170363139631E-16));
#3099=CARTESIAN_POINT('',(-7.68527618304085,-8.79686274081312,-9.));
#3100=VECTOR('',#3101,1.);
#3101=DIRECTION('',(0.508650050796841,-0.491197644359553,-0.707106781186546));
#3102=CARTESIAN_POINT('',(-7.66553103913712,-9.92806127745124,0.799999999999998));
#3103=AXIS2_PLACEMENT_3D('',#3104,#3105,#3106);
#3104=CARTESIAN_POINT('',(-7.10980434276992,-9.35258943718032,0.799999999999998));
#3105=DIRECTION('',(-8.65956056235493E-17,-8.65956056235493E-17,1.));
#3106=DIRECTION('',(-0.719339800338653,0.694658370458995,-2.13730336808411E-18));
#3107=CARTESIAN_POINT('',(-7.66553103913712,-9.92806127745124,-9.));
#3108=AXIS2_PLACEMENT_3D('',#3109,#3110,#3111);
#3109=CARTESIAN_POINT('',(-7.10980434276992,-9.35258943718032,-9.));
#3110=DIRECTION('',(8.65956056235493E-17,8.65956056235493E-17,-1.));
#3111=DIRECTION('',(-0.694658370458997,-0.719339800338651,-1.22446027950813E-16));
#3112=CARTESIAN_POINT('',(-7.66553103913712,-9.92806127745124,0.799999999999998));
#3113=VECTOR('',#3114,1.);
#3114=DIRECTION('',(9.06304509898087E-17,0.,-1.));
#3115=CARTESIAN_POINT('',(-2.14576964063814,-9.10667325914198,-3.9951589543233));
#3116=CARTESIAN_POINT('',(-3.05585311102187,-10.0490922808041,-3.9951589543233));
#3117=AXIS2_PLACEMENT_3D('',#3118,#3119,#3120);
#3118=CARTESIAN_POINT('',(-2.60081137583,-9.57788276997302,-5.39993602423011));
#3119=DIRECTION('',(0.719339800338651,-0.694658370458997,0.));
#3120=DIRECTION('',(-0.293575313027008,-0.304006136020022,0.90630778703665));
#3121=CARTESIAN_POINT('',(-5.16699680206048,-6.1891081032142,-3.9951589543233));
#3122=VECTOR('',#3123,1.);
#3123=DIRECTION('',(0.719339800338651,-0.694658370458997,0.));
#3124=CARTESIAN_POINT('',(-6.0770802724442,-7.13152712487627,-3.9951589543233));
#3125=VECTOR('',#3126,1.);
#3126=DIRECTION('',(0.719339800338651,-0.694658370458997,0.));
#3127=CARTESIAN_POINT('',(-2.60081137583001,-9.57788276997302,-3.68970024983825));
#3128=CARTESIAN_POINT('',(-2.14576964063814,-9.10667325914198,-3.9951589543233));
#3129=VECTOR('',#3130,1.);
#3130=DIRECTION('',(-0.62957429047718,-0.651943262572309,0.422618261740699));
#3131=CARTESIAN_POINT('',(-5.62203853725234,-6.66031761404523,-3.68970024983825));
#3132=VECTOR('',#3133,1.);
#3133=DIRECTION('',(0.719339800338651,-0.694658370458997,0.));
#3134=CARTESIAN_POINT('',(-2.60081137583,-9.57788276997302,-3.68970024983825));
#3135=VECTOR('',#3136,1.);
#3136=DIRECTION('',(-0.62957429047718,-0.651943262572309,-0.422618261740699));
#3137=CARTESIAN_POINT('',(-5.55702140572804,-4.27856469072933,1.));
#3138=CARTESIAN_POINT('',(-5.55702140572804,-4.27856469072933,1.));
#3139=VECTOR('',#3140,1.);
#3140=DIRECTION('',(-0.0142498301850055,-0.81637222454366,-0.577350269189627));
#3141=CARTESIAN_POINT('',(-8.9357945971241,-7.54140803427958,0.999999999999999));
#3142=CARTESIAN_POINT('',(-8.9357945971241,-7.54140803427958,0.999999999999999));
#3143=VECTOR('',#3144,1.);
#3144=DIRECTION('',(0.719339800338651,0.694658370458998,1.18183074688013E-16));
#3145=CARTESIAN_POINT('',(-8.79686292303231,-7.68527599434731,0.799999999999999));
#3146=VECTOR('',#3147,1.);
#3147=DIRECTION('',(-0.491197644359556,0.508650050796836,0.707106781186547));
#3148=CARTESIAN_POINT('',(-9.92806145967043,-7.66553085044359,0.799999999999999));
#3149=AXIS2_PLACEMENT_3D('',#3150,#3151,#3152);
#3150=CARTESIAN_POINT('',(-9.35258961939951,-7.10980415407639,0.799999999999999));
#3151=DIRECTION('',(-8.65956056235493E-17,-8.65956056235493E-17,1.));
#3152=DIRECTION('',(-0.719339800338651,-0.694658370458998,-1.22446027950813E-16));
#3153=CARTESIAN_POINT('',(-9.92806145967043,-7.66553085044359,-9.));
#3154=CARTESIAN_POINT('',(-9.92806145967043,-7.66553085044359,0.799999999999999));
#3155=VECTOR('',#3156,1.);
#3156=DIRECTION('',(1.81260901979617E-16,9.06304509898087E-17,-1.));
#3157=AXIS2_PLACEMENT_3D('',#3158,#3159,#3160);
#3158=CARTESIAN_POINT('',(-9.35258961939951,-7.10980415407639,-9.));
#3159=DIRECTION('',(8.65956056235493E-17,8.65956056235493E-17,-1.));
#3160=DIRECTION('',(0.694658370458996,-0.719339800338653,-2.13730336808407E-18));
#3161=CARTESIAN_POINT('',(-3.29486326218958,-2.35789361589946,-9.01018805777333));
#3162=VECTOR('',#3163,1.);
#3163=DIRECTION('',(-0.164708935397626,-0.851381671487081,0.498016280914636));
#3164=CARTESIAN_POINT('',(-9.07472627121591,-7.39754007421185,-9.4));
#3165=CARTESIAN_POINT('',(-8.79686292303231,-7.68527599434731,-9.));
#3166=VECTOR('',#3167,1.);
#3167=DIRECTION('',(-0.491197644359553,0.508650050796837,-0.707106781186548));
#3168=CARTESIAN_POINT('',(-3.79825821796879,-2.30211410456298,-9.4));
#3169=VECTOR('',#3170,1.);
#3170=DIRECTION('',(-0.719339800338651,-0.694658370458997,-2.42170361175221E-16));
#3171=CARTESIAN_POINT('',(-3.29823275875811,-2.37531056789214,-0.200000000000001));
#3172=VECTOR('',#3173,1.);
#3173=DIRECTION('',(0.164708935396991,0.851381671486786,0.498016280915349));
#3174=CARTESIAN_POINT('',(-5.55702140572804,-4.27856469072933,-1.09893197602164E-15));
#3175=CARTESIAN_POINT('',(-3.54223717468609,-2.33291017515381,-9.7602593744984E-16));
#3176=VECTOR('',#3177,1.);
#3177=DIRECTION('',(-0.719339800338651,-0.694658370458997,-1.25635363665818E-16));
#3178=CARTESIAN_POINT('',(-5.56195769170397,-4.56136432488886,-0.200000000000001));
#3179=VECTOR('',#3180,1.);
#3180=DIRECTION('',(0.0142498301850056,0.816372224543661,0.577350269189624));
#3181=CARTESIAN_POINT('',(-5.55702140572804,-4.27856469072933,-8.69948477192706E-16));
#3182=VECTOR('',#3183,1.);
#3183=DIRECTION('',(0.,0.,1.));
#3184=CARTESIAN_POINT('',(-10.0490924630233,-3.05585292232835,-3.9951589543233));
#3185=CARTESIAN_POINT('',(-9.1066734413612,-2.14576945194463,-3.9951589543233));
#3186=AXIS2_PLACEMENT_3D('',#3187,#3188,#3189);
#3187=CARTESIAN_POINT('',(-9.57788295219223,-2.60081118713649,-5.39993602423011));
#3188=DIRECTION('',(-0.694658370458997,0.719339800338651,0.));
#3189=DIRECTION('',(0.304006136020022,0.293575313027008,0.90630778703665));
#3190=CARTESIAN_POINT('',(-7.13152730709548,-6.07708008375069,-3.9951589543233));
#3191=VECTOR('',#3192,1.);
#3192=DIRECTION('',(-0.694658370458998,0.719339800338651,0.));
#3193=CARTESIAN_POINT('',(-6.18910828543341,-5.16699661336696,-3.9951589543233));
#3194=VECTOR('',#3195,1.);
#3195=DIRECTION('',(-0.694658370458997,0.719339800338651,0.));
#3196=CARTESIAN_POINT('',(-9.57788295219223,-2.60081118713649,-3.68970024983825));
#3197=CARTESIAN_POINT('',(-10.0490924630233,-3.05585292232835,-3.9951589543233));
#3198=VECTOR('',#3199,1.);
#3199=DIRECTION('',(0.651943262572308,0.62957429047718,0.4226182617407));
#3200=CARTESIAN_POINT('',(-6.66031779626444,-5.62203834855883,-3.68970024983825));
#3201=VECTOR('',#3202,1.);
#3202=DIRECTION('',(-0.694658370458997,0.719339800338651,0.));
#3203=CARTESIAN_POINT('',(-9.57788295219223,-2.60081118713649,-3.68970024983825));
#3204=VECTOR('',#3205,1.);
#3205=DIRECTION('',(0.651943262572307,0.629574290477181,-0.422618261740699));
#3206=CARTESIAN_POINT('',(-11.4365647307765,-4.95178475306044,-9.4));
#3207=CARTESIAN_POINT('',(-6.82661032955081,-0.500003535424322,-9.4));
#3208=CARTESIAN_POINT('',(-11.4365647307765,-4.95178475306044,-9.4));
#3209=VECTOR('',#3210,1.);
#3210=DIRECTION('',(0.719339800338651,0.694658370458997,0.));
#3211=CARTESIAN_POINT('',(-4.3061092379304,5.32071756044024,-9.4));
#3212=AXIS2_PLACEMENT_3D('',#3213,#3214,#3215);
#3213=CARTESIAN_POINT('',(0.,1.77635683940025E-15,-9.4));
#3214=DIRECTION('',(8.65956056235494E-17,8.65956056235493E-17,-1.));
#3215=DIRECTION('',(-0.997328452791941,-0.0730476368654914,-9.2689865728852E-17));
#3216=CARTESIAN_POINT('',(1.91093001498759,6.57274361319428,-9.4));
#3217=CARTESIAN_POINT('',(-4.3061092379304,5.32071756044025,-9.4));
#3218=VECTOR('',#3219,1.);
#3219=DIRECTION('',(0.980318470488543,0.197422634008877,-2.80100438327679E-16));
#3220=CARTESIAN_POINT('',(6.57274357984227,1.91093012970359,-9.4));
#3221=AXIS2_PLACEMENT_3D('',#3222,#3223,#3224);
#3222=CARTESIAN_POINT('',(0.,1.77635683940025E-15,-9.4));
#3223=DIRECTION('',(8.65956056235493E-17,8.65956056235493E-17,-1.));
#3224=DIRECTION('',(0.279175869610044,0.960239987621572,1.07327966776402E-16));
#3225=CARTESIAN_POINT('',(5.32071763559602,-4.30610914506637,-9.4));
#3226=CARTESIAN_POINT('',(6.57274357984227,1.91093012970359,-9.4));
#3227=VECTOR('',#3228,1.);
#3228=DIRECTION('',(-0.197422616899094,-0.980318473934218,0.));
#3229=CARTESIAN_POINT('',(-0.719648249367901,-6.80696103442302,-9.4));
#3230=AXIS2_PLACEMENT_3D('',#3231,#3232,#3233);
#3231=CARTESIAN_POINT('',(0.,1.77635683940025E-15,-9.4));
#3232=DIRECTION('',(8.65956056235493E-17,8.65956056235493E-17,-1.));
#3233=DIRECTION('',(0.777326203061738,-0.629097746009014,1.28359330091249E-17));
#3234=CARTESIAN_POINT('',(0.986372887294259,-8.45444649568166,-9.4));
#3235=CARTESIAN_POINT('',(0.986372887294259,-8.45444649568166,-9.4));
#3236=VECTOR('',#3237,1.);
#3237=DIRECTION('',(-0.719339800338652,0.694658370458996,0.));
#3238=CARTESIAN_POINT('',(0.996245459246123,-9.02004576400072,-9.4));
#3239=AXIS2_PLACEMENT_3D('',#3240,#3241,#3242);
#3240=CARTESIAN_POINT('',(0.708509539110658,-8.74218241581712,-9.4));
#3241=DIRECTION('',(8.65956056235493E-17,8.65956056235493E-17,-1.));
#3242=DIRECTION('',(0.694658370458998,0.71933980033865,1.22446027950813E-16));
#3243=CARTESIAN_POINT('',(-3.08150146087347,-13.2426763117507,-9.4));
#3244=CARTESIAN_POINT('',(-3.08150146087348,-13.2426763117507,-9.4));
#3245=VECTOR('',#3246,1.);
#3246=DIRECTION('',(0.694658370458997,0.719339800338652,3.02608565853636E-16));
#3247=CARTESIAN_POINT('',(-3.64710072919254,-13.2525488837026,-9.4));
#3248=AXIS2_PLACEMENT_3D('',#3249,#3250,#3251);
#3249=CARTESIAN_POINT('',(-3.36923738100894,-12.9648129635671,-9.4));
#3250=DIRECTION('',(8.65956056235493E-17,8.65956056235493E-17,-1.));
#3251=DIRECTION('',(0.719339800338649,-0.694658370459,2.13730336808338E-18));
#3252=CARTESIAN_POINT('',(-7.38766769095352,-9.64032535731578,-9.4));
#3253=CARTESIAN_POINT('',(-7.38766769095352,-9.64032535731578,-9.4));
#3254=VECTOR('',#3255,1.);
#3255=DIRECTION('',(0.719339800338651,-0.694658370458997,0.));
#3256=AXIS2_PLACEMENT_3D('',#3257,#3258,#3259);
#3257=CARTESIAN_POINT('',(-7.10980434276992,-9.35258943718031,-9.4));
#3258=DIRECTION('',(8.65956056235493E-17,8.65956056235493E-17,-1.));
#3259=DIRECTION('',(-0.694658370459,-0.719339800338649,-1.22446027950813E-16));
#3260=CARTESIAN_POINT('',(-9.64032553953496,-7.38766750225999,-9.4));
#3261=AXIS2_PLACEMENT_3D('',#3262,#3263,#3264);
#3262=CARTESIAN_POINT('',(-9.35258961939951,-7.10980415407639,-9.4));
#3263=DIRECTION('',(8.65956056235493E-17,8.65956056235493E-17,-1.));
#3264=DIRECTION('',(0.694658370458997,-0.719339800338651,-2.13730336808379E-18));
#3265=CARTESIAN_POINT('',(-11.4464373027284,-5.5173840213795,-9.4));
#3266=CARTESIAN_POINT('',(-9.64032553953497,-7.38766750225999,-9.4));
#3267=VECTOR('',#3268,1.);
#3268=DIRECTION('',(-0.694658370458997,0.719339800338652,0.));
#3269=AXIS2_PLACEMENT_3D('',#3270,#3271,#3272);
#3270=CARTESIAN_POINT('',(-11.1587013825929,-5.2395206731959,-9.4));
#3271=DIRECTION('',(8.65956056235493E-17,8.65956056235493E-17,-1.));
#3272=DIRECTION('',(-0.719339800338652,-0.694658370458996,-1.22446027950813E-16));
#3273=CARTESIAN_POINT('',(2.49347277711459,11.2615968638278,9.97626611815613E-16));
#3274=CARTESIAN_POINT('',(3.53409045563971,6.09432322141238,6.29867077260656E-16));
#3275=CARTESIAN_POINT('',(2.49347277711459,11.2615968638278,9.00875624747669E-16));
#3276=VECTOR('',#3277,1.);
#3277=DIRECTION('',(0.197422626439267,-0.980318472012958,-7.07575573025985E-17));
#3278=CARTESIAN_POINT('',(-0.717713382904349,8.05041070380884,6.34979365357902E-16));
#3279=CARTESIAN_POINT('',(2.49347277711459,11.2615968638278,1.1911285859515E-15));
#3280=VECTOR('',#3281,1.);
#3281=DIRECTION('',(-0.707106781186548,-0.707106781186547,-1.22464679914735E-16));
#3282=CARTESIAN_POINT('',(-2.98045508270131,8.05041070380885,4.39035877494326E-16));
#3283=AXIS2_PLACEMENT_3D('',#3284,#3285,#3286);
#3284=CARTESIAN_POINT('',(-1.84908423280282,9.18178155370732,6.34979365357903E-16));
#3285=DIRECTION('',(8.65956056235493E-17,8.65956056235494E-17,-1.));
#3286=DIRECTION('',(0.707106781186545,-0.70710678118655,-4.08297148210094E-31));
#3287=CARTESIAN_POINT('',(-6.8961891926998,11.9661448138077,-3.81170839423129E-13));
#3288=CARTESIAN_POINT('',(-2.9804550827013,8.05041070380885,4.39035877494326E-16));
#3289=VECTOR('',#3290,1.);
#3290=DIRECTION('',(-0.707106781186548,0.707106781186547,-9.79365822294531E-32));
#3291=CARTESIAN_POINT('',(-6.99743399813998,11.1031971916272,3.1280271273837E-16));
#3292=AXIS2_PLACEMENT_3D('',#3293,#3294,#3295);
#3293=CARTESIAN_POINT('',(-5.62498813732184,11.3795888686422,4.98323135450402E-16));
#3294=DIRECTION('',(8.65956056235493E-17,8.65956056235493E-17,-1.));
#3295=DIRECTION('',(-0.980318472012958,-0.197422626439267,-1.01987203688215E-16));
#3296=CARTESIAN_POINT('',(-5.61755784879749,4.2513074096216,-2.17652067541774E-16));
#3297=CARTESIAN_POINT('',(-5.61755785054816,4.25130741094655,-2.67322459242588E-16));
#3298=VECTOR('',#3299,1.);
#3299=DIRECTION('',(-0.197422626439267,0.980318472012958,7.95649237971643E-17));
#3300=CARTESIAN_POINT('',(-7.03232827731945,-0.420630332184521,-4.48766026660124E-16));
#3301=AXIS2_PLACEMENT_3D('',#3302,#3303,#3304);
#3302=CARTESIAN_POINT('',(-2.59583780630552E-31,-2.63362058895763E-31,-4.52848116820967E-47));
#3303=DIRECTION('',(8.65956056235493E-17,8.65956056235493E-17,-1.));
#3304=DIRECTION('',(-0.998215939884365,-0.0597070964021375,-9.16114860303338E-17));
#3305=CARTESIAN_POINT('',(-8.19672321347224,-1.54507344944245,-7.20170828811296E-16));
#3306=CARTESIAN_POINT('',(-8.19672321347224,-1.54507344944245,-5.74454056829244E-16));
#3307=VECTOR('',#3308,1.);
#3308=DIRECTION('',(0.719339800338651,0.694658370458997,1.38383780808398E-16));
#3309=CARTESIAN_POINT('',(-8.19672321347224,-1.54507344944245,-8.4359678188657E-16));
#3310=VECTOR('',#3311,1.);
#3311=DIRECTION('',(0.694658370458998,-0.719339800338651,-2.13730336808365E-18));
#3312=CARTESIAN_POINT('',(-1.54507363495533,-8.19672302795937,-5.05170509681453E-16));
#3313=CARTESIAN_POINT('',(-4.2785648762422,-5.55702122021518,-8.51718534685289E-16));
#3314=VECTOR('',#3315,1.);
#3315=DIRECTION('',(0.719339800338651,-0.694658370458997,2.13730336808383E-18));
#3316=CARTESIAN_POINT('',(-0.730170061566642,-7.35286567489913,3.32247189746078E-16));
#3317=CARTESIAN_POINT('',(-0.730170061566643,-7.35286567489913,-1.69107800504759E-17));
#3318=VECTOR('',#3319,1.);
#3319=DIRECTION('',(-0.694658370458997,-0.719339800338652,-1.08543073815439E-16));
#3320=CARTESIAN_POINT('',(-0.586302101498912,-7.49179734899093,-2.00805641369663E-16));
#3321=CARTESIAN_POINT('',(-0.730170061566643,-7.35286567489913,1.51426089423756E-16));
#3322=VECTOR('',#3323,1.);
#3323=DIRECTION('',(0.71933980033865,-0.694658370458998,-2.14773418880163E-15));
#3324=CARTESIAN_POINT('',(-0.153127967536491,-7.04323240212287,-4.35673861347497E-16));
#3325=CARTESIAN_POINT('',(-0.586302101498913,-7.49179734899093,-4.83873973281656E-16));
#3326=VECTOR('',#3327,1.);
#3327=DIRECTION('',(0.694658370458997,0.719339800338651,2.27637318623732E-16));
#3328=CARTESIAN_POINT('',(4.2513074209136,-5.61755784025182,-1.25133481011108E-16));
#3329=AXIS2_PLACEMENT_3D('',#3330,#3331,#3332);
#3330=CARTESIAN_POINT('',(-2.59583780630552E-31,-2.63362058895763E-31,-4.52848116820967E-47));
#3331=DIRECTION('',(8.65956056235493E-17,8.65956056235493E-17,-1.));
#3332=DIRECTION('',(0.603459148319228,-0.797393915395542,-1.67938986064353E-17));
#3333=CARTESIAN_POINT('',(11.1031971992537,-6.99743397452439,3.54436077063623E-16));
#3334=CARTESIAN_POINT('',(11.1031971992537,-6.99743397452439,3.44303980189939E-16));
#3335=VECTOR('',#3336,1.);
#3336=DIRECTION('',(-0.980318472409803,0.197422624468704,-6.76517272739914E-17));
#3337=CARTESIAN_POINT('',(11.9661447988052,-6.89618917769711,4.4072032161292E-16));
#3338=AXIS2_PLACEMENT_3D('',#3339,#3340,#3341);
#3339=CARTESIAN_POINT('',(11.3795888735099,-5.62498811315067,4.98323137965045E-16));
#3340=DIRECTION('',(8.65956056235493E-17,8.65956056235493E-17,-1.));
#3341=DIRECTION('',(0.418968518067736,-0.908000760389618,-4.23480431933057E-17));
#3342=CARTESIAN_POINT('',(8.05041070380885,-2.98045508270131,4.39035877494326E-16));
#3343=CARTESIAN_POINT('',(11.9661447988056,-6.89618917769809,4.39035877494326E-16));
#3344=VECTOR('',#3345,1.);
#3345=DIRECTION('',(-0.707106781186547,0.707106781186548,8.01299312220144E-32));
#3346=CARTESIAN_POINT('',(8.05041070380884,-0.717713382904352,6.34979365357902E-16));
#3347=AXIS2_PLACEMENT_3D('',#3348,#3349,#3350);
#3348=CARTESIAN_POINT('',(9.18178155370732,-1.84908423280283,6.34979365357902E-16));
#3349=DIRECTION('',(8.65956056235493E-17,8.65956056235494E-17,-1.));
#3350=DIRECTION('',(-0.707106781186546,-0.707106781186549,-1.22464679914735E-16));
#3351=CARTESIAN_POINT('',(11.2615968818302,2.493472795117,1.1734119261265E-15));
#3352=CARTESIAN_POINT('',(8.05041070380884,-0.717713382904349,6.34979365357902E-16));
#3353=VECTOR('',#3354,1.);
#3354=DIRECTION('',(0.707106781186547,0.707106781186548,1.22464679914735E-16));
#3355=CARTESIAN_POINT('',(6.0943232143084,3.53409046789007,8.33407965405705E-16));
#3356=CARTESIAN_POINT('',(6.09432321620771,3.53409046899142,8.33222791366378E-16));
#3357=VECTOR('',#3358,1.);
#3358=DIRECTION('',(0.980318472409803,-0.197422624468704,6.28590099849411E-17));
#3359=AXIS2_PLACEMENT_3D('',#3360,#3361,#3362);
#3360=CARTESIAN_POINT('',(-2.59583780630552E-31,-2.63362058895763E-31,-4.52848116820967E-47));
#3361=DIRECTION('',(8.65956056235493E-17,8.65956056235493E-17,-1.));
#3362=DIRECTION('',(0.501652551860196,0.865069197932832,1.18352097642204E-16));
#3363=CARTESIAN_POINT('',(-7.52659936504532,-9.78419331738351,0.999999999999999));
#3364=CARTESIAN_POINT('',(-7.66553103913712,-9.92806127745124,0.799999999999998));
#3365=VECTOR('',#3366,1.);
#3366=DIRECTION('',(0.491197644359553,0.508650050796837,0.707106781186548));
#3367=AXIS2_PLACEMENT_3D('',#3368,#3369,#3370);
#3368=CARTESIAN_POINT('',(-7.10980434276992,-9.35258943718032,0.999999999999999));
#3369=DIRECTION('',(-8.65956056235493E-17,-8.65956056235493E-17,1.));
#3370=DIRECTION('',(-0.719339800338651,0.694658370458997,-2.13730336808381E-18));
#3371=CARTESIAN_POINT('',(-4.80791698168624,-11.5754962226491,0.999999999999998));
#3372=CARTESIAN_POINT('',(-1.54507363495533,-8.19672302795937,0.999999999999999));
#3373=CARTESIAN_POINT('',(-4.80791698168624,-11.5754962226491,0.999999999999998));
#3374=VECTOR('',#3375,1.);
#3375=DIRECTION('',(0.694658370458997,0.719339800338651,1.41819689487368E-16));
#3376=CARTESIAN_POINT('',(-1.54507363495533,-8.19672302795937,0.999999999999999));
#3377=VECTOR('',#3378,1.);
#3378=DIRECTION('',(-0.719339800338651,0.694658370458997,0.));
#3379=CARTESIAN_POINT('',(-5.65631588416483,-11.5903050805769,0.999999999999999));
#3380=CARTESIAN_POINT('',(-7.52659936504532,-9.78419331738351,0.999999999999999));
#3381=VECTOR('',#3382,1.);
#3382=DIRECTION('',(0.719339800338652,-0.694658370458997,0.));
#3383=AXIS2_PLACEMENT_3D('',#3384,#3385,#3386);
#3384=CARTESIAN_POINT('',(-5.23952086188943,-11.1587012003737,0.999999999999999));
#3385=DIRECTION('',(-8.65956056235494E-17,-8.65956056235493E-17,1.));
#3386=DIRECTION('',(-0.694658370459,-0.719339800338649,-1.22446027950813E-16));
#3387=CARTESIAN_POINT('',(-1.54507363495533,-8.19672302795937,-8.6609838457591E-16));
#3388=VECTOR('',#3389,1.);
#3389=DIRECTION('',(-2.22044604925031E-16,0.,1.));
#3390=CARTESIAN_POINT('',(-7.66553103913712,-9.92806127745124,-9.));
#3391=VECTOR('',#3392,1.);
#3392=DIRECTION('',(0.491197644359554,0.508650050796837,-0.707106781186547));
#3393=CARTESIAN_POINT('',(-5.79524755825663,-11.7341730406446,0.799999999999998));
#3394=CARTESIAN_POINT('',(-7.66553103913712,-9.92806127745124,0.799999999999998));
#3395=VECTOR('',#3396,1.);
#3396=DIRECTION('',(0.719339800338651,-0.694658370458997,0.));
#3397=CARTESIAN_POINT('',(-3.92496407737613,-13.540284803838,-9.));
#3398=CARTESIAN_POINT('',(-7.66553103913712,-9.92806127745124,-9.));
#3399=VECTOR('',#3400,1.);
#3400=DIRECTION('',(0.719339800338651,-0.694658370458997,0.));
#3401=CARTESIAN_POINT('',(-3.92496407737614,-13.540284803838,-0.922323132159305));
#3402=CARTESIAN_POINT('',(-3.92496407737613,-13.540284803838,-9.));
#3403=VECTOR('',#3404,1.);
#3404=DIRECTION('',(-5.4977342757804E-17,-2.19909371031216E-16,1.));
#3405=CARTESIAN_POINT('',(-5.79524755825663,-11.7341730406446,0.409921392070812));
#3406=CARTESIAN_POINT('',(-3.92496407737614,-13.540284803838,-0.922323132159304));
#3407=VECTOR('',#3408,1.);
#3408=DIRECTION('',(-0.640189937367528,0.618224236260265,0.45602153216024));
#3409=CARTESIAN_POINT('',(-5.79524755825663,-11.7341730406446,0.799999999999998));
#3410=VECTOR('',#3411,1.);
#3411=DIRECTION('',(0.,0.,-1.));
#3412=CARTESIAN_POINT('',(-0.586302101498912,-7.49179734899093,-0.200000000000001));
#3413=CARTESIAN_POINT('',(-1.54013734897939,-8.4795226621189,-0.200000000000001));
#3414=CARTESIAN_POINT('',(-0.586302101498912,-7.49179734899093,-0.200000000000001));
#3415=VECTOR('',#3416,1.);
#3416=DIRECTION('',(-0.694658370458997,-0.719339800338651,-1.41496658730775E-16));
#3417=CARTESIAN_POINT('',(-1.5401373489794,-8.4795226621189,0.799999999999999));
#3418=CARTESIAN_POINT('',(-1.54013734897939,-8.4795226621189,-0.200000000000001));
#3419=VECTOR('',#3420,1.);
#3420=DIRECTION('',(-2.22044604925031E-16,0.,1.));
#3421=CARTESIAN_POINT('',(-4.66404902161851,-11.7144278967409,0.799999999999998));
#3422=CARTESIAN_POINT('',(-4.66404902161851,-11.7144278967409,0.799999999999998));
#3423=VECTOR('',#3424,1.);
#3424=DIRECTION('',(0.694658370458997,0.719339800338652,1.72814745922839E-16));
#3425=CARTESIAN_POINT('',(-4.66404902161851,-11.7144278967409,5.75651216870342E-15));
#3426=CARTESIAN_POINT('',(-4.66404902161851,-11.7144278967409,0.799999999999998));
#3427=VECTOR('',#3428,1.);
#3428=DIRECTION('',(0.,0.,-1.));
#3429=CARTESIAN_POINT('',(-4.61532065016109,-11.6639681909551,5.17999024242584E-15));
#3430=CARTESIAN_POINT('',(-4.66404902161852,-11.7144278967409,5.79062250917655E-15));
#3431=VECTOR('',#3432,1.);
#3432=DIRECTION('',(0.694658370459002,0.719339800338647,5.96137186728326E-17));
#3433=CARTESIAN_POINT('',(-4.61532065016109,-11.6639681909551,-8.66762752423011));
#3434=CARTESIAN_POINT('',(-4.61532065016109,-11.6639681909551,4.79737745200365E-15));
#3435=VECTOR('',#3436,1.);
#3436=DIRECTION('',(0.,0.,-1.));
#3437=CARTESIAN_POINT('',(-0.586302101498912,-7.49179734899093,-8.66762752423011));
#3438=CARTESIAN_POINT('',(-4.6153206501611,-11.6639681909551,-8.66762752423011));
#3439=VECTOR('',#3440,1.);
#3440=DIRECTION('',(0.694658370458997,0.719339800338652,0.));
#3441=CARTESIAN_POINT('',(-0.586302101498912,-7.49179734899093,-8.66762752423011));
#3442=VECTOR('',#3443,1.);
#3443=DIRECTION('',(2.62227647932849E-17,0.,1.));
#3444=CARTESIAN_POINT('',(-8.19672321347224,-1.54507344944245,0.999999999999999));
#3445=CARTESIAN_POINT('',(-11.5754964048683,-4.80791679299271,0.999999999999998));
#3446=CARTESIAN_POINT('',(-8.19672321347224,-1.54507344944245,0.999999999999998));
#3447=VECTOR('',#3448,1.);
#3448=DIRECTION('',(-0.719339800338651,-0.694658370458997,-9.45464597504103E-17));
#3449=CARTESIAN_POINT('',(-11.5903052627961,-5.6563156954713,0.999999999999998));
#3450=AXIS2_PLACEMENT_3D('',#3451,#3452,#3453);
#3451=CARTESIAN_POINT('',(-11.1587013825929,-5.2395206731959,0.999999999999999));
#3452=DIRECTION('',(-8.65956056235493E-17,-8.65956056235493E-17,1.));
#3453=DIRECTION('',(-0.694658370458998,0.71933980033865,2.13730336808367E-18));
#3454=CARTESIAN_POINT('',(-9.7841934996027,-7.52659917635179,0.999999999999998));
#3455=CARTESIAN_POINT('',(-11.5903052627961,-5.6563156954713,0.999999999999997));
#3456=VECTOR('',#3457,1.);
#3457=DIRECTION('',(0.694658370458997,-0.719339800338652,0.));
#3458=AXIS2_PLACEMENT_3D('',#3459,#3460,#3461);
#3459=CARTESIAN_POINT('',(-9.35258961939951,-7.10980415407639,0.999999999999999));
#3460=DIRECTION('',(-8.65956056235494E-17,-8.65956056235493E-17,1.));
#3461=DIRECTION('',(-0.719339800338651,-0.694658370458997,-1.22446027950813E-16));
#3462=CARTESIAN_POINT('',(-5.55702140572804,-4.27856469072933,0.999999999999999));
#3463=VECTOR('',#3464,1.);
#3464=DIRECTION('',(-0.694658370458998,0.71933980033865,0.));
#3465=CARTESIAN_POINT('',(-9.92806145967043,-7.66553085044359,0.799999999999999));
#3466=VECTOR('',#3467,1.);
#3467=DIRECTION('',(0.50865005079684,0.491197644359553,0.707106781186546));
#3468=CARTESIAN_POINT('',(-11.7341732228638,-5.7952473695631,0.799999999999999));
#3469=CARTESIAN_POINT('',(-11.7341732228638,-5.7952473695631,0.799999999999999));
#3470=VECTOR('',#3471,1.);
#3471=DIRECTION('',(0.694658370458998,-0.719339800338651,-4.2700885562506E-17));
#3472=CARTESIAN_POINT('',(-11.7341732228638,-5.7952473695631,-9.));
#3473=CARTESIAN_POINT('',(-11.7341732228638,-5.7952473695631,0.799999999999999));
#3474=VECTOR('',#3475,1.);
#3475=DIRECTION('',(0.,1.81260901979617E-16,-1.));
#3476=CARTESIAN_POINT('',(-9.92806145967043,-7.66553085044359,-9.));
#3477=VECTOR('',#3478,1.);
#3478=DIRECTION('',(-0.694658370458998,0.719339800338651,0.));
#3479=CARTESIAN_POINT('',(-9.92806145967043,-7.66553085044359,-9.));
#3480=VECTOR('',#3481,1.);
#3481=DIRECTION('',(0.508650050796836,0.491197644359555,-0.707106781186548));
#3482=CARTESIAN_POINT('',(-8.19672321347224,-1.54507344944245,-8.65887600793347E-16));
#3483=VECTOR('',#3484,1.);
#3484=DIRECTION('',(0.,0.,1.));
#3485=CARTESIAN_POINT('',(-8.47952284763176,-1.54013716346652,0.799999999999999));
#3486=CARTESIAN_POINT('',(-11.7144280789601,-4.66404883292498,0.799999999999999));
#3487=CARTESIAN_POINT('',(-8.47952284763176,-1.54013716346652,0.799999999999999));
#3488=VECTOR('',#3489,1.);
#3489=DIRECTION('',(-0.719339800338651,-0.694658370458998,-9.87512834850245E-17));
#3490=CARTESIAN_POINT('',(-8.47952284763176,-1.54013716346652,-0.200000000000001));
#3491=CARTESIAN_POINT('',(-8.47952284763176,-1.54013716346652,-0.200000000000001));
#3492=VECTOR('',#3493,1.);
#3493=DIRECTION('',(0.,0.,1.));
#3494=CARTESIAN_POINT('',(-7.23690699070783,-0.340156979037808,-0.200000000000001));
#3495=CARTESIAN_POINT('',(-8.47952284763176,-1.54013716346652,-0.200000000000001));
#3496=VECTOR('',#3497,1.);
#3497=DIRECTION('',(0.71933980033865,0.694658370458998,1.44607209857678E-16));
#3498=CARTESIAN_POINT('',(-7.23690699070783,-0.340156979037806,-9.));
#3499=CARTESIAN_POINT('',(-7.23690699070783,-0.340156979037808,-0.200000000000001));
#3500=VECTOR('',#3501,1.);
#3501=DIRECTION('',(2.01858731750028E-16,1.89242561015652E-16,-1.));
#3502=CARTESIAN_POINT('',(-11.7144280789601,-4.66404883292498,-9.));
#3503=CARTESIAN_POINT('',(-11.7144280789601,-4.66404883292498,-9.));
#3504=VECTOR('',#3505,1.);
#3505=DIRECTION('',(0.719339800338651,0.694658370458997,2.85382056052614E-16));
#3506=CARTESIAN_POINT('',(-11.7144280789601,-4.66404883292498,0.799999999999998));
#3507=VECTOR('',#3508,1.);
#3508=DIRECTION('',(0.,9.06304509898087E-17,-1.));
#3509=CARTESIAN_POINT('',(-7.23690699070783,-0.340156979037806,-9.));
#3510=CARTESIAN_POINT('',(-7.16877583455507,-0.367214826235512,-9.06679166435371));
#3511=CARTESIAN_POINT('',(-7.03227728807239,-0.420907538331588,-9.20023482706456));
#3512=CARTESIAN_POINT('',(-6.89524460598723,-0.473779010921375,-9.33345828119545));
#3513=CARTESIAN_POINT('',(-6.82661032955079,-0.500003535424278,-9.39999999999999));
#3514=CARTESIAN_POINT('',(-11.7144280789601,-4.66404883292498,-9.));
#3515=VECTOR('',#3516,1.);
#3516=DIRECTION('',(0.491197644359555,-0.508650050796835,-0.707106781186549));
#3517=CARTESIAN_POINT('',(-5.83126048479366,4.29941050854975,-9.));
#3518=AXIS2_PLACEMENT_3D('',#3519,#3520,#3521);
#3519=CARTESIAN_POINT('',(7.79360450611944E-16,7.79360450611944E-16,-9.));
#3520=DIRECTION('',(8.65956056235494E-17,8.65956056235494E-17,-1.));
#3521=DIRECTION('',(-0.998897181838421,-0.0469512525419794,-9.05658785656117E-17));
#3522=CARTESIAN_POINT('',(-7.19349769254258,11.0637126663393,-3.04822498125937));
#3523=CARTESIAN_POINT('',(-5.83126048479366,4.29941050854975,-9.));
#3524=CARTESIAN_POINT('',(-5.85142504688336,4.39953931877338,-8.92434222063867));
#3525=CARTESIAN_POINT('',(-5.89163734620595,4.59921683567737,-8.77153974296524));
#3526=CARTESIAN_POINT('',(-5.95154898673956,4.89671306983753,-8.53862863931335));
#3527=CARTESIAN_POINT('',(-6.01127227118734,5.19327400618719,-8.3017191101766));
#3528=CARTESIAN_POINT('',(-6.07084306669328,5.48907774601304,-8.06110813189309));
#3529=CARTESIAN_POINT('',(-6.13068766239819,5.78624106349993,-7.81544437490196));
#3530=CARTESIAN_POINT('',(-6.19109179101494,6.0861827881991,-7.56380961839644));
#3531=CARTESIAN_POINT('',(-6.25999137376729,6.42830939700946,-7.27288791160247));
#3532=CARTESIAN_POINT('',(-6.34560748297269,6.85344330830273,-6.90605825048955));
#3533=CARTESIAN_POINT('',(-6.45658571537924,7.40451495182041,-6.4223901577219));
#3534=CARTESIAN_POINT('',(-6.58758230545012,8.05498941532706,-5.84096548558521));
#3535=CARTESIAN_POINT('',(-6.72311291150262,8.72797791230261,-5.22909608567477));
#3536=CARTESIAN_POINT('',(-6.84699979568447,9.34314853987461,-4.66230034257567));
#3537=CARTESIAN_POINT('',(-6.94872377594981,9.84826742467195,-4.1924375597679));
#3538=CARTESIAN_POINT('',(-7.03533086081428,10.2783221080236,-3.78970885930415));
#3539=CARTESIAN_POINT('',(-7.11428265036953,10.6703637857959,-3.420625512149));
#3540=CARTESIAN_POINT('',(-7.167033419534,10.9323021175743,-3.17281974114175));
#3541=CARTESIAN_POINT('',(-7.19349769251582,11.0637126662048,-3.04822498005502));
#3542=CARTESIAN_POINT('',(-5.94086435173604,12.9480984214238,-1.99894572139095));
#3543=CARTESIAN_POINT('',(-7.19349769227529,11.0637126650158,-3.04822498118281));
#3544=CARTESIAN_POINT('',(-7.19951812456204,11.0936084424303,-3.01987887665814));
#3545=CARTESIAN_POINT('',(-7.21062862192991,11.1582118544423,-2.95963126908591));
#3546=CARTESIAN_POINT('',(-7.22209391388045,11.2633990560442,-2.86499206323503));
#3547=CARTESIAN_POINT('',(-7.22499528057356,11.3394175515705,-2.79935936468501));
#3548=CARTESIAN_POINT('',(-7.22497959693483,11.4280313205482,-2.72455791709559));
#3549=CARTESIAN_POINT('',(-7.22046733354702,11.5285911908467,-2.64192896904017));
#3550=CARTESIAN_POINT('',(-7.19831597411097,11.685786909006,-2.52013024723671));
#3551=CARTESIAN_POINT('',(-7.15778244731577,11.849196046472,-2.40178461734304));
#3552=CARTESIAN_POINT('',(-7.09875525179569,12.0102979775262,-2.29379656303472));
#3553=CARTESIAN_POINT('',(-7.02413510389739,12.1615890933811,-2.20082465481593));
#3554=CARTESIAN_POINT('',(-6.93831263888012,12.2979813691708,-2.12491882646518));
#3555=CARTESIAN_POINT('',(-6.84356499007398,12.4200468013289,-2.06443905549235));
#3556=CARTESIAN_POINT('',(-6.7440456409853,12.5260853177753,-2.01890946957836));
#3557=CARTESIAN_POINT('',(-6.64125519713757,12.6177373690178,-1.9862859413707));
#3558=CARTESIAN_POINT('',(-6.52967916768764,12.7017957150611,-1.96323942872625));
#3559=CARTESIAN_POINT('',(-6.42682135685574,12.7658809630643,-1.95269577096042));
#3560=CARTESIAN_POINT('',(-6.33907369874379,12.8119891998379,-1.95051908852719));
#3561=CARTESIAN_POINT('',(-6.25733920819988,12.8504113011186,-1.95209514341378));
#3562=CARTESIAN_POINT('',(-6.17374614616198,12.8837435603951,-1.95845514761236));
#3563=CARTESIAN_POINT('',(-6.0845403491451,12.9128097621204,-1.97043093435694));
#3564=CARTESIAN_POINT('',(-6.01207825210555,12.932639879842,-1.98318162510526));
#3565=CARTESIAN_POINT('',(-5.96434292433599,12.9433724289407,-1.99345045495529));
#3566=CARTESIAN_POINT('',(-5.94086433944654,12.9480984231793,-1.99894572561591));
#3567=CARTESIAN_POINT('',(-5.78292624594216,12.16384368334,-2.77636572689465));
#3568=CARTESIAN_POINT('',(-5.78292624590844,12.1638436831716,-2.77636572705278));
#3569=CARTESIAN_POINT('',(-5.79636282277827,12.230564123193,-2.71033918540588));
#3570=CARTESIAN_POINT('',(-5.82735530891503,12.3844598908747,-2.55797411809416));
#3571=CARTESIAN_POINT('',(-5.88000606338726,12.6459015913802,-2.29887012405697));
#3572=CARTESIAN_POINT('',(-5.91920810339196,12.8405625816129,-2.10571562795634));
#3573=CARTESIAN_POINT('',(-5.94086434001611,12.948098425805,-1.99894572300535));
#3574=CARTESIAN_POINT('',(-4.47993690397409,5.69374173096699,-9.));
#3575=CARTESIAN_POINT('',(-4.47993690397409,5.69374173096699,-9.));
#3576=CARTESIAN_POINT('',(-4.5138881883664,5.86232965748102,-8.84648732901612));
#3577=CARTESIAN_POINT('',(-4.58316581035895,6.2063334515817,-8.53079633453493));
#3578=CARTESIAN_POINT('',(-4.68884730966736,6.73110372635022,-8.04261997309113));
#3579=CARTESIAN_POINT('',(-4.8161792036068,7.36338083640899,-7.44765112788154));
#3580=CARTESIAN_POINT('',(-4.96718816077576,8.11322837324986,-6.73343723948337));
#3581=CARTESIAN_POINT('',(-5.14394519262653,8.99093011649355,-5.88783132025145));
#3582=CARTESIAN_POINT('',(-5.31516514590992,9.84113703556997,-5.06104301828046));
#3583=CARTESIAN_POINT('',(-5.47807942077094,10.6501014176237,-4.26910374713252));
#3584=CARTESIAN_POINT('',(-5.62985524342259,11.4037568888021,-3.52767825311131));
#3585=CARTESIAN_POINT('',(-5.73165628276064,11.9092584168345,-3.02829108170534));
#3586=CARTESIAN_POINT('',(-5.78292624590825,12.1638436831716,-2.77636572705273));
#3587=CARTESIAN_POINT('',(-4.47993690397409,5.69374173096699,-9.));
#3588=CARTESIAN_POINT('',(-4.45118889987949,5.6314924397569,-9.06669963663893));
#3589=CARTESIAN_POINT('',(-4.39347153793069,5.50707664836126,-9.2000614485885));
#3590=CARTESIAN_POINT('',(-4.33530375886482,5.38280966942273,-9.33336629947138));
#3591=CARTESIAN_POINT('',(-4.30610923793037,5.32071756044026,-9.39999999999999));
#3592=CARTESIAN_POINT('',(1.92681967296153,6.98397423258869,-8.99999998874024));
#3593=CARTESIAN_POINT('',(-4.47993690397409,5.69374173096699,-9.));
#3594=VECTOR('',#3595,1.);
#3595=DIRECTION('',(0.980318470488543,0.197422634008877,-2.71806084602971E-16));
#3596=CARTESIAN_POINT('',(1.92681967669751,6.98397421403733,-9.));
#3597=CARTESIAN_POINT('',(1.92440765706274,6.91544973601442,-9.06669963683302));
#3598=CARTESIAN_POINT('',(1.91934750691087,6.77839143552428,-9.20006144898585));
#3599=CARTESIAN_POINT('',(1.91381451742805,6.64129599961938,-9.33336629966546));
#3600=CARTESIAN_POINT('',(1.91093001498761,6.57274361319429,-9.4));
#3601=CARTESIAN_POINT('',(3.71251521130074,6.22139537149059,-9.));
#3602=CARTESIAN_POINT('',(6.22139536402796,3.71251522380654,-9.));
#3603=AXIS2_PLACEMENT_3D('',#3604,#3605,#3606);
#3604=CARTESIAN_POINT('',(7.79360450611944E-16,7.79360450611944E-16,-9.));
#3605=DIRECTION('',(8.65956056235493E-17,8.65956056235493E-17,-1.));
#3606=DIRECTION('',(0.512431759432888,0.8587279498913,1.18736405435538E-16));
#3607=CARTESIAN_POINT('',(6.98397418542903,1.9268196957175,-9.));
#3608=AXIS2_PLACEMENT_3D('',#3609,#3610,#3611);
#3609=CARTESIAN_POINT('',(7.79360450611944E-16,7.79360450611944E-16,-9.));
#3610=DIRECTION('',(8.65956056235493E-17,8.65956056235493E-17,-1.));
#3611=DIRECTION('',(0.858727948861247,0.51243176115904,1.18736405495817E-16));
#3612=CARTESIAN_POINT('',(6.98397418542903,1.9268196957175,-9.));
#3613=CARTESIAN_POINT('',(6.91544970513719,1.92440772633231,-9.06669963663893));
#3614=CARTESIAN_POINT('',(6.77839140159718,1.91934764237395,-9.20006144858849));
#3615=CARTESIAN_POINT('',(6.64129596557985,1.91381465049024,-9.33336629947138));
#3616=CARTESIAN_POINT('',(6.57274357984226,1.91093012970355,-9.39999999999999));
#3617=CARTESIAN_POINT('',(0.623830339710768,13.4540761416752,-2.77636572689465));
#3618=CARTESIAN_POINT('',(1.9268196717162,6.98397423877248,-8.99999995496097));
#3619=CARTESIAN_POINT('',(1.90984333585207,7.06827164649552,-8.92325064856869));
#3620=CARTESIAN_POINT('',(1.86976405385425,7.26728865480974,-8.74132915606357));
#3621=CARTESIAN_POINT('',(1.80009812705273,7.61322060873622,-8.42236319314819));
#3622=CARTESIAN_POINT('',(1.7049023423695,8.08592319539461,-7.98216489074226));
#3623=CARTESIAN_POINT('',(1.58243144237274,8.69406263572265,-7.40929007738838));
#3624=CARTESIAN_POINT('',(1.4307073499902,9.44746123594715,-6.69113570378695));
#3625=CARTESIAN_POINT('',(1.26441376364808,10.2732058702309,-5.8954063098478));
#3626=CARTESIAN_POINT('',(1.09418434987384,11.1184941829873,-5.07359885739097));
#3627=CARTESIAN_POINT('',(0.932262346784197,11.9225313570288,-4.28662641987553));
#3628=CARTESIAN_POINT('',(0.776353645766313,12.6967089794827,-3.52499412027029));
#3629=CARTESIAN_POINT('',(0.674826682526021,13.2008495598554,-3.02694639658491));
#3630=CARTESIAN_POINT('',(0.623830339704793,13.4540761417038,-2.7763657268582));
#3631=CARTESIAN_POINT('',(0.465892223954247,14.2383309292293,-1.99894567881293));
#3632=CARTESIAN_POINT('',(0.623830339704747,13.4540761417037,-2.77636572685806));
#3633=CARTESIAN_POINT('',(0.610393762824234,13.5207965817783,-2.71033918515805));
#3634=CARTESIAN_POINT('',(0.579401275619552,13.6746923547633,-2.55797411259588));
#3635=CARTESIAN_POINT('',(0.526750518039552,13.9361340707007,-2.29887010325627));
#3636=CARTESIAN_POINT('',(0.487548474924699,14.1307950763764,-2.10571559180517));
#3637=CARTESIAN_POINT('',(0.465892236173877,14.2383309311282,-1.99894567634818));
#3638=CARTESIAN_POINT('',(2.35027799358918,12.9856975787505,-3.04822493172089));
#3639=CARTESIAN_POINT('',(0.465892230094365,14.2383309298251,-1.99894567572739));
#3640=CARTESIAN_POINT('',(0.488745663136147,14.2429346603524,-1.99359724182071));
#3641=CARTESIAN_POINT('',(0.530984933637953,14.250486090364,-1.98456873092698));
#3642=CARTESIAN_POINT('',(0.589297556899396,14.2584996440072,-1.97425688905614));
#3643=CARTESIAN_POINT('',(0.637629925455152,14.263513321914,-1.96716009408497));
#3644=CARTESIAN_POINT('',(0.68097136552661,14.2668235395809,-1.96185065290768));
#3645=CARTESIAN_POINT('',(0.728129881754325,14.2691956913203,-1.95716603550098));
#3646=CARTESIAN_POINT('',(0.763851002920918,14.2698512937441,-1.95463057143119));
#3647=CARTESIAN_POINT('',(0.806243612065566,14.2697864231777,-1.95236911349769));
#3648=CARTESIAN_POINT('',(0.839113372120262,14.2690323076526,-1.9512398004598));
#3649=CARTESIAN_POINT('',(0.881522354277613,14.2668145981632,-1.95088608206278));
#3650=CARTESIAN_POINT('',(0.917278413131831,14.2642305937084,-1.9512209018341));
#3651=CARTESIAN_POINT('',(0.956241218709643,14.2604640792177,-1.95242852939126));
#3652=CARTESIAN_POINT('',(0.995827446143571,14.2555886547096,-1.95458528291652));
#3653=CARTESIAN_POINT('',(1.03265153547982,14.2501652880884,-1.95737938245674));
#3654=CARTESIAN_POINT('',(1.0680056743134,14.2441454894872,-1.96078347391302));
#3655=CARTESIAN_POINT('',(1.10314660532257,14.2373487687585,-1.96488933873847));
#3656=CARTESIAN_POINT('',(1.1418374179316,14.2289645391784,-1.97021083429951));
#3657=CARTESIAN_POINT('',(1.18387897574949,14.2187062545396,-1.97701464592501));
#3658=CARTESIAN_POINT('',(1.22904197298164,14.2062691897333,-1.9855864778402));
#3659=CARTESIAN_POINT('',(1.26970482446845,14.1937850810596,-1.99445241777365));
#3660=CARTESIAN_POINT('',(1.30601797815076,14.1816260810554,-2.00327354913439));
#3661=CARTESIAN_POINT('',(1.33929318011497,14.1696862856611,-2.0120715119645));
#3662=CARTESIAN_POINT('',(1.37433808075449,14.1562178888332,-2.02213910385055));
#3663=CARTESIAN_POINT('',(1.41899704314449,14.1377855041415,-2.03610939252854));
#3664=CARTESIAN_POINT('',(1.47917005136215,14.1105499813211,-2.05709478014965));
#3665=CARTESIAN_POINT('',(1.55301348590907,14.0726567149784,-2.08689003603255));
#3666=CARTESIAN_POINT('',(1.62605429646683,14.0297576914166,-2.12128802299135));
#3667=CARTESIAN_POINT('',(1.68671166770288,13.989828247992,-2.15379170977322));
#3668=CARTESIAN_POINT('',(1.73656733666213,13.9541124688529,-2.18317110770326));
#3669=CARTESIAN_POINT('',(1.78795077532882,13.9145109065012,-2.21602757399187));
#3670=CARTESIAN_POINT('',(1.85028056429836,13.861959570658,-2.26006730499084));
#3671=CARTESIAN_POINT('',(1.92010211405181,13.7957543376049,-2.31624275143223));
#3672=CARTESIAN_POINT('',(1.98478435262169,13.7260021166666,-2.37619388092006));
#3673=CARTESIAN_POINT('',(2.03931606079862,13.6600640850513,-2.43348483280503));
#3674=CARTESIAN_POINT('',(2.0881911495135,13.5947662831948,-2.49072978972394));
#3675=CARTESIAN_POINT('',(2.13391243536754,13.5266390160649,-2.55101162002792));
#3676=CARTESIAN_POINT('',(2.17287471406054,13.4613097379282,-2.60936912461567));
#3677=CARTESIAN_POINT('',(2.20064116477578,13.4097906837044,-2.65574521642753));
#3678=CARTESIAN_POINT('',(2.22016223997633,13.370867758047,-2.69096465799255));
#3679=CARTESIAN_POINT('',(2.23564983585199,13.3381481742685,-2.72068921934376));
#3680=CARTESIAN_POINT('',(2.25021686542264,13.3054936971303,-2.75047150578777));
#3681=CARTESIAN_POINT('',(2.26386134395435,13.2729876419972,-2.78023357959211));
#3682=CARTESIAN_POINT('',(2.27664003211146,13.2405739123546,-2.81002487293582));
#3683=CARTESIAN_POINT('',(2.28856615522797,13.2082927249259,-2.8398068248886));
#3684=CARTESIAN_POINT('',(2.29967642206669,13.1761183460375,-2.86960164225031));
#3685=CARTESIAN_POINT('',(2.30997313291139,13.1441236324145,-2.8993400744725));
#3686=CARTESIAN_POINT('',(2.319499441036,13.1122555054894,-2.92906968340555));
#3687=CARTESIAN_POINT('',(2.3282756921003,13.0805204958934,-2.95878297897577));
#3688=CARTESIAN_POINT('',(2.33633727891668,13.0488577036908,-2.98853599646106));
#3689=CARTESIAN_POINT('',(2.34370082617282,13.017263343303,-3.01833162031236));
#3690=CARTESIAN_POINT('',(2.34816004014267,12.9962144891469,-3.03825334634089));
#3691=CARTESIAN_POINT('',(2.35027799335208,12.9856975774399,-3.04822493303757));
#3692=CARTESIAN_POINT('',(3.71251521130074,6.22139537149059,-9.));
#3693=CARTESIAN_POINT('',(3.69235064923522,6.32152418159417,-8.92434222072851));
#3694=CARTESIAN_POINT('',(3.65213834997743,6.52120169817634,-8.77153974330282));
#3695=CARTESIAN_POINT('',(3.59222670963579,6.81869793138326,-8.53862864041172));
#3696=CARTESIAN_POINT('',(3.53250342539375,7.11525886671133,-8.30171911211989));
#3697=CARTESIAN_POINT('',(3.47293263017078,7.41106260513212,-8.06110813501955));
#3698=CARTESIAN_POINT('',(3.41308803517152,7.70822591911503,-7.81544438098815));
#3699=CARTESIAN_POINT('',(3.35268390769892,8.0081676381329,-7.56380962935869));
#3700=CARTESIAN_POINT('',(3.28378432750753,8.35029423422663,-7.2728879335828));
#3701=CARTESIAN_POINT('',(3.19816822045266,8.77542813484133,-6.90605828215579));
#3702=CARTESIAN_POINT('',(3.08718998229993,9.32649980689223,-6.42239016496409));
#3703=CARTESIAN_POINT('',(2.95619337636003,9.976974349198,-5.84096542203125));
#3704=CARTESIAN_POINT('',(2.82066244939915,10.649964439671,-5.22909457191668));
#3705=CARTESIAN_POINT('',(2.69677462952899,11.2651397134813,-4.66229452041281));
#3706=CARTESIAN_POINT('',(2.59504751499058,11.7702741617724,-4.19241718817775));
#3707=CARTESIAN_POINT('',(2.50843983854023,12.2003317826931,-3.78968555835766));
#3708=CARTESIAN_POINT('',(2.42948899592658,12.5923687583483,-3.42060649739793));
#3709=CARTESIAN_POINT('',(2.37674134709887,12.8542915958349,-3.17281536496917));
#3710=CARTESIAN_POINT('',(2.35027799359221,12.9856975787351,-3.04822493172112));
#3711=CARTESIAN_POINT('',(5.69374178501802,-4.47993689901031,-8.99999998874025));
#3712=CARTESIAN_POINT('',(6.98397418542903,1.9268196957175,-9.));
#3713=VECTOR('',#3714,1.);
#3714=DIRECTION('',(-0.197422616899094,-0.980318473934218,0.));
#3715=CARTESIAN_POINT('',(5.69374177174451,-4.47993688856648,-9.));
#3716=CARTESIAN_POINT('',(5.63149249896415,-4.45118884367877,-9.06669963639766));
#3717=CARTESIAN_POINT('',(5.50707673171816,-4.39347142802858,-9.20006144811423));
#3718=CARTESIAN_POINT('',(5.38280975154706,-4.33530365103038,-9.33336629923016));
#3719=CARTESIAN_POINT('',(5.32071763559599,-4.30610914506646,-9.40000000000001));
#3720=CARTESIAN_POINT('',(4.29941052027132,-5.83126047615129,-9.));
#3721=CARTESIAN_POINT('',(0.303101605643081,-7.23855365243641,-9.));
#3722=AXIS2_PLACEMENT_3D('',#3723,#3724,#3725);
#3723=CARTESIAN_POINT('',(7.79360450611944E-16,7.79360450611944E-16,-9.));
#3724=DIRECTION('',(8.65956056235493E-17,8.65956056235494E-17,-1.));
#3725=DIRECTION('',(0.593439857356165,-0.804878335962085,-1.83096431070016E-17));
#3726=CARTESIAN_POINT('',(0.303101605643081,-7.23855365243641,-9.));
#3727=CARTESIAN_POINT('',(0.285546848817012,-7.23188483113652,-9.00739741018825));
#3728=CARTESIAN_POINT('',(0.250106133239077,-7.21834889696833,-9.02227966373757));
#3729=CARTESIAN_POINT('',(0.196474470850013,-7.19764198296961,-9.0446400395563));
#3730=CARTESIAN_POINT('',(0.141582391474477,-7.17621365704925,-9.06735703427726));
#3731=CARTESIAN_POINT('',(0.0854639101421611,-7.15405812133019,-9.09040284843166));
#3732=CARTESIAN_POINT('',(0.0250578292236059,-7.1299332133405,-9.11501043167186));
#3733=CARTESIAN_POINT('',(-0.042087656674107,-7.1027761507333,-9.14211844949557));
#3734=CARTESIAN_POINT('',(-0.119163592996272,-7.07114601369629,-9.17290707736183));
#3735=CARTESIAN_POINT('',(-0.203156878396602,-7.03610406689428,-9.20604664911145));
#3736=CARTESIAN_POINT('',(-0.29195770025266,-6.9983979177061,-9.2406093494888));
#3737=CARTESIAN_POINT('',(-0.382645314463054,-6.95919220922928,-9.27540403328911));
#3738=CARTESIAN_POINT('',(-0.473246328958277,-6.91929682256233,-9.30964244690081));
#3739=CARTESIAN_POINT('',(-0.560669756105649,-6.88009942679665,-9.34217561549901));
#3740=CARTESIAN_POINT('',(-0.642276293958658,-6.84288635218657,-9.37209543444272));
#3741=CARTESIAN_POINT('',(-0.694548795153759,-6.81867443432721,-9.39099036878392));
#3742=CARTESIAN_POINT('',(-0.719648249368131,-6.80696103442319,-9.39999999999962));
#3743=CARTESIAN_POINT('',(12.1638436949644,-5.78292622149131,-2.77636572689465));
#3744=CARTESIAN_POINT('',(5.69374178944252,-4.47993690249159,-8.99999995496098));
#3745=CARTESIAN_POINT('',(5.77803919719971,-4.49691323818628,-8.92325064856867));
#3746=CARTESIAN_POINT('',(5.97705620559448,-4.53699251978404,-8.74132915606357));
#3747=CARTESIAN_POINT('',(6.32298815966083,-4.60665844589016,-8.42236319314833));
#3748=CARTESIAN_POINT('',(6.79569074651048,-4.70185422962318,-7.98216489074251));
#3749=CARTESIAN_POINT('',(7.4038301870888,-4.82432512839831,-7.40929007738476));
#3750=CARTESIAN_POINT('',(8.15722878762217,-4.97604921926718,-6.69113570377955));
#3751=CARTESIAN_POINT('',(8.98297342224482,-5.14234280395033,-5.89540630983593));
#3752=CARTESIAN_POINT('',(9.82826173540388,-5.31257221603754,-5.07359885732012));
#3753=CARTESIAN_POINT('',(10.6322989097902,-5.4744942175148,-4.28662641978507));
#3754=CARTESIAN_POINT('',(11.4064765324984,-5.63040291696454,-3.52499412023751));
#3755=CARTESIAN_POINT('',(11.9106171129317,-5.73192987916249,-3.02694639669397));
#3756=CARTESIAN_POINT('',(12.1638436947961,-5.78292622145725,-2.77636572705304));
#3757=CARTESIAN_POINT('',(12.9480984235205,-5.94086434132488,-1.9989457245669));
#3758=CARTESIAN_POINT('',(12.1638436947959,-5.78292622145755,-2.7763657270529));
#3759=CARTESIAN_POINT('',(12.2305641511126,-5.79636280146948,-2.71033916927735));
#3760=CARTESIAN_POINT('',(12.3844599342743,-5.82735529040179,-2.55797408671378));
#3761=CARTESIAN_POINT('',(12.6459016320578,-5.88000604377902,-2.2988700955123));
#3762=CARTESIAN_POINT('',(12.8405626032029,-5.91920807953261,-2.10571561808539));
#3763=CARTESIAN_POINT('',(12.9480984293656,-5.94086431230096,-1.99894573061819));
#3764=CARTESIAN_POINT('',(11.06371267436,-7.19349766900635,-3.04822498736467));
#3765=CARTESIAN_POINT('',(12.9480984278286,-5.94086431993273,-1.99894573061812));
#3766=CARTESIAN_POINT('',(12.9436690672944,-5.96286643602981,-1.99379645626839));
#3767=CARTESIAN_POINT('',(12.9338266996342,-6.00693426509762,-1.98426384374317));
#3768=CARTESIAN_POINT('',(12.9171486644338,-6.06908634520553,-1.97306243063889));
#3769=CARTESIAN_POINT('',(12.9003258242163,-6.12320815442939,-1.9651477292366));
#3770=CARTESIAN_POINT('',(12.8852923497739,-6.16665645618279,-1.96001427797655));
#3771=CARTESIAN_POINT('',(12.8711682999027,-6.2043625102738,-1.95641868374132));
#3772=CARTESIAN_POINT('',(12.8561835680294,-6.24164021396936,-1.95367785772885));
#3773=CARTESIAN_POINT('',(12.8390232076787,-6.28128226720816,-1.95173920444548));
#3774=CARTESIAN_POINT('',(12.8244938792626,-6.31242182470912,-1.95105207140459));
#3775=CARTESIAN_POINT('',(12.8109519038453,-6.34010797992342,-1.95093788405431));
#3776=CARTESIAN_POINT('',(12.7966104387426,-6.3683667995542,-1.95123482339948));
#3777=CARTESIAN_POINT('',(12.7760131941402,-6.40650645769398,-1.95262378387937));
#3778=CARTESIAN_POINT('',(12.7519577956199,-6.44801359022069,-1.95544112265421));
#3779=CARTESIAN_POINT('',(12.7263041132812,-6.48936842952038,-1.95959206166495));
#3780=CARTESIAN_POINT('',(12.6985450842864,-6.53120980030154,-1.96523015392384));
#3781=CARTESIAN_POINT('',(12.6630678610168,-6.58112208924748,-1.97384287023477));
#3782=CARTESIAN_POINT('',(12.614129154505,-6.64421285941923,-1.98800295467954));
#3783=CARTESIAN_POINT('',(12.5445683507784,-6.72384586479112,-2.01212011454561));
#3784=CARTESIAN_POINT('',(12.4573687083659,-6.80992387788054,-2.04785427428092));
#3785=CARTESIAN_POINT('',(12.3587400154143,-6.8925474369694,-2.09424072044059));
#3786=CARTESIAN_POINT('',(12.2632889289982,-6.96033074602344,-2.14414319788267));
#3787=CARTESIAN_POINT('',(12.1815273981604,-7.01032003574026,-2.19027033862978));
#3788=CARTESIAN_POINT('',(12.1149299394923,-7.04650853155249,-2.22976992184455));
#3789=CARTESIAN_POINT('',(12.0479501134728,-7.07941021890685,-2.27100127357182));
#3790=CARTESIAN_POINT('',(11.9633956890991,-7.1159360897809,-2.32523397033427));
#3791=CARTESIAN_POINT('',(11.864514456869,-7.15108668698666,-2.39201149978845));
#3792=CARTESIAN_POINT('',(11.7680139047392,-7.17801537152567,-2.46053351376211));
#3793=CARTESIAN_POINT('',(11.6929826956375,-7.19443470318281,-2.5159089299816));
#3794=CARTESIAN_POINT('',(11.636394165915,-7.20447893460946,-2.55877724829508));
#3795=CARTESIAN_POINT('',(11.5918477791046,-7.21103995015954,-2.5931648822953));
#3796=CARTESIAN_POINT('',(11.5499283224517,-7.21606996220773,-2.62607533862099));
#3797=CARTESIAN_POINT('',(11.5091786832413,-7.21990663657665,-2.65857846157422));
#3798=CARTESIAN_POINT('',(11.4683077249122,-7.22270214238217,-2.69169347584069));
#3799=CARTESIAN_POINT('',(11.4273007291026,-7.22445217078824,-2.7254391351397));
#3800=CARTESIAN_POINT('',(11.3977531944957,-7.22495442525687,-2.7501318838588));
#3801=CARTESIAN_POINT('',(11.3704552195656,-7.22501224868567,-2.77314829806931));
#3802=CARTESIAN_POINT('',(11.3431659964086,-7.22472014770133,-2.79633295300457));
#3803=CARTESIAN_POINT('',(11.3046449817862,-7.22340507969903,-2.82951600616784));
#3804=CARTESIAN_POINT('',(11.2639945296791,-7.22097985516225,-2.86506132887244));
#3805=CARTESIAN_POINT('',(11.2235057044723,-7.21752937570415,-2.9009957076063));
#3806=CARTESIAN_POINT('',(11.1831796690757,-7.21305950294912,-2.93731882328553));
#3807=CARTESIAN_POINT('',(11.143072344659,-7.20758259648351,-2.97398065313964));
#3808=CARTESIAN_POINT('',(11.1031954030084,-7.20110650845261,-3.01097069714239));
#3809=CARTESIAN_POINT('',(11.0768410019203,-7.1961415664483,-3.03577736457229));
#3810=CARTESIAN_POINT('',(11.063712673038,-7.19349766873938,-3.0482249872866));
#3811=CARTESIAN_POINT('',(4.29941052027132,-5.83126047615129,-9.));
#3812=CARTESIAN_POINT('',(4.39953933041543,-5.85142503801555,-8.9243422207285));
#3813=CARTESIAN_POINT('',(4.59921684707843,-5.89163733687196,-8.77153974330279));
#3814=CARTESIAN_POINT('',(4.89671308040577,-5.95154897661558,-8.53862864041167));
#3815=CARTESIAN_POINT('',(5.19327401585384,-6.01127226026149,-8.30171911211983));
#3816=CARTESIAN_POINT('',(5.48907775439431,-6.07084305488985,-8.06110813501951));
#3817=CARTESIAN_POINT('',(5.78624106849749,-6.13068764929176,-7.81544438098811));
#3818=CARTESIAN_POINT('',(6.08618278763679,-6.19109177616144,-7.5638096293586));
#3819=CARTESIAN_POINT('',(6.42830938386926,-6.25999135566515,-7.27288793358246));
#3820=CARTESIAN_POINT('',(6.85344328429228,-6.34560746179218,-6.9060582824693));
#3821=CARTESIAN_POINT('',(7.40451495512382,-6.45658569854669,-6.42239016655258));
#3822=CARTESIAN_POINT('',(8.0549894937698,-6.58758230238898,-5.84096542717164));
#3823=CARTESIAN_POINT('',(8.72797957799295,-6.72311322668354,-5.22909458309595));
#3824=CARTESIAN_POINT('',(9.34315484348616,-6.847001043592,-4.66229453966674));
#3825=CARTESIAN_POINT('',(9.84828928308744,-6.94872815532382,-4.1924172158671));
#3826=CARTESIAN_POINT('',(10.2783468953695,-7.03533582913491,-3.78968559457887));
#3827=CARTESIAN_POINT('',(10.6703838621656,-7.11428666914446,-3.42060654202255));
#3828=CARTESIAN_POINT('',(10.9323066940256,-7.16703431629117,-3.17281541590573));
#3829=CARTESIAN_POINT('',(11.0637126742254,-7.19349766897915,-3.04822498616018));
#3830=CARTESIAN_POINT('',(1.26423623547786,-8.1667105755462,-9.));
#3831=CARTESIAN_POINT('',(1.26423623547786,-8.1667105755462,-9.));
#3832=VECTOR('',#3833,1.);
#3833=DIRECTION('',(-0.719339800338652,0.694658370458997,0.));
#3834=CARTESIAN_POINT('',(1.26423623547786,-8.1667105755462,-9.));
#3835=VECTOR('',#3836,1.);
#3836=DIRECTION('',(-0.49119764435955,-0.508650050796837,-0.70710678118655));
#3837=CARTESIAN_POINT('',(1.28398137938158,-9.29790911218432,-9.));
#3838=AXIS2_PLACEMENT_3D('',#3839,#3840,#3841);
#3839=CARTESIAN_POINT('',(0.70850953911066,-8.74218241581712,-9.));
#3840=DIRECTION('',(-9.20853018135004E-17,4.00593428432545E-31,-1.));
#3841=DIRECTION('',(0.694658370458998,0.719339800338651,-6.39678257009909E-17));
#3842=CARTESIAN_POINT('',(0.996245459246123,-9.02004576400072,-9.4));
#3843=VECTOR('',#3844,1.);
#3844=DIRECTION('',(0.508650050796837,-0.491197644359548,0.707106781186552));
#3845=CARTESIAN_POINT('',(-2.79376554073801,-13.5205396599343,-9.));
#3846=CARTESIAN_POINT('',(-2.79376554073801,-13.5205396599343,-9.));
#3847=VECTOR('',#3848,1.);
#3848=DIRECTION('',(0.694658370458997,0.719339800338651,3.02608565853636E-16));
#3849=CARTESIAN_POINT('',(-2.79376554073801,-13.5205396599343,-9.));
#3850=VECTOR('',#3851,1.);
#3851=DIRECTION('',(-0.508650050796836,0.491197644359551,-0.70710678118655));
#3852=AXIS2_PLACEMENT_3D('',#3853,#3854,#3855);
#3853=CARTESIAN_POINT('',(-3.36923738100894,-12.9648129635671,-9.));
#3854=DIRECTION('',(6.1390201209E-17,1.22780402418E-16,-1.));
#3855=DIRECTION('',(0.71933980033865,-0.694658370458998,-4.11300191875563E-17));
#3856=CARTESIAN_POINT('',(-3.64710072919254,-13.2525488837026,-9.4));
#3857=VECTOR('',#3858,1.);
#3858=DIRECTION('',(-0.491197644359548,-0.508650050796839,0.70710678118655));
#3859=CARTESIAN_POINT('',(-11.7341732228638,-5.7952473695631,-9.));
#3860=VECTOR('',#3861,1.);
#3861=DIRECTION('',(0.508650050796837,0.491197644359555,-0.707106781186547));
#3862=AXIS2_PLACEMENT_3D('',#3863,#3864,#3865);
#3863=CARTESIAN_POINT('',(-11.1587013825929,-5.2395206731959,-9.));
#3864=DIRECTION('',(8.65956056235494E-17,8.65956056235494E-17,-1.));
#3865=DIRECTION('',(-0.719339800338651,-0.694658370458998,-1.22446027950813E-16));
#3866=CARTESIAN_POINT('',(2.66328938643802,11.4314134731512,-0.199999999999999));
#3867=CARTESIAN_POINT('',(3.71251521130074,6.22139537149059,-0.199999999999999));
#3868=CARTESIAN_POINT('',(2.66328938643802,11.4314134731512,-0.199999999999999));
#3869=VECTOR('',#3870,1.);
#3870=DIRECTION('',(0.197422626439267,-0.980318472012959,-7.31149568485248E-17));
#3871=CARTESIAN_POINT('',(2.49347277711459,11.2615968638278,9.00875624747669E-16));
#3872=VECTOR('',#3873,1.);
#3873=DIRECTION('',(0.543359983893524,0.543359983893514,-0.639937384285735));
#3874=CARTESIAN_POINT('',(3.71251521130074,6.22139537149059,-0.199999999999999));
#3875=CARTESIAN_POINT('',(3.68272726928334,6.20032086696182,-0.166637746489787));
#3876=CARTESIAN_POINT('',(3.62320502558969,6.1580698898984,-0.0999456932098284));
#3877=CARTESIAN_POINT('',(3.56377744219537,6.11560607771532,-0.0333044185311519));
#3878=CARTESIAN_POINT('',(3.53409045563971,6.09432322141236,-4.8017145815038E-15));
#3879=CARTESIAN_POINT('',(2.49347277711459,11.2615968638278,1.));
#3880=CARTESIAN_POINT('',(2.66328938643802,11.4314134731512,0.800000000000001));
#3881=CARTESIAN_POINT('',(2.66328938643802,11.4314134731512,0.800000000000001));
#3882=VECTOR('',#3883,1.);
#3883=DIRECTION('',(-0.543359983893511,-0.543359983893531,0.639937384285732));
#3884=CARTESIAN_POINT('',(-0.717713382904349,8.05041070380884,1.));
#3885=CARTESIAN_POINT('',(-0.717713382904348,8.05041070380884,1.));
#3886=VECTOR('',#3887,1.);
#3887=DIRECTION('',(0.707106781186548,0.707106781186547,9.77889403132277E-17));
#3888=CARTESIAN_POINT('',(-0.717713382904348,8.05041070380884,1.));
#3889=VECTOR('',#3890,1.);
#3890=DIRECTION('',(1.11022302462516E-16,0.,-1.));
#3891=CARTESIAN_POINT('',(2.66328938643802,11.4314134731512,-0.199999999999999));
#3892=VECTOR('',#3893,1.);
#3893=DIRECTION('',(0.,0.,1.));
#3894=CARTESIAN_POINT('',(-2.9804550827013,10.3131524036058,1.));
#3895=AXIS2_PLACEMENT_3D('',#3896,#3897,#3898);
#3896=CARTESIAN_POINT('',(-1.84908423280282,9.18178155370732,1.));
#3897=DIRECTION('',(8.65956056235493E-17,8.65956056235493E-17,-1.));
#3898=DIRECTION('',(-0.707106781186548,0.707106781186547,-2.31111593326468E-32));
#3899=CARTESIAN_POINT('',(-2.98045508270131,8.05041070380885,1.));
#3900=AXIS2_PLACEMENT_3D('',#3901,#3902,#3903);
#3901=CARTESIAN_POINT('',(-1.84908423280282,9.18178155370732,1.));
#3902=DIRECTION('',(8.65956056235493E-17,8.65956056235493E-17,-1.));
#3903=DIRECTION('',(-0.707106781186551,-0.707106781186544,-1.22464679914735E-16));
#3904=CARTESIAN_POINT('',(-2.9804550827013,8.05041070380884,1.));
#3905=VECTOR('',#3906,1.);
#3906=DIRECTION('',(0.,0.,-1.));
#3907=CARTESIAN_POINT('',(-2.9804550827013,10.3131524036058,-1.4));
#3908=AXIS2_PLACEMENT_3D('',#3909,#3910,#3911);
#3909=CARTESIAN_POINT('',(-1.84908423280282,9.18178155370732,-1.4));
#3910=DIRECTION('',(1.73191211247099E-16,1.73191211247099E-16,-1.));
#3911=DIRECTION('',(-0.707106781186548,0.707106781186548,-1.3684555315672E-48));
#3912=CARTESIAN_POINT('',(-7.04564981731679,12.1156054384243,0.800000000000001));
#3913=CARTESIAN_POINT('',(-6.8961891926998,11.9661448138077,0.999999999999619));
#3914=CARTESIAN_POINT('',(-7.04564981731679,12.1156054384243,0.800000000000002));
#3915=CARTESIAN_POINT('',(-7.03178003815527,12.1017356480223,0.818694956839818));
#3916=CARTESIAN_POINT('',(-7.00133552980374,12.0712911366377,0.859660111140809));
#3917=CARTESIAN_POINT('',(-6.95154322254226,12.0214988576191,0.926368950456764));
#3918=CARTESIAN_POINT('',(-6.91556100444566,11.9855166433079,0.974293023164548));
#3919=CARTESIAN_POINT('',(-6.89618919269994,11.9661448138075,0.999999999998856));
#3920=CARTESIAN_POINT('',(-7.04564981731679,12.1156054384243,-0.199999999999999));
#3921=CARTESIAN_POINT('',(-7.04564981731679,12.1156054384243,-0.2));
#3922=VECTOR('',#3923,1.);
#3923=DIRECTION('',(0.,0.,1.));
#3924=CARTESIAN_POINT('',(-7.04564981731679,12.1156054384243,-0.199999999999999));
#3925=CARTESIAN_POINT('',(-7.03178003815527,12.1017356480223,-0.181305043160181));
#3926=CARTESIAN_POINT('',(-7.00133552980373,12.0712911366377,-0.140339888859189));
#3927=CARTESIAN_POINT('',(-6.95154322254226,12.0214988576191,-0.0736310495432333));
#3928=CARTESIAN_POINT('',(-6.91556100444566,11.9855166433079,-0.0257069768354511));
#3929=CARTESIAN_POINT('',(-6.89618919269994,11.9661448138075,-1.14439311669055E-12));
#3930=CARTESIAN_POINT('',(-6.8961891927007,11.9661448138082,1.));
#3931=VECTOR('',#3932,1.);
#3932=DIRECTION('',(0.707106781186548,-0.707106781186547,0.));
#3933=CARTESIAN_POINT('',(-7.19349769254258,11.0637126663393,-0.2));
#3934=AXIS2_PLACEMENT_3D('',#3935,#3936,#3937);
#3935=CARTESIAN_POINT('',(-5.62498813732184,11.3795888686422,-0.2));
#3936=DIRECTION('',(8.65956056235494E-17,8.65956056235494E-17,-1.));
#3937=DIRECTION('',(-0.980318472012959,-0.197422626439266,-1.01987203688215E-16));
#3938=CARTESIAN_POINT('',(-7.19349769254258,11.0637126663393,-0.2));
#3939=VECTOR('',#3940,1.);
#3940=DIRECTION('',(0.6931898392828,0.139598877914866,0.707106781186545));
#3941=CARTESIAN_POINT('',(-5.83126048479366,4.29941050854974,-0.2));
#3942=CARTESIAN_POINT('',(-5.83126048479365,4.29941050854974,-0.2));
#3943=VECTOR('',#3944,1.);
#3944=DIRECTION('',(-0.197422626439267,0.980318472012958,7.64272136297726E-17));
#3945=CARTESIAN_POINT('',(-5.61755784879749,4.2513074096216,-2.67322459205723E-16));
#3946=CARTESIAN_POINT('',(-5.65316873592156,4.25944017430557,-0.0333044185311487));
#3947=CARTESIAN_POINT('',(-5.72440049844285,4.27559099537818,-0.0999456932098278));
#3948=CARTESIAN_POINT('',(-5.79563715940053,4.29150893157418,-0.166637746489788));
#3949=CARTESIAN_POINT('',(-5.83126048479366,4.29941050854973,-0.200000000000002));
#3950=AXIS2_PLACEMENT_3D('',#3951,#3952,#3953);
#3951=CARTESIAN_POINT('',(1.73191211247096E-17,1.73191211247096E-17,-0.2));
#3952=DIRECTION('',(8.65956056235494E-17,8.65956056235494E-17,-1.));
#3953=DIRECTION('',(-0.998897181838421,-0.0469512525419794,-9.05658785656117E-17));
#3954=CARTESIAN_POINT('',(-7.23690699070783,-0.340156979037808,-0.200000000000001));
#3955=CARTESIAN_POINT('',(-7.2028721238556,-0.353670722090008,-0.166636421976425));
#3956=CARTESIAN_POINT('',(-7.13474454091148,-0.38059519335422,-0.0999431830364818));
#3957=CARTESIAN_POINT('',(-7.06648630055806,-0.407319602181503,-0.033303094489487));
#3958=CARTESIAN_POINT('',(-7.03232827731942,-0.420630332184486,-9.29811783123569E-15));
#3959=CARTESIAN_POINT('',(-8.19672321347224,-1.54507344944245,-5.96744875736022E-16));
#3960=VECTOR('',#3961,1.);
#3961=DIRECTION('',(-0.816372224543658,0.0142498301850044,-0.57735026918963));
#3962=CARTESIAN_POINT('',(-0.586302101498912,-7.49179734899093,-0.200000000000001));
#3963=VECTOR('',#3964,1.);
#3964=DIRECTION('',(-0.508650050796835,0.491197644359555,0.707106781186549));
#3965=CARTESIAN_POINT('',(-1.54013734897939,-8.4795226621189,-0.200000000000001));
#3966=VECTOR('',#3967,1.);
#3967=DIRECTION('',(-0.0142498301850043,0.816372224543659,0.577350269189628));
#3968=CARTESIAN_POINT('',(1.28398137938158,-9.29790911218432,-8.66762752423011));
#3969=CARTESIAN_POINT('',(-0.586302101498912,-7.49179734899093,-8.66762752423011));
#3970=VECTOR('',#3971,1.);
#3971=DIRECTION('',(0.719339800338652,-0.694658370458997,0.));
#3972=CARTESIAN_POINT('',(1.28398137938158,-9.29790911218432,-1.33224452423011));
#3973=CARTESIAN_POINT('',(1.28398137938158,-9.29790911218432,-1.33224452423011));
#3974=VECTOR('',#3975,1.);
#3975=DIRECTION('',(-6.05406983998058E-17,0.,-1.));
#3976=CARTESIAN_POINT('',(1.28398137938158,-9.29790911218432,-1.33224452423011));
#3977=VECTOR('',#3978,1.);
#3978=DIRECTION('',(-0.640189937367528,0.618224236260266,0.456021532160239));
#3979=CARTESIAN_POINT('',(0.197329498748151,-7.24220896077072,-0.199999999710182));
#3980=CARTESIAN_POINT('',(-0.153127967536491,-7.04323240212287,-3.41924199773264E-16));
#3981=CARTESIAN_POINT('',(-0.124442181319875,-7.06062355153457,-0.0167635996870086));
#3982=CARTESIAN_POINT('',(-0.066809475938463,-7.09500610978549,-0.0502447649636125));
#3983=CARTESIAN_POINT('',(0.0204154595300772,-7.14536675014098,-0.100320663820492));
#3984=CARTESIAN_POINT('',(0.108418136636082,-7.19450661522047,-0.150248703325778));
#3985=CARTESIAN_POINT('',(0.16760659134419,-7.22644642623492,-0.183433822010575));
#3986=CARTESIAN_POINT('',(0.197329498908758,-7.24220896092582,-0.199999999274446));
#3987=CARTESIAN_POINT('',(1.26423623547786,-8.1667105755462,-0.922323132159309));
#3988=CARTESIAN_POINT('',(1.26423623547786,-8.1667105755462,-0.922323132159307));
#3989=CARTESIAN_POINT('',(1.60133983474476,-8.49224773730531,-1.16244952412752));
#3990=CARTESIAN_POINT('',(1.60951854114069,-8.96080551291742,-1.33224452423011));
#3991=CARTESIAN_POINT('',(1.28398137938158,-9.29790911218432,-1.33224452423011));
#3992=CARTESIAN_POINT('',(0.303101605643083,-7.23855365243641,-0.237685556767531));
#3993=CARTESIAN_POINT('',(0.303101605643083,-7.23855365243641,-0.237685556767531));
#3994=VECTOR('',#3995,1.);
#3995=DIRECTION('',(0.640189937367528,-0.618224236260266,-0.456021532160239));
#3996=CARTESIAN_POINT('',(0.303101605643096,-7.23855365243641,-0.237685556767537));
#3997=CARTESIAN_POINT('',(0.267853449952661,-7.24002960648728,-0.225218762254305));
#3998=CARTESIAN_POINT('',(0.232595453971954,-7.24124806426734,-0.212656686405735));
#3999=CARTESIAN_POINT('',(0.197329498748152,-7.24220896077072,-0.199999999420364));
#4000=CARTESIAN_POINT('',(4.29941052027132,-5.8312604761513,-0.2));
#4001=AXIS2_PLACEMENT_3D('',#4002,#4003,#4004);
#4002=CARTESIAN_POINT('',(1.73191211247096E-17,1.73191211247096E-17,-0.2));
#4003=DIRECTION('',(8.65956056235493E-17,8.65956056235494E-17,-1.));
#4004=DIRECTION('',(0.593439857356164,-0.804878335962085,-1.83096431070017E-17));
#4005=CARTESIAN_POINT('',(4.29941052027132,-5.8312604761513,-0.2));
#4006=CARTESIAN_POINT('',(4.29150894322415,-5.79563715077405,-0.166637746489788));
#4007=CARTESIAN_POINT('',(4.27559100688493,-5.72440048984837,-0.0999456932098305));
#4008=CARTESIAN_POINT('',(4.25944018566912,-5.65316872735955,-0.0333044185311563));
#4009=CARTESIAN_POINT('',(4.25130742091355,-5.61755784025183,-1.03528297046296E-14));
#4010=CARTESIAN_POINT('',(11.06371267436,-7.19349766900635,-0.2));
#4011=CARTESIAN_POINT('',(11.06371267436,-7.19349766900635,-0.2));
#4012=VECTOR('',#4013,1.);
#4013=DIRECTION('',(-0.980318472409803,0.197422624468704,-7.24047287708147E-17));
#4014=CARTESIAN_POINT('',(11.06371267436,-7.19349766900635,-0.2));
#4015=VECTOR('',#4016,1.);
#4016=DIRECTION('',(0.139598876521466,0.693189839563409,0.707106781186548));
#4017=CARTESIAN_POINT('',(12.1156054298201,-7.04564980734162,-0.2));
#4018=AXIS2_PLACEMENT_3D('',#4019,#4020,#4021);
#4019=CARTESIAN_POINT('',(11.3795888735099,-5.62498811315067,-0.2));
#4020=DIRECTION('',(8.65956056235493E-17,8.65956056235493E-17,-1.));
#4021=DIRECTION('',(0.460010344158418,-0.887913556190722,-3.70545377941994E-17));
#4022=CARTESIAN_POINT('',(12.1156054312938,-7.04564981018631,-0.2));
#4023=CARTESIAN_POINT('',(12.0951203852991,-7.02516476419154,-0.172388975256367));
#4024=CARTESIAN_POINT('',(12.0580435008577,-6.98808787975016,-0.122540313706083));
#4025=CARTESIAN_POINT('',(12.0082025005285,-6.93824687942096,-0.0559046802538413));
#4026=CARTESIAN_POINT('',(11.9788553648909,-6.90889974378332,-0.0168669577362629));
#4027=CARTESIAN_POINT('',(11.9661447988049,-6.89618917769736,-2.02893257750247E-14));
#4028=CARTESIAN_POINT('',(11.9661447976922,-6.89618917821063,1.));
#4029=CARTESIAN_POINT('',(12.1156054312855,-7.04564980658244,0.8));
#4030=CARTESIAN_POINT('',(12.1156054321373,-7.04564980974931,0.800000000000001));
#4031=CARTESIAN_POINT('',(12.0951203852049,-7.02516476434746,0.82761102462635));
#4032=CARTESIAN_POINT('',(12.05804350074,-6.9880878797865,0.877459686315958));
#4033=CARTESIAN_POINT('',(12.008202500739,-6.93824687902648,0.944095320017426));
#4034=CARTESIAN_POINT('',(11.9788553640848,-6.9088997439924,0.983133042410402));
#4035=CARTESIAN_POINT('',(11.9661447971358,-6.8961891784674,1.));
#4036=CARTESIAN_POINT('',(8.05041070380885,-2.98045508270131,1.));
#4037=CARTESIAN_POINT('',(8.05041070380885,-2.9804550827013,1.));
#4038=VECTOR('',#4039,1.);
#4039=DIRECTION('',(0.707106781186547,-0.707106781186548,0.));
#4040=CARTESIAN_POINT('',(8.05041070380885,-2.9804550827013,1.));
#4041=VECTOR('',#4042,1.);
#4042=DIRECTION('',(0.,0.,-1.));
#4043=CARTESIAN_POINT('',(12.115605434003,-7.04564980878274,-0.2));
#4044=VECTOR('',#4045,1.);
#4045=DIRECTION('',(0.,0.,1.));
#4046=CARTESIAN_POINT('',(8.05041070380884,-0.71771338290435,1.));
#4047=CARTESIAN_POINT('',(8.05041070380884,-0.717713382904351,1.));
#4048=VECTOR('',#4049,1.);
#4049=DIRECTION('',(0.,1.11022302462516E-16,-1.));
#4050=AXIS2_PLACEMENT_3D('',#4051,#4052,#4053);
#4051=CARTESIAN_POINT('',(9.18178155370732,-1.84908423280283,1.));
#4052=DIRECTION('',(8.65956056235493E-17,8.65956056235493E-17,-1.));
#4053=DIRECTION('',(-0.707106781186547,0.707106781186548,3.85185988877447E-32));
#4054=CARTESIAN_POINT('',(8.05041070380885,-0.717713382904353,-1.4));
#4055=AXIS2_PLACEMENT_3D('',#4056,#4057,#4058);
#4056=CARTESIAN_POINT('',(9.18178155370732,-1.84908423280283,-1.4));
#4057=DIRECTION('',(1.73191211247099E-16,1.73191211247099E-16,-1.));
#4058=DIRECTION('',(-0.707106781186548,0.707106781186548,-1.3684555315672E-48));
#4059=CARTESIAN_POINT('',(11.4314134829723,2.66328939906049,-0.199999999999999));
#4060=CARTESIAN_POINT('',(11.4314134822659,2.66328939555268,-0.199999999999999));
#4061=VECTOR('',#4062,1.);
#4062=DIRECTION('',(-0.543359972247589,-0.54335997224759,0.639937404062458));
#4063=CARTESIAN_POINT('',(11.2615968818302,2.493472795117,1.));
#4064=CARTESIAN_POINT('',(11.2615968818302,2.493472795117,1.));
#4065=VECTOR('',#4066,1.);
#4066=DIRECTION('',(-0.707106781186547,-0.707106781186548,-9.77889397650076E-17));
#4067=CARTESIAN_POINT('',(11.4314134759769,2.66328940046926,0.800000000000001));
#4068=CARTESIAN_POINT('',(11.2615968818302,2.493472795117,1.));
#4069=VECTOR('',#4070,1.);
#4070=DIRECTION('',(0.543359955142078,0.543359982032763,-0.639937410278033));
#4071=CARTESIAN_POINT('',(11.4314134752705,2.66328939696145,-0.199999999999999));
#4072=VECTOR('',#4073,1.);
#4073=DIRECTION('',(0.,0.,1.));
#4074=CARTESIAN_POINT('',(6.22139536402796,3.71251522380654,-0.199999999999999));
#4075=CARTESIAN_POINT('',(6.22139536402796,3.71251522380654,-0.199999999999999));
#4076=VECTOR('',#4077,1.);
#4077=DIRECTION('',(0.980318472409803,-0.197422624468704,5.74474658352365E-17));
#4078=CARTESIAN_POINT('',(6.09432321430841,3.53409046789007,8.33222791106535E-16));
#4079=CARTESIAN_POINT('',(6.11560607055169,3.56377745448851,-0.0333044185311466));
#4080=CARTESIAN_POINT('',(6.15806988261531,3.62320503796819,-0.0999456932098239));
#4081=CARTESIAN_POINT('',(6.20032085955907,3.68272728174677,-0.166637746489785));
#4082=CARTESIAN_POINT('',(6.22139536402796,3.71251522380654,-0.199999999999999));
#4083=AXIS2_PLACEMENT_3D('',#4084,#4085,#4086);
#4084=CARTESIAN_POINT('',(1.73191211247096E-17,1.73191211247096E-17,-0.2));
#4085=DIRECTION('',(8.65956056235493E-17,8.65956056235493E-17,-1.));
#4086=DIRECTION('',(0.512431759432888,0.8587279498913,1.18736405435538E-16));
#4087=CARTESIAN_POINT('',(-5.79524755825663,-11.7341730406446,0.799999999999998));
#4088=VECTOR('',#4089,1.);
#4089=DIRECTION('',(0.491197644359554,0.508650050796837,0.707106781186548));
#4090=CARTESIAN_POINT('',(-1.5401373489794,-8.4795226621189,0.799999999999999));
#4091=VECTOR('',#4092,1.);
#4092=DIRECTION('',(-0.0142498301850057,0.816372224543659,0.577350269189628));
#4093=CARTESIAN_POINT('',(-4.66404902161851,-11.7144278967409,0.799999999999998));
#4094=VECTOR('',#4095,1.);
#4095=DIRECTION('',(-0.50865005079684,0.491197644359556,0.707106781186544));
#4096=AXIS2_PLACEMENT_3D('',#4097,#4098,#4099);
#4097=CARTESIAN_POINT('',(-5.23952086188943,-11.1587012003737,0.799999999999999));
#4098=DIRECTION('',(-8.65956056235493E-17,-8.65956056235493E-17,1.));
#4099=DIRECTION('',(-0.694658370458997,-0.719339800338651,-1.22446027950813E-16));
#4100=CARTESIAN_POINT('',(-2.79376554073802,-13.5205396599343,-1.33224452423011));
#4101=CARTESIAN_POINT('',(-2.79376554073802,-13.5205396599343,-9.));
#4102=VECTOR('',#4103,1.);
#4103=DIRECTION('',(-1.15832908666267E-16,-2.31665817332535E-16,1.));
#4104=CARTESIAN_POINT('',(-3.92496407737614,-13.540284803838,-0.922323132159303));
#4105=CARTESIAN_POINT('',(-3.58786047810923,-13.8658219655971,-1.16244952412752));
#4106=CARTESIAN_POINT('',(-3.11930270249713,-13.8576432592012,-1.33224452423011));
#4107=CARTESIAN_POINT('',(-2.79376554073802,-13.5205396599343,-1.33224452423011));
#4108=CARTESIAN_POINT('',(-4.66404902161851,-11.7144278967409,6.27276008913213E-15));
#4109=CARTESIAN_POINT('',(-4.98958618337762,-12.0515314960078,6.27276008913213E-15));
#4110=CARTESIAN_POINT('',(-5.45814395898973,-12.0597102024037,0.169795000102593));
#4111=CARTESIAN_POINT('',(-5.79524755825663,-11.7341730406446,0.409921392070811));
#4112=CARTESIAN_POINT('',(-2.7450371692806,-13.4700799541485,-1.33224452423011));
#4113=CARTESIAN_POINT('',(-2.7450371692806,-13.4700799541485,-1.33224452423011));
#4114=VECTOR('',#4115,1.);
#4115=DIRECTION('',(-0.694658370458991,-0.719339800338657,0.));
#4116=CARTESIAN_POINT('',(-4.61532065016109,-11.6639681909551,5.17999024242584E-15));
#4117=VECTOR('',#4118,1.);
#4118=DIRECTION('',(0.640189937367528,-0.618224236260265,-0.45602153216024));
#4119=CARTESIAN_POINT('',(-2.7450371692806,-13.4700799541485,-8.66762752423011));
#4120=CARTESIAN_POINT('',(-2.7450371692806,-13.4700799541485,-8.66762752423011));
#4121=VECTOR('',#4122,1.);
#4122=DIRECTION('',(1.21081396799612E-16,0.,1.));
#4123=CARTESIAN_POINT('',(-4.61532065016109,-11.6639681909551,-8.66762752423011));
#4124=VECTOR('',#4125,1.);
#4125=DIRECTION('',(0.719339800338652,-0.694658370458997,0.));
#4126=CARTESIAN_POINT('',(1.28398137938158,-9.29790911218432,-8.66762752423011));
#4127=VECTOR('',#4128,1.);
#4128=DIRECTION('',(-0.694658370458997,-0.719339800338651,3.0626842058625E-16));
#4129=CARTESIAN_POINT('',(-11.7144280789601,-4.66404883292498,0.799999999999999));
#4130=VECTOR('',#4131,1.);
#4131=DIRECTION('',(0.491197644359558,-0.508650050796835,0.707106781186546));
#4132=CARTESIAN_POINT('',(-8.47952284763176,-1.54013716346652,0.799999999999999));
#4133=VECTOR('',#4134,1.);
#4134=DIRECTION('',(0.816372224543659,-0.0142498301850057,0.577350269189628));
#4135=AXIS2_PLACEMENT_3D('',#4136,#4137,#4138);
#4136=CARTESIAN_POINT('',(-11.1587013825929,-5.2395206731959,0.799999999999999));
#4137=DIRECTION('',(-8.65956056235494E-17,-8.65956056235494E-17,1.));
#4138=DIRECTION('',(-0.694658370459001,0.719339800338647,2.13730336808314E-18));
#4139=CARTESIAN_POINT('',(-11.7341732228638,-5.7952473695631,0.799999999999999));
#4140=VECTOR('',#4141,1.);
#4141=DIRECTION('',(0.50865005079684,0.491197644359553,0.707106781186546));
#4142=CARTESIAN_POINT('',(-5.83126048479366,4.29941050854974,-0.2));
#4143=VECTOR('',#4144,1.);
#4144=DIRECTION('',(1.00929365875014E-16,2.01858731750028E-16,-1.));
#4145=CARTESIAN_POINT('',(-7.19349769254258,11.0637126663393,-0.2));
#4146=VECTOR('',#4147,1.);
#4147=DIRECTION('',(0.,0.,-1.));
#4148=CARTESIAN_POINT('',(-5.94086435173604,12.9480984214238,0.800000000000001));
#4149=AXIS2_PLACEMENT_3D('',#4150,#4151,#4152);
#4150=CARTESIAN_POINT('',(-5.62498813732184,11.3795888686422,0.800000000000001));
#4151=DIRECTION('',(-8.65956056235494E-17,-8.65956056235494E-17,1.));
#4152=DIRECTION('',(-0.197422634008876,0.980318470488544,6.7795339100112E-17));
#4153=CARTESIAN_POINT('',(-5.94086434416643,12.9480984229482,-1.97636576471497));
#4154=CARTESIAN_POINT('',(-5.94086435173604,12.9480984214238,0.800000000000001));
#4155=VECTOR('',#4156,1.);
#4156=DIRECTION('',(0.,0.,-1.));
#4157=CARTESIAN_POINT('',(-5.94086434568035,12.9480984226434,-1.97636576467969));
#4158=VECTOR('',#4159,1.);
#4159=DIRECTION('',(0.,0.,-1.));
#4160=CARTESIAN_POINT('',(-5.94086433962467,12.9480984238629,-1.97636576472673));
#4161=VECTOR('',#4162,1.);
#4162=DIRECTION('',(0.139598877914864,-0.693189839282797,-0.707106781186548));
#4163=CARTESIAN_POINT('',(-5.62498813732184,11.3795888686421,-2.77636572689465));
#4164=CARTESIAN_POINT('',(-5.78292624594216,12.16384368334,-2.77636572689465));
#4165=VECTOR('',#4166,1.);
#4166=DIRECTION('',(0.197422626439268,-0.980318472012958,0.));
#4167=CARTESIAN_POINT('',(-5.62498813732184,11.3795888686421,-1.4));
#4168=CARTESIAN_POINT('',(-5.62498813732184,11.3795888686421,-1.4));
#4169=VECTOR('',#4170,1.);
#4170=DIRECTION('',(0.,0.,-1.));
#4171=CARTESIAN_POINT('',(-4.47993690397409,5.69374173096699,-1.4));
#4172=CARTESIAN_POINT('',(-4.47993690397409,5.69374173096699,-1.4));
#4173=VECTOR('',#4174,1.);
#4174=DIRECTION('',(-0.197422626439267,0.980318472012958,1.53134210293125E-16));
#4175=CARTESIAN_POINT('',(-4.47993690397409,5.69374173096699,-1.4));
#4176=VECTOR('',#4177,1.);
#4177=DIRECTION('',(1.1686558153949E-16,1.1686558153949E-16,-1.));
#4178=CARTESIAN_POINT('',(1.9268196717162,6.98397423877248,-1.4));
#4179=CARTESIAN_POINT('',(1.9268196717162,6.98397423877248,-1.4));
#4180=VECTOR('',#4181,1.);
#4181=DIRECTION('',(-0.980318470488543,-0.197422634008877,-2.03854563452228E-16));
#4182=CARTESIAN_POINT('',(1.9268196717162,6.98397423877248,-1.4));
#4183=VECTOR('',#4184,1.);
#4184=DIRECTION('',(1.1686558153949E-16,1.1686558153949E-16,-1.));
#4185=CARTESIAN_POINT('',(6.22139536402796,3.71251522380654,-0.199999999999999));
#4186=VECTOR('',#4187,1.);
#4187=DIRECTION('',(1.00929365875014E-16,1.00929365875014E-16,-1.));
#4188=CARTESIAN_POINT('',(3.71251521130074,6.22139537149059,-0.199999999999999));
#4189=VECTOR('',#4190,1.);
#4190=DIRECTION('',(1.00929365875014E-16,0.,-1.));
#4191=CARTESIAN_POINT('',(12.9856975895349,2.35027801656882,-3.04822491016585));
#4192=CARTESIAN_POINT('',(6.22139536402796,3.71251522380654,-9.));
#4193=CARTESIAN_POINT('',(6.28392792279883,3.69992202862075,-8.95275348077389));
#4194=CARTESIAN_POINT('',(6.40891572372194,3.67475120875019,-8.85756116961463));
#4195=CARTESIAN_POINT('',(6.59569233226422,3.63713697492153,-8.7131719361995));
#4196=CARTESIAN_POINT('',(6.78240308196636,3.59953600415525,-8.56682440410094));
#4197=CARTESIAN_POINT('',(6.96902616004653,3.5619526892449,-8.41864884970076));
#4198=CARTESIAN_POINT('',(7.15604585704339,3.524289500753,-8.26836327833589));
#4199=CARTESIAN_POINT('',(7.34348960514866,3.48654091421435,-8.11603348284601));
#4200=CARTESIAN_POINT('',(7.53179242865177,3.44861932173484,-7.96138236020714));
#4201=CARTESIAN_POINT('',(7.72057348380516,3.41060141999446,-7.80479420386619));
#4202=CARTESIAN_POINT('',(7.91043794479696,3.37236533525539,-7.64583547882753));
#4203=CARTESIAN_POINT('',(8.10158585155755,3.33387078223364,-7.48439262526312));
#4204=CARTESIAN_POINT('',(8.29518394462173,3.29488279547162,-7.31951627790186));
#4205=CARTESIAN_POINT('',(8.49084412489345,3.25547953277647,-7.15156268469545));
#4206=CARTESIAN_POINT('',(8.72830233070039,3.20765872401745,-6.94619652366201));
#4207=CARTESIAN_POINT('',(9.06508741286913,3.13983485180149,-6.65223312119596));
#4208=CARTESIAN_POINT('',(9.56109200120701,3.03994636623874,-6.21358274196013));
#4209=CARTESIAN_POINT('',(10.1825519968847,2.91479289132008,-5.65499274749255));
#4210=CARTESIAN_POINT('',(10.8167577945822,2.78707258760394,-5.07594879026614));
#4211=CARTESIAN_POINT('',(11.3483142970091,2.68002443670599,-4.58494169810349));
#4212=CARTESIAN_POINT('',(11.7286033528354,2.60343946399462,-4.23103971549347));
#4213=CARTESIAN_POINT('',(12.0115923200276,2.54644938763559,-3.96647748715185));
#4214=CARTESIAN_POINT('',(12.2536525324114,2.49770179820091,-3.73940111713063));
#4215=CARTESIAN_POINT('',(12.4968089461587,2.44873344892519,-3.51055284128959));
#4216=CARTESIAN_POINT('',(12.7410886566066,2.39953888318112,-3.27993638451835));
#4217=CARTESIAN_POINT('',(12.904075657678,2.36671554830433,-3.12561425856273));
#4218=CARTESIAN_POINT('',(12.9856975823262,2.35027801802028,-3.04822492383621));
#4219=CARTESIAN_POINT('',(14.2383309306891,0.465892231203052,-1.99894567624453));
#4220=CARTESIAN_POINT('',(12.985697596728,2.35027801512024,-3.04822491016585));
#4221=CARTESIAN_POINT('',(13.014526698648,2.34447205493069,-3.02089018116197));
#4222=CARTESIAN_POINT('',(13.0766173373617,2.33018684151668,-2.96230848827551));
#4223=CARTESIAN_POINT('',(13.1761111681908,2.30091558611251,-2.86942650791263));
#4224=CARTESIAN_POINT('',(13.290939305986,2.25826659331599,-2.7635319858723));
#4225=CARTESIAN_POINT('',(13.4186004714056,2.19847815819493,-2.6474943607997));
#4226=CARTESIAN_POINT('',(13.555488691489,2.11771471145394,-2.5251352289208));
#4227=CARTESIAN_POINT('',(13.6916969665995,2.01706190055339,-2.4056231622296));
#4228=CARTESIAN_POINT('',(13.81918932085,1.89936262569076,-2.29602498831802));
#4229=CARTESIAN_POINT('',(13.9313857312218,1.7706110203813,-2.20169007053189));
#4230=CARTESIAN_POINT('',(14.0247499330368,1.63763583045076,-2.12510040270653));
#4231=CARTESIAN_POINT('',(14.1008542539951,1.50262026645523,-2.06443856627603));
#4232=CARTESIAN_POINT('',(14.1611326018497,1.36751116086342,-2.01811982093418));
#4233=CARTESIAN_POINT('',(14.2080630728907,1.22977139148576,-1.98394459009927));
#4234=CARTESIAN_POINT('',(14.2414767656296,1.0923312002838,-1.9618166230657));
#4235=CARTESIAN_POINT('',(14.2592941620173,0.975103712762174,-1.95243382344391));
#4236=CARTESIAN_POINT('',(14.266751750409,0.887524714915885,-1.95061351261581));
#4237=CARTESIAN_POINT('',(14.2693535855688,0.829818531432177,-1.95146336893912));
#4238=CARTESIAN_POINT('',(14.2701098639348,0.776698973870964,-1.95369843645017));
#4239=CARTESIAN_POINT('',(14.2688445759952,0.710128991858159,-1.95846212807168));
#4240=CARTESIAN_POINT('',(14.263566632447,0.631677695260023,-1.96743737625996));
#4241=CARTESIAN_POINT('',(14.2531338159727,0.54646590945543,-1.98136703052479));
#4242=CARTESIAN_POINT('',(14.243741477176,0.492739182410956,-1.99266065133797));
#4243=CARTESIAN_POINT('',(14.2383309371711,0.46589226338969,-1.99894566871343));
#4244=CARTESIAN_POINT('',(13.4540761404212,0.623830366755145,-2.77636572689465));
#4245=CARTESIAN_POINT('',(13.4540761404354,0.623830366752067,-2.77636572687224));
#4246=CARTESIAN_POINT('',(13.5207965966618,0.61039378675835,-2.71033916918612));
#4247=CARTESIAN_POINT('',(13.6746923866495,0.579401296451397,-2.55797407986462));
#4248=CARTESIAN_POINT('',(13.9361341052485,0.526750538882219,-2.29887006802268));
#4249=CARTESIAN_POINT('',(14.1307950971991,0.487548498938638,-2.10571556991903));
#4250=CARTESIAN_POINT('',(14.2383309371719,0.465892263389071,-1.99894566871442));
#4251=CARTESIAN_POINT('',(6.98397418542903,1.92681969571751,-9.));
#4252=CARTESIAN_POINT('',(7.08124034517067,1.90723163217629,-8.91144174089387));
#4253=CARTESIAN_POINT('',(7.30879274914081,1.86140571533366,-8.70330902512431));
#4254=CARTESIAN_POINT('',(7.69959395883927,1.78270373976591,-8.34235657917373));
#4255=CARTESIAN_POINT('',(8.20193055054664,1.68154007602535,-7.87336810731526));
#4256=CARTESIAN_POINT('',(8.80544157917502,1.56000127560396,-7.30346620219095));
#4257=CARTESIAN_POINT('',(9.5197810760108,1.41614314970302,-6.62156814242999));
#4258=CARTESIAN_POINT('',(10.2816651999376,1.26271019141457,-5.88702803065757));
#4259=CARTESIAN_POINT('',(11.0401093740787,1.10996999158562,-5.14983790142129));
#4260=CARTESIAN_POINT('',(11.7083566487755,0.975394203739492,-4.4964136996509));
#4261=CARTESIAN_POINT('',(12.3095400978505,0.854324145749307,-3.90605419098803));
#4262=CARTESIAN_POINT('',(12.8769582796595,0.740053947057043,-3.34697690817092));
#4263=CARTESIAN_POINT('',(13.2600088254337,0.662912848343481,-2.96841093274775));
#4264=CARTESIAN_POINT('',(13.4540761404354,0.623830366752541,-2.7763657268722));
#4265=CARTESIAN_POINT('',(0.781768438368454,12.6698213764476,-1.4));
#4266=CARTESIAN_POINT('',(0.781768438368454,12.6698213764476,-1.4));
#4267=VECTOR('',#4268,1.);
#4268=DIRECTION('',(0.197422626439267,-0.980318472012959,-1.53134210293125E-16));
#4269=CARTESIAN_POINT('',(0.781768438368454,12.6698213764476,-2.77636572689465));
#4270=CARTESIAN_POINT('',(0.781768438368454,12.6698213764476,-1.4));
#4271=VECTOR('',#4272,1.);
#4272=DIRECTION('',(1.61326746653309E-16,0.,-1.));
#4273=CARTESIAN_POINT('',(0.623830339710768,13.4540761416752,-2.77636572689465));
#4274=VECTOR('',#4275,1.);
#4275=DIRECTION('',(0.197422626439268,-0.980318472012958,0.));
#4276=CARTESIAN_POINT('',(0.465892228496014,14.238330930144,-1.97636571427499));
#4277=CARTESIAN_POINT('',(0.465892236065625,14.2383309316684,-1.97636571426323));
#4278=VECTOR('',#4279,1.);
#4279=DIRECTION('',(0.139598877914864,-0.693189839282799,-0.707106781186546));
#4280=CARTESIAN_POINT('',(0.465892230009934,14.2383309304488,-1.97636571431027));
#4281=VECTOR('',#4282,1.);
#4282=DIRECTION('',(0.,0.,-1.));
#4283=CARTESIAN_POINT('',(2.35027799358918,12.9856975787505,0.800000000000001));
#4284=CARTESIAN_POINT('',(0.465892223954246,14.2383309292293,0.800000000000001));
#4285=AXIS2_PLACEMENT_3D('',#4286,#4287,#4288);
#4286=CARTESIAN_POINT('',(0.781768438368448,12.6698213764476,0.800000000000001));
#4287=DIRECTION('',(-8.65956056235493E-17,-8.65956056235493E-17,1.));
#4288=DIRECTION('',(0.980318472012959,0.197422626439267,1.01987203688215E-16));
#4289=CARTESIAN_POINT('',(2.35027799358918,12.9856975787505,0.800000000000001));
#4290=VECTOR('',#4291,1.);
#4291=DIRECTION('',(1.15401053142564E-16,0.,-1.));
#4292=CARTESIAN_POINT('',(0.465892223954245,14.2383309292293,0.800000000000001));
#4293=VECTOR('',#4294,1.);
#4294=DIRECTION('',(-1.59953426729271E-16,0.,-1.));
#4295=CARTESIAN_POINT('',(2.66328938643801,11.4314134731512,0.800000000000001));
#4296=VECTOR('',#4297,1.);
#4297=DIRECTION('',(-0.197422626439267,0.980318472012959,1.40048030494979E-16));
#4298=CARTESIAN_POINT('',(6.98397418542903,1.9268196957175,-1.4));
#4299=CARTESIAN_POINT('',(6.98397418542903,1.9268196957175,-1.4));
#4300=VECTOR('',#4301,1.);
#4301=DIRECTION('',(2.3373116307898E-16,1.1686558153949E-16,-1.));
#4302=CARTESIAN_POINT('',(5.69374178944253,-4.47993690249159,-1.4));
#4303=CARTESIAN_POINT('',(5.69374178944253,-4.47993690249159,-1.4));
#4304=VECTOR('',#4305,1.);
#4305=DIRECTION('',(0.197422616899094,0.980318473934218,2.03854563452228E-16));
#4306=CARTESIAN_POINT('',(5.69374178944253,-4.47993690249159,-1.4));
#4307=VECTOR('',#4308,1.);
#4308=DIRECTION('',(2.3373116307898E-16,1.1686558153949E-16,-1.));
#4309=CARTESIAN_POINT('',(0.303101605643082,-7.23855365243641,-0.237685556767532));
#4310=VECTOR('',#4311,1.);
#4311=DIRECTION('',(6.33521560894583E-18,0.,-1.));
#4312=CARTESIAN_POINT('',(4.29941052027132,-5.8312604761513,-0.2));
#4313=VECTOR('',#4314,1.);
#4314=DIRECTION('',(0.,1.00929365875014E-16,-1.));
#4315=CARTESIAN_POINT('',(11.3795889294194,-5.62498812441007,-1.4));
#4316=CARTESIAN_POINT('',(11.3795889294194,-5.62498812441007,-1.4));
#4317=VECTOR('',#4318,1.);
#4318=DIRECTION('',(-0.980318472409803,0.197422624468704,-1.53134210293125E-16));
#4319=CARTESIAN_POINT('',(11.3795889294194,-5.62498812441007,-2.77636572689465));
#4320=CARTESIAN_POINT('',(11.3795889294194,-5.62498812441007,-1.4));
#4321=VECTOR('',#4322,1.);
#4322=DIRECTION('',(0.,0.,-1.));
#4323=CARTESIAN_POINT('',(12.1638436949644,-5.78292622149131,-2.77636572689465));
#4324=VECTOR('',#4325,1.);
#4325=DIRECTION('',(-0.980318472409803,0.197422624468706,0.));
#4326=CARTESIAN_POINT('',(12.9480984275178,-5.9408643214758,-1.97636577128345));
#4327=CARTESIAN_POINT('',(12.9480984293656,-5.9408643123006,-1.97636577129521));
#4328=VECTOR('',#4329,1.);
#4329=DIRECTION('',(-0.693189839563408,0.139598876521467,-0.707106781186548));
#4330=CARTESIAN_POINT('',(12.9480984278286,-5.94086431993273,-1.97636577124816));
#4331=VECTOR('',#4332,1.);
#4332=DIRECTION('',(0.,0.,-1.));
#4333=CARTESIAN_POINT('',(12.9480984209883,-5.94086435389869,0.800000000000001));
#4334=AXIS2_PLACEMENT_3D('',#4335,#4336,#4337);
#4335=CARTESIAN_POINT('',(11.3795888735099,-5.62498811315067,0.800000000000001));
#4336=DIRECTION('',(-8.65956056235493E-17,-8.65956056235493E-17,1.));
#4337=DIRECTION('',(0.460010347544874,-0.887913554436266,-3.70545373490191E-17));
#4338=CARTESIAN_POINT('',(11.06371267436,-7.19349766900635,-0.2));
#4339=VECTOR('',#4340,1.);
#4340=DIRECTION('',(0.,3.11835765657654E-16,-1.));
#4341=CARTESIAN_POINT('',(12.9480984224126,-5.94086434682598,0.800000000000001));
#4342=VECTOR('',#4343,1.);
#4343=DIRECTION('',(3.95807945379446E-10,1.96541937298417E-9,-1.));
#4344=CARTESIAN_POINT('',(1.26423623547786,-8.1667105755462,-9.));
#4345=VECTOR('',#4346,1.);
#4346=DIRECTION('',(1.09954685515608E-16,0.,1.));
#4347=CARTESIAN_POINT('',(1.28398137938158,-9.29790911218432,-9.));
#4348=VECTOR('',#4349,1.);
#4349=DIRECTION('',(0.,0.,1.));
#4350=CARTESIAN_POINT('',(2.15421429918659,12.9462130534626,1.));
#4351=CARTESIAN_POINT('',(2.35027799358918,12.9856975787505,0.800000000000001));
#4352=VECTOR('',#4353,1.);
#4353=DIRECTION('',(-0.693189839282796,-0.139598877914866,0.707106781186549));
#4354=CARTESIAN_POINT('',(2.49347277711459,11.2615968638278,1.));
#4355=VECTOR('',#4356,1.);
#4356=DIRECTION('',(-0.197422626439268,0.980318472012958,2.58426137844504E-16));
#4357=CARTESIAN_POINT('',(0.505376750756022,14.0422672351316,1.));
#4358=AXIS2_PLACEMENT_3D('',#4359,#4360,#4361);
#4359=CARTESIAN_POINT('',(0.781768438368449,12.6698213764476,1.));
#4360=DIRECTION('',(-8.65956056235493E-17,-8.65956056235493E-17,1.));
#4361=DIRECTION('',(0.980318472012959,0.197422626439266,1.01987203688215E-16));
#4362=CARTESIAN_POINT('',(-5.90137982493427,12.7520347273261,1.));
#4363=CARTESIAN_POINT('',(0.505376750756022,14.0422672351316,1.));
#4364=VECTOR('',#4365,1.);
#4365=DIRECTION('',(-0.980318470488543,-0.197422634008879,-1.01927281726114E-16));
#4366=AXIS2_PLACEMENT_3D('',#4367,#4368,#4369);
#4367=CARTESIAN_POINT('',(-5.62498813732184,11.3795888686422,1.));
#4368=DIRECTION('',(-8.65956056235493E-17,-8.65956056235493E-17,1.));
#4369=DIRECTION('',(-0.197422634008876,0.980318470488543,6.7795339100112E-17));
#4370=CARTESIAN_POINT('',(-5.62498813732184,11.3795888686421,-1.4));
#4371=VECTOR('',#4372,1.);
#4372=DIRECTION('',(0.980318470488543,0.197422634008878,2.03854563452228E-16));
#4373=CARTESIAN_POINT('',(-5.94086435173604,12.9480984214238,0.800000000000001));
#4374=VECTOR('',#4375,1.);
#4375=DIRECTION('',(0.139598883267387,-0.693189838204873,0.707106781186548));
#4376=CARTESIAN_POINT('',(12.75203472613,-5.90137983087351,1.));
#4377=CARTESIAN_POINT('',(12.9480984195639,-5.9408643609714,0.800000000000001));
#4378=VECTOR('',#4379,1.);
#4379=DIRECTION('',(-0.693189836285773,0.139598892796825,0.70710678118655));
#4380=AXIS2_PLACEMENT_3D('',#4381,#4382,#4383);
#4381=CARTESIAN_POINT('',(11.3795888735099,-5.62498811315067,1.));
#4382=DIRECTION('',(-8.65956056235493E-17,-8.65956056235493E-17,1.));
#4383=DIRECTION('',(0.418968518067737,-0.908000760389618,-4.23480431933056E-17));
#4384=CARTESIAN_POINT('',(14.0422672354949,0.505376752560222,1.));
#4385=CARTESIAN_POINT('',(12.7520347274235,-5.90137982445084,1.));
#4386=VECTOR('',#4387,1.);
#4387=DIRECTION('',(0.197422634008877,0.980318470488544,6.79515211507428E-17));
#4388=CARTESIAN_POINT('',(12.9462130703708,2.15421432093299,1.));
#4389=AXIS2_PLACEMENT_3D('',#4390,#4391,#4392);
#4390=CARTESIAN_POINT('',(12.6698213813154,0.781768462539628,1.));
#4391=DIRECTION('',(-8.65956056235493E-17,-8.65956056235493E-17,1.));
#4392=DIRECTION('',(0.980318467446205,-0.197422649115863,6.77953375284601E-17));
#4393=CARTESIAN_POINT('',(12.9462130586614,2.1542143232911,1.));
#4394=VECTOR('',#4395,1.);
#4395=DIRECTION('',(-0.980318472409803,0.197422624468703,-1.29213069956619E-16));
#4396=CARTESIAN_POINT('',(12.6698213254059,0.781768473799021,-1.4));
#4397=CARTESIAN_POINT('',(6.98397418542903,1.9268196957175,-1.4));
#4398=VECTOR('',#4399,1.);
#4399=DIRECTION('',(0.980318472409803,-0.197422624468704,1.53134210293125E-16));
#4400=CARTESIAN_POINT('',(12.6698213254059,0.781768473799021,-1.4));
#4401=VECTOR('',#4402,1.);
#4402=DIRECTION('',(-0.197422616899093,-0.980318473934218,-2.03854563452228E-16));
#4403=CARTESIAN_POINT('',(12.9856975962637,2.35027801521373,0.800000000000001));
#4404=CARTESIAN_POINT('',(12.9856975835552,2.35027801777306,0.800000000000001));
#4405=VECTOR('',#4406,1.);
#4406=DIRECTION('',(-0.980318472409803,0.197422624468704,-7.00240152503306E-17));
#4407=CARTESIAN_POINT('',(12.9856975971284,2.35027801503959,0.800000000000001));
#4408=VECTOR('',#4409,1.);
#4409=DIRECTION('',(-0.139598883202824,-0.693189838217881,0.707106781186542));
#4410=CARTESIAN_POINT('',(12.985697595399,2.35027801538787,0.800000000000001));
#4411=VECTOR('',#4412,1.);
#4412=DIRECTION('',(-1.52384968148931E-9,3.06882329507258E-10,-1.));
#4413=CARTESIAN_POINT('',(0.465892223954247,14.2383309292293,0.800000000000001));
#4414=VECTOR('',#4415,1.);
#4415=DIRECTION('',(-0.980318470488543,-0.197422634008878,-1.01927281726114E-16));
#4416=CARTESIAN_POINT('',(-5.94086433962467,12.9480984238629,-1.97636576472673));
#4417=VECTOR('',#4418,1.);
#4418=DIRECTION('',(0.980318470488543,0.197422634008878,7.72158387080843E-9));
#4419=CARTESIAN_POINT('',(-5.78292624594216,12.16384368334,-2.77636572689465));
#4420=VECTOR('',#4421,1.);
#4421=DIRECTION('',(0.980318472012958,0.197422626439267,1.35903042301485E-16));
#4422=CARTESIAN_POINT('',(-5.62498813732184,11.3795888686421,-2.77636572689465));
#4423=VECTOR('',#4424,1.);
#4424=DIRECTION('',(0.980318470488543,0.197422634008878,2.03854563452228E-16));
#4425=CARTESIAN_POINT('',(14.2383309293113,0.465892224361205,0.800000000000001));
#4426=AXIS2_PLACEMENT_3D('',#4427,#4428,#4429);
#4427=CARTESIAN_POINT('',(12.6698213813154,0.781768462539627,0.800000000000001));
#4428=DIRECTION('',(-8.65956056235493E-17,-8.65956056235493E-17,1.));
#4429=DIRECTION('',(0.980318467507051,-0.197422648813723,6.77953375598933E-17));
#4430=CARTESIAN_POINT('',(14.2383309329346,0.465892242353296,-1.97636570768301));
#4431=CARTESIAN_POINT('',(14.2383309293267,0.46589222443767,0.800000000000001));
#4432=VECTOR('',#4433,1.);
#4433=DIRECTION('',(4.86774748070099E-10,2.41711777910547E-9,-1.));
#4434=CARTESIAN_POINT('',(14.2383309332002,0.465892243671971,-1.97636570764773));
#4435=VECTOR('',#4436,1.);
#4436=DIRECTION('',(0.,0.,-1.));
#4437=CARTESIAN_POINT('',(14.2383309371711,0.465892263389692,-1.97636570769477));
#4438=VECTOR('',#4439,1.);
#4439=DIRECTION('',(-0.693189839563409,0.139598876521466,-0.707106781186547));
#4440=CARTESIAN_POINT('',(12.6698213254059,0.781768473799021,-2.77636572689465));
#4441=CARTESIAN_POINT('',(13.4540761404212,0.623830366755147,-2.77636572689465));
#4442=VECTOR('',#4443,1.);
#4443=DIRECTION('',(-0.980318472409803,0.197422624468705,5.55111486061293E-16));
#4444=CARTESIAN_POINT('',(12.6698213254059,0.781768473799021,-1.4));
#4445=VECTOR('',#4446,1.);
#4446=DIRECTION('',(0.,2.41990119979963E-16,-1.));
#4447=CARTESIAN_POINT('',(0.465892223954246,14.2383309292293,0.800000000000001));
#4448=VECTOR('',#4449,1.);
#4449=DIRECTION('',(0.139598883267388,-0.693189838204873,0.707106781186548));
#4450=CARTESIAN_POINT('',(12.6698213254059,0.78176847379902,-2.77636572689465));
#4451=VECTOR('',#4452,1.);
#4452=DIRECTION('',(-0.197422616899093,-0.980318473934218,-1.35903042301486E-16));
#4453=CARTESIAN_POINT('',(13.4540761404212,0.623830366755145,-2.77636572689465));
#4454=VECTOR('',#4455,1.);
#4455=DIRECTION('',(-0.197422624468704,-0.980318472409803,-2.03854563452228E-16));
#4456=CARTESIAN_POINT('',(14.2383309306891,0.46589223120305,-1.97636570769477));
#4457=VECTOR('',#4458,1.);
#4458=DIRECTION('',(-0.197422634008877,-0.980318470488543,-9.73170769470311E-9));
#4459=CARTESIAN_POINT('',(12.9480984215212,-5.94086435125262,0.800000000000001));
#4460=VECTOR('',#4461,1.);
#4461=DIRECTION('',(0.197422634008877,0.980318470488544,6.79515211507428E-17));
#4462=CARTESIAN_POINT('',(14.2383309292959,0.46589222428474,0.800000000000001));
#4463=VECTOR('',#4464,1.);
#4464=DIRECTION('',(-0.693189837137151,0.139598888569276,0.707106781186543));
ENDSEC;
END-ISO-10303-21;
